quotation_id,rep_id,customer_tier,n_lines_raw,blended_overage_pct,worst_line_overage_pct,n_lines,n_flagged_lines,flagged_value_share,log_total_value,thin_margin_value_share,tier_ordinal,avg_discount_pct,max_discount_pct,seniority,is_quarter_end,discount_vs_rep_baseline,latent_risk,risk_label
Q-00001,REP-03,Bronze,1,1.43,1.43,1.0,1.0,1.0,3.931826,0.0,0.0,6.43,6.43,2.0,0.0,2.151164,0.1583,0
Q-00002,REP-08,Silver,2,0.0,0.0,2.0,0.0,0.0,10.282643,0.975359,1.0,8.929405,9.06,0.0,0.0,-0.758992,0.5599,0
Q-00003,REP-05,Gold,5,0.0,0.0,5.0,0.0,0.0,10.950824,0.331579,2.0,7.886821,12.89,2.0,0.0,4.074043,0.0,0
Q-00004,REP-01,Bronze,2,3.187571,3.72,2.0,1.0,0.856874,10.369138,0.0,0.0,7.585009,8.72,0.0,1.0,2.009162,2.4635,2
Q-00005,REP-08,Bronze,4,2.97262,6.29,4.0,4.0,1.0,11.005776,0.988044,0.0,7.97262,11.29,0.0,1.0,-1.715776,4.653,2
Q-00006,REP-08,Silver,5,3.822652,6.41,5.0,2.0,0.6814,12.000898,0.764273,1.0,12.628048,16.41,0.0,0.0,2.939652,5.474,2
Q-00007,REP-04,Bronze,3,1.991228,4.54,3.0,1.0,0.438596,10.44001,0.719298,0.0,5.655088,9.54,0.0,0.0,-0.138908,2.8526,2
Q-00008,REP-02,Silver,6,0.0,0.0,6.0,0.0,0.0,12.023657,0.754275,1.0,5.004905,7.3,0.0,0.0,-1.185074,1.5836,1
Q-00009,REP-04,Silver,4,0.306799,1.59,4.0,2.0,0.211221,12.110668,0.026403,1.0,7.676436,11.59,0.0,1.0,1.88244,2.0687,2
Q-00010,REP-02,Silver,3,0.0,0.0,3.0,0.0,0.0,10.332051,0.726384,1.0,5.733974,7.31,0.0,0.0,-0.456006,0.4353,0
Q-00011,REP-03,Bronze,5,0.258658,3.13,5.0,2.0,0.416107,11.400887,0.322148,0.0,3.178523,8.13,2.0,1.0,-1.100313,1.2957,1
Q-00012,REP-08,Bronze,4,6.312029,7.09,4.0,4.0,1.0,10.63106,0.26087,0.0,11.312029,12.09,0.0,0.0,1.623633,4.4813,2
Q-00013,REP-03,Bronze,5,0.744402,2.23,5.0,2.0,0.354918,11.711785,0.406557,0.0,3.245262,7.23,2.0,0.0,-1.033574,1.5109,1
Q-00014,REP-05,Silver,6,0.026607,0.7,6.0,1.0,0.03801,12.269522,0.648053,1.0,2.510136,10.7,2.0,0.0,-1.302642,1.4116,1
Q-00015,REP-03,Bronze,4,0.860187,7.85,4.0,1.0,0.109578,11.210752,0.150162,0.0,4.87487,12.85,2.0,0.0,0.596034,1.6846,1
Q-00016,REP-07,Silver,6,0.251968,2.99,6.0,3.0,0.201541,10.952752,0.644371,1.0,8.20245,12.99,1.0,1.0,-0.943593,1.2862,1
Q-00017,REP-06,Gold,4,0.0,0.0,4.0,0.0,0.0,12.186997,0.493324,2.0,6.945215,9.06,2.0,0.0,0.823753,0.8665,1
Q-00018,REP-01,Silver,2,0.0,0.0,2.0,0.0,0.0,10.555839,0.015625,1.0,3.996875,6.95,0.0,0.0,-1.578972,0.1086,0
Q-00019,REP-03,Silver,1,0.0,0.0,1.0,0.0,0.0,10.778977,1.0,1.0,8.43,8.43,2.0,0.0,4.151164,0.13,0
Q-00020,REP-02,Silver,2,3.252096,3.26,2.0,1.0,0.997575,11.186863,0.997575,1.0,13.231874,13.26,0.0,0.0,7.041894,4.0205,2
Q-00021,REP-06,Silver,5,0.0,0.0,5.0,0.0,0.0,11.62827,0.602361,1.0,4.870929,9.38,2.0,0.0,-1.250533,0.4465,0
Q-00022,REP-05,Bronze,3,0.0,0.0,3.0,0.0,0.0,9.021719,0.217391,0.0,2.397826,3.49,2.0,0.0,-1.414952,0.0,0
Q-00023,REP-04,Silver,2,0.0,0.0,2.0,0.0,0.0,9.200391,0.636364,1.0,7.886364,8.93,0.0,1.0,2.092368,0.6625,0
Q-00024,REP-07,Silver,4,0.395493,0.78,4.0,1.0,0.507042,11.03692,0.038632,1.0,9.304994,10.78,1.0,1.0,0.158951,0.7209,0
Q-00025,REP-08,Silver,3,0.049444,0.89,3.0,1.0,0.055556,10.791399,0.703704,1.0,5.785741,10.89,0.0,0.0,-3.902655,0.7115,1
Q-00026,REP-05,Silver,2,0.0,0.0,2.0,0.0,0.0,8.92079,0.921844,1.0,0.82489,2.18,2.0,0.0,-2.987888,0.0,0
Q-00027,REP-06,Silver,2,0.0,0.0,2.0,0.0,0.0,8.728426,0.923077,1.0,4.470769,6.76,2.0,0.0,-1.650692,0.0,0
Q-00028,REP-07,Silver,2,0.0,0.0,2.0,0.0,0.0,7.972811,0.931034,1.0,5.917931,6.1,1.0,0.0,-3.228112,0.0162,0
Q-00029,REP-06,Silver,4,0.0,0.0,4.0,0.0,0.0,11.34983,0.634491,1.0,4.950135,7.93,2.0,0.0,-1.171326,0.2369,0
Q-00030,REP-07,Bronze,3,4.101111,4.69,3.0,3.0,1.0,10.098273,0.148148,0.0,9.101111,9.69,1.0,0.0,-0.044932,2.5142,2
Q-00031,REP-04,Gold,2,0.0,0.0,2.0,0.0,0.0,9.980495,0.25,2.0,9.325,9.85,0.0,0.0,3.531004,0.0,0
Q-00032,REP-02,Gold,2,0.0,0.0,2.0,0.0,0.0,11.091346,0.579268,2.0,3.808537,3.96,0.0,1.0,-2.381443,0.8753,0
Q-00033,REP-04,Bronze,3,0.981368,2.97,3.0,2.0,0.455412,11.386693,0.544588,0.0,4.451076,7.97,0.0,0.0,-1.34292,1.7729,1
Q-00034,REP-07,Gold,6,0.0,0.0,6.0,0.0,0.0,11.30129,0.643806,2.0,7.270417,11.74,1.0,1.0,-1.875626,0.7385,0
Q-00035,REP-06,Bronze,4,2.238465,4.13,4.0,3.0,0.971705,9.962039,0.782834,0.0,7.225449,9.13,2.0,1.0,1.103988,2.5521,2
Q-00036,REP-02,Bronze,2,1.347368,2.56,2.0,1.0,0.526316,10.727685,1.0,0.0,4.822105,7.56,0.0,0.0,-1.367875,2.3434,2
Q-00037,REP-05,Bronze,2,0.0,0.0,2.0,0.0,0.0,11.759793,1.0,0.0,1.23625,2.07,2.0,0.0,-2.576528,1.0167,1
Q-00038,REP-05,Gold,2,0.0,0.0,2.0,0.0,0.0,9.010791,0.0,2.0,5.103956,5.16,2.0,0.0,1.291178,0.0,0
Q-00039,REP-08,Bronze,2,9.988571,12.6,2.0,2.0,1.0,9.036106,0.571429,0.0,14.988571,17.6,0.0,1.0,5.300175,8.3427,2
Q-00040,REP-02,Silver,2,0.0,0.0,2.0,0.0,0.0,10.835671,1.0,1.0,4.971102,5.02,0.0,0.0,-1.218878,0.7533,0
Q-00041,REP-07,Silver,5,0.082313,0.65,5.0,1.0,0.126636,11.459113,0.717602,1.0,9.185015,10.65,1.0,0.0,0.038972,0.805,0
Q-00042,REP-05,Silver,3,0.0,0.0,3.0,0.0,0.0,10.818598,0.378454,1.0,0.560112,1.48,2.0,0.0,-3.252666,0.0,0
Q-00043,REP-03,Bronze,2,2.799231,3.83,2.0,2.0,1.0,11.264477,1.0,0.0,7.799231,8.83,2.0,1.0,3.520395,3.8227,2
Q-00044,REP-08,Silver,5,4.17578,4.72,5.0,3.0,0.902577,11.392857,0.902069,1.0,13.576301,14.72,0.0,0.0,3.887905,5.0418,2
Q-00045,REP-07,Silver,1,0.0,0.0,1.0,0.0,0.0,6.447306,0.0,1.0,9.62,9.62,1.0,0.0,0.473957,0.0,0
Q-00046,REP-08,Bronze,4,1.09741,4.47,4.0,4.0,1.0,11.229249,0.258964,0.0,6.09741,9.47,0.0,0.0,-3.590986,1.8541,1
Q-00047,REP-01,Bronze,5,5.31525,11.05,5.0,3.0,0.645873,11.554077,0.047025,0.0,8.845192,16.05,0.0,0.0,3.269345,4.3573,2
Q-00048,REP-05,Silver,3,0.0,0.0,3.0,0.0,0.0,10.929547,0.241935,1.0,1.406935,1.99,2.0,0.0,-2.405842,0.0,0
Q-00049,REP-05,Gold,2,0.0,0.0,2.0,0.0,0.0,10.471667,1.0,2.0,6.345609,6.67,2.0,0.0,2.532831,0.0,0
Q-00050,REP-07,Silver,2,0.0,0.0,2.0,0.0,0.0,11.626263,0.071429,1.0,7.706429,7.76,1.0,0.0,-1.439614,0.4526,0
Q-00051,REP-07,Gold,4,0.0,0.0,4.0,0.0,0.0,10.470249,0.042553,2.0,6.724851,8.19,1.0,0.0,-2.421192,0.0,0
Q-00052,REP-02,Silver,2,0.0,0.0,2.0,0.0,0.0,11.188247,0.996195,1.0,2.590412,2.6,0.0,0.0,-3.599568,0.9302,0
Q-00053,REP-08,Gold,1,0.0,0.0,1.0,0.0,0.0,9.105091,1.0,2.0,5.39,5.39,0.0,1.0,-4.298396,0.635,1
Q-00054,REP-07,Gold,4,0.0,0.0,4.0,0.0,0.0,10.55818,0.0,2.0,7.903141,8.4,1.0,0.0,-1.242902,0.0,0
Q-00055,REP-02,Silver,4,0.0,0.0,4.0,0.0,0.0,11.995666,0.185128,1.0,3.875338,6.75,0.0,0.0,-2.314642,1.2322,1
Q-00056,REP-05,Silver,6,2.787997,9.57,6.0,1.0,0.291327,12.101884,0.038289,1.0,7.708652,19.57,2.0,0.0,3.895874,2.9265,2
Q-00057,REP-04,Silver,4,0.579344,5.89,4.0,1.0,0.098361,9.814711,0.655738,1.0,7.637377,15.89,0.0,0.0,1.843381,1.4277,1
Q-00058,REP-06,Silver,5,0.654627,1.4,5.0,2.0,0.93486,11.288606,0.048808,1.0,10.547242,11.4,2.0,0.0,4.425781,0.3017,0
Q-00059,REP-05,Silver,6,0.216643,4.41,6.0,2.0,0.065541,12.213053,0.274081,1.0,3.981892,14.41,2.0,0.0,0.169114,1.5852,1
Q-00060,REP-07,Silver,5,0.0,0.0,5.0,0.0,0.0,11.488643,0.494877,1.0,8.213576,9.08,1.0,0.0,-0.932467,0.5655,0
Q-00061,REP-08,Bronze,3,5.47019,6.05,3.0,3.0,1.0,9.158626,0.56872,0.0,10.47019,11.05,0.0,1.0,0.781793,5.25,2
Q-00062,REP-03,Gold,2,0.0,0.0,2.0,0.0,0.0,8.444838,0.516129,2.0,8.171613,9.72,2.0,0.0,3.892777,0.0,0
Q-00063,REP-05,Bronze,3,2.145,7.02,3.0,1.0,0.305556,11.772216,0.37037,0.0,5.171389,12.02,2.0,0.0,1.358611,2.3568,1
Q-00064,REP-01,Bronze,3,0.162581,0.64,3.0,2.0,0.758065,10.929547,0.241935,0.0,4.618226,5.64,0.0,0.0,-0.957621,0.7367,0
Q-00065,REP-06,Silver,2,0.0,0.0,2.0,0.0,0.0,11.163382,1.0,1.0,4.791064,8.52,2.0,0.0,-1.330398,0.3175,0
Q-00066,REP-04,Silver,3,0.0,0.0,3.0,0.0,0.0,9.677277,0.413793,1.0,4.376897,6.09,0.0,0.0,-1.417099,0.1405,0
Q-00067,REP-02,Silver,1,0.0,0.0,1.0,0.0,0.0,8.47658,0.0,1.0,1.22,1.22,0.0,0.0,-4.96998,0.0,0
Q-00068,REP-07,Silver,4,0.075244,3.23,4.0,1.0,0.023295,11.319596,0.80199,1.0,7.318656,13.23,1.0,0.0,-1.827387,0.9948,1
Q-00069,REP-01,Silver,4,0.006828,2.29,4.0,1.0,0.002982,11.295901,0.745434,1.0,6.200268,12.29,0.0,0.0,0.624421,1.1155,1
Q-00070,REP-06,Bronze,2,1.253034,2.88,2.0,2.0,1.0,10.703267,1.0,0.0,6.253034,7.88,2.0,0.0,0.131572,1.6902,1
Q-00071,REP-08,Silver,3,0.0,0.0,3.0,0.0,0.0,10.673387,0.0,1.0,9.124466,9.19,0.0,1.0,-0.56393,0.5899,0
Q-00072,REP-04,Gold,2,0.0,0.0,2.0,0.0,0.0,10.81579,0.0,2.0,5.270843,5.66,0.0,0.0,-0.523153,0.0,0
Q-00073,REP-06,Bronze,1,0.0,0.0,1.0,0.0,0.0,9.729194,0.0,0.0,2.55,2.55,2.0,0.0,-3.571462,0.0,0
Q-00074,REP-07,Silver,1,0.0,0.0,1.0,0.0,0.0,9.798183,0.0,1.0,8.29,8.29,1.0,0.0,-0.856043,0.0,0
Q-00075,REP-06,Bronze,2,0.0,0.0,2.0,0.0,0.0,10.026855,0.972376,0.0,2.258729,3.27,2.0,0.0,-3.862732,0.1233,0
Q-00076,REP-02,Silver,4,0.0,0.0,4.0,0.0,0.0,11.645496,0.923144,1.0,7.814517,9.43,0.0,1.0,1.624537,1.6892,1
Q-00077,REP-08,Silver,4,0.749721,4.3,4.0,2.0,0.483211,10.605495,0.978813,1.0,10.366442,14.3,0.0,0.0,0.678045,1.7574,2
Q-00078,REP-02,Silver,3,0.0,0.0,3.0,0.0,0.0,10.905974,1.0,1.0,5.261009,6.45,0.0,0.0,-0.928971,0.7842,1
Q-00079,REP-06,Gold,4,0.0,0.0,4.0,0.0,0.0,12.315828,0.448029,2.0,6.420242,7.37,2.0,1.0,0.29878,1.5164,1
Q-00080,REP-06,Bronze,4,3.996989,5.11,4.0,3.0,0.833672,11.591931,0.993347,0.0,8.96705,10.11,2.0,1.0,2.845589,5.2035,2
Q-00081,REP-07,Silver,1,0.0,0.0,1.0,0.0,0.0,11.472114,1.0,1.0,7.56,7.56,1.0,0.0,-1.586043,0.83,1
Q-00082,REP-02,Silver,2,0.0,0.0,2.0,0.0,0.0,7.323831,0.0,1.0,2.070792,3.75,0.0,0.0,-4.119188,0.0,0
Q-00083,REP-03,Bronze,1,0.0,0.0,1.0,0.0,0.0,9.488048,1.0,0.0,0.0,0.0,2.0,0.0,-4.278836,0.06,0
Q-00084,REP-06,Gold,3,0.0,0.0,3.0,0.0,0.0,9.417436,0.780488,2.0,1.371951,6.25,2.0,0.0,-4.74951,0.0,0
Q-00085,REP-05,Gold,2,0.0,0.0,2.0,0.0,0.0,10.820998,0.0,2.0,6.61694,7.24,2.0,0.0,2.804162,0.0,0
Q-00086,REP-05,Gold,3,0.0,0.0,3.0,0.0,0.0,11.067435,0.530835,2.0,4.370867,5.63,2.0,0.0,0.558089,0.0,0
Q-00087,REP-03,Bronze,1,5.05,5.05,1.0,1.0,1.0,5.929589,0.0,0.0,10.05,10.05,2.0,0.0,5.771164,2.0796,2
Q-00088,REP-07,Bronze,2,0.13508,5.79,2.0,2.0,1.0,10.057324,0.0,0.0,5.13508,10.79,1.0,0.0,-4.010962,0.588,0
Q-00089,REP-03,Bronze,3,0.0,0.0,3.0,0.0,0.0,9.828279,0.878706,0.0,0.304447,2.51,2.0,0.0,-3.974389,0.0379,0
Q-00090,REP-05,Bronze,2,0.0,0.0,2.0,0.0,0.0,9.615872,1.0,0.0,3.1008,3.12,2.0,1.0,-0.711978,0.525,0
Q-00091,REP-03,Bronze,2,0.126472,13.22,2.0,1.0,0.009567,10.70158,0.990433,0.0,2.907901,18.22,2.0,1.0,-1.370935,2.2723,2
Q-00092,REP-01,Silver,3,0.0,0.0,3.0,0.0,0.0,9.214432,0.796813,1.0,5.37004,7.88,0.0,0.0,-0.205807,0.3019,0
Q-00093,REP-06,Silver,2,3.231818,3.95,2.0,1.0,0.818182,9.711176,1.0,1.0,11.413636,13.95,2.0,0.0,5.292175,3.0167,2
Q-00094,REP-04,Gold,2,0.0,0.0,2.0,0.0,0.0,10.533455,0.998668,2.0,3.600479,3.96,0.0,0.0,-2.193517,0.4222,0
Q-00095,REP-01,Gold,1,0.0,0.0,1.0,0.0,0.0,6.37332,0.0,2.0,0.63,0.63,0.0,0.0,-4.945847,0.0,0
Q-00096,REP-06,Gold,3,0.162532,1.07,3.0,1.0,0.151899,10.073273,0.848101,2.0,2.875443,13.07,2.0,0.0,-3.246019,0.0,0
Q-00097,REP-07,Bronze,3,4.484023,10.04,3.0,2.0,0.810247,9.263028,0.948767,0.0,9.444175,15.04,1.0,0.0,0.298132,4.9646,2
Q-00098,REP-03,Gold,3,0.0,0.0,3.0,0.0,0.0,12.00488,0.0,2.0,5.493372,5.93,2.0,0.0,1.214536,0.3229,0
Q-00099,REP-03,Silver,4,0.0,0.0,4.0,0.0,0.0,11.761745,0.0,1.0,1.440386,5.01,2.0,0.0,-2.83845,0.2488,0
Q-00100,REP-08,Gold,6,0.851364,2.21,6.0,1.0,0.385233,11.445193,0.882825,2.0,9.496132,12.21,0.0,0.0,-0.192265,1.7825,1
Q-00101,REP-03,Silver,2,0.406476,5.31,2.0,1.0,0.076549,11.318139,1.0,1.0,3.57294,15.31,2.0,1.0,-0.705896,1.7914,2
Q-00102,REP-06,Bronze,3,0.403415,1.73,3.0,2.0,0.326829,9.928229,0.868293,0.0,2.407805,6.73,2.0,0.0,-3.713657,0.5499,0
Q-00103,REP-05,Gold,3,0.0,0.0,3.0,0.0,0.0,10.702368,0.674764,2.0,7.459177,9.9,2.0,1.0,3.646399,0.1516,0
Q-00104,REP-06,Gold,5,0.780864,2.53,5.0,1.0,0.308642,11.484536,0.567901,2.0,6.19858,12.53,2.0,0.0,0.077119,1.0166,1
Q-00105,REP-08,Silver,2,0.0,0.0,2.0,0.0,0.0,8.551788,0.0,1.0,7.586957,7.63,0.0,0.0,-2.10144,0.0,0
Q-00106,REP-06,Silver,2,6.390884,6.61,2.0,1.0,0.966851,10.679159,0.0,1.0,16.279503,16.61,2.0,1.0,10.158041,3.4033,2
Q-00107,REP-06,Bronze,6,1.949705,8.67,6.0,3.0,0.433107,11.569693,0.034014,0.0,5.545227,13.67,2.0,1.0,-0.576235,2.5688,2
Q-00108,REP-04,Silver,2,0.507534,2.85,2.0,1.0,0.178082,10.687412,0.178082,1.0,2.617123,12.85,0.0,0.0,-3.176873,0.9828,0
Q-00109,REP-06,Gold,3,6.377143,11.16,3.0,1.0,0.571429,10.645449,0.857143,2.0,14.411429,21.16,2.0,1.0,8.289967,6.8158,2
Q-00110,REP-05,Silver,3,0.0,0.0,3.0,0.0,0.0,11.742457,0.985692,1.0,2.404483,5.68,2.0,0.0,-1.408294,0.7705,1
Q-00111,REP-08,Bronze,6,0.466803,8.98,6.0,4.0,0.260754,12.32608,0.234146,0.0,4.796772,13.98,0.0,0.0,-4.891625,3.2875,2
Q-00112,REP-01,Silver,3,0.0,0.0,3.0,0.0,0.0,11.188593,0.701245,1.0,3.14112,9.38,0.0,0.0,-2.434727,0.7682,0
Q-00113,REP-05,Silver,2,0.147953,0.55,2.0,1.0,0.269006,9.929204,0.730994,1.0,6.376023,10.55,2.0,1.0,2.563246,0.3257,0
Q-00114,REP-06,Silver,4,0.0,0.0,4.0,0.0,0.0,10.703716,0.458221,1.0,5.843935,9.06,2.0,0.0,-0.277526,0.0,0
Q-00115,REP-04,Bronze,6,2.090067,4.16,6.0,5.0,0.890602,12.586258,0.396568,0.0,6.543078,9.16,0.0,0.0,0.749082,4.0201,2
Q-00116,REP-01,Gold,3,0.0,0.0,3.0,0.0,0.0,10.247113,1.0,2.0,7.950213,8.48,0.0,1.0,2.374366,0.795,1
Q-00117,REP-08,Bronze,5,1.406613,10.44,5.0,5.0,1.0,11.212374,0.705024,0.0,6.406613,15.44,0.0,0.0,-3.281784,3.2624,2
Q-00118,REP-03,Bronze,2,0.224255,0.62,2.0,1.0,0.361702,10.247113,1.0,0.0,3.500851,5.62,2.0,0.0,-0.777985,0.4416,0
Q-00119,REP-06,Bronze,2,1.840909,2.25,2.0,1.0,0.818182,9.893488,0.0,0.0,6.424545,7.25,2.0,0.0,0.303084,0.5857,0
Q-00120,REP-01,Bronze,2,0.0,0.0,2.0,0.0,0.0,10.891187,0.100559,0.0,2.059274,2.5,0.0,0.0,-3.516573,0.5028,0
Q-00121,REP-05,Silver,6,0.0,0.0,6.0,0.0,0.0,12.638443,0.428321,1.0,2.291313,6.35,2.0,0.0,-1.521465,1.9837,2
Q-00122,REP-04,Silver,2,0.0,0.0,2.0,0.0,0.0,10.376642,0.88785,1.0,9.060467,9.97,0.0,1.0,3.266471,0.9858,1
Q-00123,REP-08,Bronze,3,1.61659,4.83,3.0,2.0,0.34104,10.857093,0.34104,0.0,6.267341,9.83,0.0,0.0,-3.421055,2.5093,2
Q-00124,REP-01,Gold,6,0.022391,0.26,6.0,1.0,0.086118,11.126248,0.60209,2.0,6.164378,15.26,0.0,1.0,0.588531,0.9452,0
Q-00125,REP-07,Silver,2,0.0,0.0,2.0,0.0,0.0,9.218408,0.0,1.0,7.091429,7.77,1.0,0.0,-2.054614,0.0,0
Q-00126,REP-01,Bronze,3,2.405263,8.68,3.0,3.0,1.0,11.133143,0.657895,0.0,7.405263,13.68,0.0,1.0,1.829416,4.0984,2
Q-00127,REP-04,Gold,2,0.0,0.0,2.0,0.0,0.0,9.913487,1.0,2.0,2.737822,3.98,0.0,0.0,-3.056174,0.2783,0
Q-00128,REP-01,Silver,4,0.0,0.0,4.0,0.0,0.0,10.128669,0.946108,1.0,6.696647,9.49,0.0,0.0,1.1208,0.5091,0
Q-00129,REP-08,Bronze,5,6.969268,14.39,5.0,5.0,1.0,10.670141,0.167247,0.0,11.969268,19.39,0.0,1.0,2.280872,5.8712,2
Q-00130,REP-02,Bronze,4,0.487165,1.5,4.0,2.0,0.33817,11.403122,0.170759,0.0,4.64077,6.5,0.0,0.0,-1.54921,1.2123,1
Q-00131,REP-04,Silver,2,0.0,0.0,2.0,0.0,0.0,10.465985,1.0,1.0,1.021538,2.48,0.0,0.0,-4.772457,0.6225,1
Q-00132,REP-08,Gold,2,0.0,0.0,2.0,0.0,0.0,6.25575,0.0,2.0,9.107981,12.57,0.0,0.0,-0.580415,0.0,0
Q-00133,REP-03,Bronze,3,0.388202,3.4,3.0,1.0,0.114177,12.255819,0.114177,0.0,4.396851,8.4,2.0,1.0,0.118014,2.3646,1
Q-00134,REP-06,Bronze,3,0.872766,2.93,3.0,1.0,0.297872,10.652566,0.404255,0.0,4.201064,7.93,2.0,0.0,-1.920398,1.0303,1
Q-00135,REP-01,Bronze,1,2.35,2.35,1.0,1.0,1.0,9.798183,1.0,0.0,7.35,7.35,0.0,0.0,1.774153,2.9325,2
Q-00136,REP-01,Bronze,1,0.0,0.0,1.0,0.0,0.0,10.203629,1.0,0.0,1.09,1.09,0.0,0.0,-4.485847,0.775,0
Q-00137,REP-07,Gold,1,0.0,0.0,1.0,0.0,0.0,9.729194,0.0,2.0,8.4,8.4,1.0,0.0,-0.746043,0.0,0
Q-00138,REP-06,Bronze,2,0.92873,2.16,2.0,2.0,1.0,10.555188,0.0,0.0,5.92873,7.16,2.0,0.0,-0.192732,0.3475,0
Q-00139,REP-01,Bronze,3,0.074965,5.36,3.0,1.0,0.013986,10.66665,0.412587,0.0,2.63049,10.36,0.0,0.0,-2.945358,1.237,1
Q-00140,REP-04,Bronze,5,3.492988,13.21,5.0,2.0,0.278884,11.229249,0.143426,0.0,6.101594,18.21,0.0,0.0,0.307598,3.6265,2
Q-00141,REP-06,Silver,4,0.0,0.0,4.0,0.0,0.0,11.083695,0.645161,1.0,4.879355,10.0,2.0,0.0,-1.242107,0.0773,0
Q-00142,REP-07,Silver,4,0.064157,2.0,4.0,1.0,0.032078,11.405129,0.42994,1.0,8.872421,12.0,1.0,0.0,-0.273621,0.7116,0
Q-00143,REP-05,Bronze,3,0.0,0.0,3.0,0.0,0.0,10.03456,1.0,0.0,3.880658,4.08,2.0,1.0,0.06788,0.59,0
Q-00144,REP-02,Silver,6,0.0,0.0,6.0,0.0,0.0,11.22559,0.639787,1.0,5.646894,7.97,0.0,0.0,-0.543086,0.7571,0
Q-00145,REP-08,Silver,5,1.222241,2.52,5.0,1.0,0.485016,10.27042,0.620128,1.0,8.698308,12.52,0.0,0.0,-0.990089,1.6655,1
Q-00146,REP-04,Silver,4,0.0,0.0,4.0,0.0,0.0,11.393026,0.343856,1.0,4.330891,8.12,0.0,0.0,-1.463105,0.7083,0
Q-00147,REP-07,Gold,6,0.010496,0.42,6.0,1.0,0.02499,11.695672,0.728863,2.0,8.376947,10.65,1.0,1.0,-0.769096,1.1663,1
Q-00148,REP-04,Silver,3,0.0,0.0,3.0,0.0,0.0,11.826283,0.219298,1.0,4.773246,5.8,0.0,0.0,-1.02075,1.0406,1
Q-00149,REP-02,Bronze,1,0.35,0.35,1.0,1.0,1.0,7.427144,0.0,0.0,5.35,5.35,0.0,0.0,-0.83998,0.1995,0
Q-00150,REP-02,Silver,2,5.225806,5.4,2.0,1.0,0.967742,10.300954,0.0,1.0,15.017742,15.4,0.0,0.0,8.827762,2.8168,2
Q-00151,REP-04,Silver,2,0.0,0.0,2.0,0.0,0.0,10.082721,0.0,1.0,7.625517,7.71,0.0,0.0,1.831521,0.0,0
Q-00152,REP-04,Silver,1,0.0,0.0,1.0,0.0,0.0,11.998439,0.0,1.0,5.72,5.72,0.0,0.0,-0.073996,1.1342,1
Q-00153,REP-02,Gold,2,0.0,0.0,2.0,0.0,0.0,11.849405,0.0,2.0,7.672857,9.64,0.0,0.0,1.482877,0.7267,0
Q-00154,REP-07,Silver,5,0.0,0.0,5.0,0.0,0.0,10.739024,0.873807,1.0,5.830716,7.83,1.0,0.0,-3.315327,0.3449,0
Q-00155,REP-03,Silver,1,0.0,0.0,1.0,0.0,0.0,3.828641,0.0,1.0,3.97,3.97,2.0,0.0,-0.308836,0.0,0
Q-00156,REP-08,Bronze,6,4.484835,8.33,6.0,6.0,1.0,12.021555,0.725797,0.0,9.484835,13.33,0.0,0.0,-0.203562,5.8225,2
Q-00157,REP-08,Silver,1,0.0,0.0,1.0,0.0,0.0,7.783641,1.0,1.0,5.96,5.96,0.0,0.0,-3.728396,0.35,0
Q-00158,REP-08,Bronze,1,12.44,12.44,1.0,1.0,1.0,8.922792,1.0,0.0,17.44,17.44,0.0,0.0,7.751604,12.4305,2
Q-00159,REP-06,Gold,3,0.0,0.0,3.0,0.0,0.0,11.958899,0.025608,2.0,3.574853,3.64,2.0,0.0,-2.546609,0.2758,0
Q-00160,REP-02,Bronze,3,1.741899,2.59,3.0,2.0,0.746835,10.073273,0.493671,0.0,6.450759,7.59,0.0,0.0,0.26078,2.0225,1
Q-00161,REP-05,Silver,1,0.0,0.0,1.0,0.0,0.0,7.496097,1.0,1.0,1.58,1.58,2.0,0.0,-2.232778,0.0,0
Q-00162,REP-06,Silver,3,1.206,7.37,3.0,1.0,0.163636,10.558439,1.0,1.0,5.912182,17.37,2.0,0.0,-0.20928,1.8746,1
Q-00163,REP-05,Silver,3,0.010697,2.15,3.0,1.0,0.004975,10.901745,0.165837,1.0,2.909536,12.15,2.0,0.0,-0.903242,0.0,0
Q-00164,REP-07,Bronze,1,1.99,1.99,1.0,1.0,1.0,8.999743,1.0,0.0,6.99,6.99,1.0,0.0,-2.156043,2.208,2
Q-00165,REP-02,Silver,2,0.0,0.0,2.0,0.0,0.0,8.835792,0.916364,1.0,7.463382,7.68,0.0,0.0,1.273402,0.3413,0
Q-00166,REP-08,Bronze,3,1.29,4.68,3.0,2.0,0.589744,10.75366,0.051282,0.0,5.18641,9.68,0.0,0.0,-4.501986,1.5756,1
Q-00167,REP-02,Silver,1,0.0,0.0,1.0,0.0,0.0,9.488048,1.0,1.0,5.72,5.72,0.0,0.0,-0.46998,0.44,0
Q-00168,REP-03,Bronze,3,0.163715,6.54,3.0,1.0,0.025033,10.438694,0.0,0.0,0.473333,11.54,2.0,0.0,-3.805503,0.4728,0
Q-00169,REP-07,Silver,4,0.066068,1.18,4.0,1.0,0.05599,11.630895,0.05599,1.0,8.931649,11.18,1.0,0.0,-0.214393,0.6338,0
Q-00170,REP-01,Gold,2,0.0,0.0,2.0,0.0,0.0,10.155257,0.0,2.0,1.976327,5.64,0.0,0.0,-3.599521,0.0,0
Q-00171,REP-06,Bronze,3,2.888277,5.27,3.0,3.0,1.0,10.139982,0.994671,0.0,7.888277,10.27,2.0,0.0,1.766816,3.1634,2
Q-00172,REP-05,Silver,3,0.0,0.0,3.0,0.0,0.0,10.47802,0.33779,1.0,6.103448,8.95,2.0,0.0,2.29067,0.0,0
Q-00173,REP-07,Silver,4,0.582457,4.44,4.0,3.0,0.946022,9.786167,0.708462,1.0,10.347113,14.44,1.0,0.0,1.20107,0.7836,1
Q-00174,REP-05,Bronze,4,0.468521,4.19,4.0,3.0,0.832057,11.818651,0.559811,0.0,4.870642,9.19,2.0,1.0,1.057865,1.9775,2
Q-00175,REP-03,Silver,1,0.0,0.0,1.0,0.0,0.0,7.601402,1.0,1.0,4.95,4.95,2.0,1.0,0.671164,0.1967,0
Q-00176,REP-01,Gold,1,0.0,0.0,1.0,0.0,0.0,4.51086,0.0,2.0,4.41,4.41,0.0,1.0,-1.165847,0.0107,0
Q-00177,REP-07,Bronze,5,7.121024,11.56,5.0,5.0,1.0,11.064856,0.610472,0.0,12.121024,16.56,1.0,1.0,2.974981,6.9594,2
Q-00178,REP-04,Silver,3,0.0,0.0,3.0,0.0,0.0,9.384378,0.453782,1.0,2.929244,6.57,0.0,0.0,-2.864752,0.1287,0
Q-00179,REP-06,Bronze,5,1.290118,3.34,5.0,3.0,0.829319,11.942244,0.296185,0.0,5.452603,8.34,2.0,0.0,-0.668859,1.935,2
Q-00180,REP-03,Silver,3,0.0,0.0,3.0,0.0,0.0,9.981652,0.374566,1.0,2.456081,3.84,2.0,0.0,-1.822755,0.0,0
Q-00181,REP-04,Bronze,4,5.008723,12.59,4.0,4.0,1.0,11.475234,0.436137,0.0,10.008723,17.59,0.0,1.0,4.214727,5.9322,2
Q-00182,REP-01,Bronze,1,0.0,0.0,1.0,0.0,0.0,10.778977,1.0,0.0,0.95,0.95,0.0,0.0,-4.625847,0.95,0
Q-00183,REP-05,Bronze,1,0.0,0.0,1.0,0.0,0.0,6.111467,0.0,0.0,1.85,1.85,2.0,0.0,-1.962778,0.0,0
Q-00184,REP-08,Bronze,1,0.06,0.06,1.0,1.0,1.0,9.169623,0.0,0.0,5.06,5.06,0.0,0.0,-4.628396,0.1118,0
Q-00185,REP-06,Silver,1,0.0,0.0,1.0,0.0,0.0,8.699681,1.0,1.0,9.33,9.33,2.0,0.0,3.208538,0.0,0
Q-00186,REP-08,Gold,5,1.162453,8.12,5.0,2.0,0.145299,10.996601,0.140774,2.0,11.794329,20.12,0.0,1.0,2.105933,2.4462,2
Q-00187,REP-08,Bronze,1,3.45,3.45,1.0,1.0,1.0,11.61278,0.0,0.0,8.45,8.45,0.0,1.0,-1.238396,3.1993,2
Q-00188,REP-01,Gold,2,1.461538,1.8,2.0,1.0,0.811966,10.465985,1.0,2.0,9.669573,11.8,0.0,0.0,4.093726,1.8282,1
Q-00189,REP-04,Bronze,2,6.128182,7.49,2.0,1.0,0.818182,9.893488,0.181818,0.0,10.219091,12.49,0.0,0.0,4.425095,3.6627,2
Q-00190,REP-01,Gold,3,0.0,0.0,3.0,0.0,0.0,8.523374,0.715706,2.0,3.168519,6.38,0.0,0.0,-2.407328,0.0,0
Q-00191,REP-03,Silver,6,0.258539,1.29,6.0,1.0,0.200418,11.18235,0.51357,1.0,8.332944,11.29,2.0,1.0,4.054107,0.7617,0
Q-00192,REP-02,Silver,2,0.0,0.0,2.0,0.0,0.0,10.312978,0.0,1.0,4.933108,5.06,0.0,0.0,-1.256872,0.031,0
Q-00193,REP-06,Bronze,2,0.295337,0.3,2.0,1.0,0.984456,11.254168,0.984456,0.0,5.252124,5.3,2.0,0.0,-0.869337,0.8659,0
Q-00194,REP-07,Gold,3,1.913043,2.68,3.0,1.0,0.713822,10.335952,0.713822,2.0,12.454679,12.68,1.0,0.0,3.308636,1.8112,1
Q-00195,REP-02,Gold,4,0.0,0.0,4.0,0.0,0.0,10.073273,0.0,2.0,2.884152,8.88,0.0,0.0,-3.305828,0.0,0
Q-00196,REP-08,Gold,4,0.0,0.0,4.0,0.0,0.0,10.693103,0.0,2.0,10.607242,11.05,0.0,0.0,0.918846,0.0,0
Q-00197,REP-06,Silver,3,0.0,0.0,3.0,0.0,0.0,9.960624,0.765053,1.0,2.031405,9.16,2.0,0.0,-4.090057,0.0,0
Q-00198,REP-05,Silver,1,0.0,0.0,1.0,0.0,0.0,5.70711,0.0,1.0,0.0,0.0,2.0,0.0,-3.812778,0.0,0
Q-00199,REP-01,Silver,4,0.0,0.0,4.0,0.0,0.0,12.207577,0.029955,1.0,4.575252,7.19,0.0,0.0,-1.000595,1.4656,1
Q-00200,REP-07,Silver,2,0.0,0.0,2.0,0.0,0.0,9.750395,0.0,1.0,7.943007,8.07,1.0,0.0,-1.203036,0.0,0
Q-00201,REP-02,Silver,3,0.0,0.0,3.0,0.0,0.0,11.960179,0.335038,1.0,5.831969,7.15,0.0,0.0,-0.358011,1.2676,1
Q-00202,REP-05,Bronze,4,0.359793,4.02,4.0,2.0,0.145078,10.96649,1.0,0.0,1.085181,9.02,2.0,0.0,-2.727596,1.1769,1
Q-00203,REP-05,Silver,4,0.0,0.0,4.0,0.0,0.0,10.854682,0.625785,1.0,1.868967,4.29,2.0,0.0,-1.943811,0.0,0
Q-00204,REP-02,Gold,1,0.0,0.0,1.0,0.0,0.0,7.678326,0.0,2.0,7.14,7.14,0.0,0.0,0.95002,0.0,0
Q-00205,REP-07,Silver,3,0.0,0.0,3.0,0.0,0.0,8.233769,0.0,1.0,9.060319,9.34,1.0,0.0,-0.085724,0.0,0
Q-00206,REP-06,Bronze,2,0.068085,1.6,2.0,1.0,0.042553,10.717103,0.0,0.0,1.870213,6.6,2.0,0.0,-4.251249,0.0,0
Q-00207,REP-05,Silver,1,0.0,0.0,1.0,0.0,0.0,10.134639,0.0,1.0,4.53,4.53,2.0,0.0,0.717222,0.0,0
Q-00208,REP-06,Gold,2,0.0,0.0,2.0,0.0,0.0,10.134639,0.952381,2.0,5.638095,5.92,2.0,0.0,-0.483366,0.0,0
Q-00209,REP-04,Gold,1,0.0,0.0,1.0,0.0,0.0,9.287394,0.0,2.0,0.32,0.32,0.0,1.0,-5.473996,0.1,0
Q-00210,REP-06,Gold,3,0.0,0.0,3.0,0.0,0.0,11.184435,0.15,2.0,3.799333,7.2,2.0,0.0,-2.322128,0.0,0
Q-00211,REP-02,Bronze,2,3.824735,4.92,2.0,1.0,0.777385,10.943782,1.0,0.0,8.337208,9.92,0.0,0.0,2.147229,4.7756,2
Q-00212,REP-01,Silver,2,0.0,0.0,2.0,0.0,0.0,10.524091,0.322581,1.0,6.171935,6.33,0.0,1.0,0.596088,0.7174,0
Q-00213,REP-05,Silver,2,0.0,0.0,2.0,0.0,0.0,9.171703,0.0,1.0,2.472973,3.66,2.0,0.0,-1.339805,0.0,0
Q-00214,REP-06,Silver,2,0.0,0.0,2.0,0.0,0.0,10.268165,0.34375,1.0,7.409688,9.51,2.0,0.0,1.288226,0.0,0
Q-00215,REP-05,Bronze,2,0.0,0.0,2.0,0.0,0.0,10.225607,0.521739,0.0,2.042174,4.27,2.0,0.0,-1.770604,0.0,0
Q-00216,REP-05,Bronze,2,0.0,0.0,2.0,0.0,0.0,11.109473,0.658683,0.0,3.137605,3.81,2.0,0.0,-0.675173,0.3189,0
Q-00217,REP-08,Gold,3,0.062609,0.48,3.0,1.0,0.130435,9.937937,0.608696,2.0,7.461739,12.48,0.0,0.0,-2.226657,0.1727,0
Q-00218,REP-02,Bronze,5,3.676734,5.74,5.0,3.0,0.752151,10.918646,0.942114,0.0,8.562985,10.74,0.0,1.0,2.373005,5.0952,2
Q-00219,REP-06,Silver,5,0.025134,0.67,5.0,1.0,0.037513,11.338227,0.178635,1.0,4.061861,10.67,2.0,0.0,-2.0596,0.0623,0
Q-00220,REP-07,Gold,1,0.0,0.0,1.0,0.0,0.0,11.998439,0.0,2.0,7.8,7.8,1.0,0.0,-1.346043,0.6142,0
Q-00221,REP-04,Bronze,4,5.878461,7.69,4.0,3.0,0.992206,11.300116,0.494866,0.0,10.862171,12.69,0.0,1.0,5.068175,6.3089,2
Q-00222,REP-06,Gold,5,0.0,0.0,5.0,0.0,0.0,12.168376,0.024922,2.0,8.164605,11.53,2.0,1.0,2.043144,1.0287,0
Q-00223,REP-02,Silver,4,0.050753,0.06,4.0,1.0,0.845884,10.952577,0.115587,1.0,9.322487,10.06,0.0,1.0,3.132507,0.7973,1
Q-00224,REP-03,Silver,3,0.0,0.0,3.0,0.0,0.0,10.842342,0.273758,1.0,4.187618,4.47,2.0,0.0,-0.091218,0.0,0
Q-00225,REP-01,Silver,4,0.931455,3.41,4.0,1.0,0.273154,11.565859,0.0,1.0,6.716654,13.41,0.0,0.0,1.140807,1.4249,1
Q-00226,REP-08,Bronze,5,8.91683,15.92,5.0,5.0,1.0,10.870015,0.890157,0.0,13.91683,20.92,0.0,0.0,4.228434,9.4784,2
Q-00227,REP-08,Bronze,5,1.928409,8.45,5.0,4.0,0.454545,11.251574,0.374026,0.0,6.753864,13.45,0.0,0.0,-2.934533,3.267,2
Q-00228,REP-03,Silver,5,1.2738,3.98,5.0,1.0,0.32005,11.468043,0.0,1.0,5.188786,13.98,2.0,0.0,0.909949,0.9495,0
Q-00229,REP-01,Bronze,3,2.369298,4.2,3.0,2.0,0.789474,10.152338,0.210526,0.0,6.756667,9.2,0.0,0.0,1.18082,1.7866,1
Q-00230,REP-08,Gold,5,0.0,0.0,5.0,0.0,0.0,11.221249,0.044177,2.0,9.796345,13.95,0.0,0.0,0.107949,0.2068,0
Q-00231,REP-06,Silver,3,0.0,0.0,3.0,0.0,0.0,10.704278,0.978785,1.0,2.856186,3.84,2.0,0.0,-3.265276,0.0895,0
Q-00232,REP-02,Bronze,1,2.06,2.06,1.0,1.0,1.0,10.933125,1.0,0.0,7.06,7.06,0.0,1.0,0.87002,3.4237,2
Q-00233,REP-04,Bronze,2,0.696,0.8,2.0,2.0,1.0,9.711176,1.0,0.0,5.696,5.8,0.0,0.0,-0.097996,1.3601,1
Q-00234,REP-02,Gold,4,0.0,0.0,4.0,0.0,0.0,10.877122,0.538244,2.0,3.4983,6.35,0.0,0.0,-2.69168,0.2973,0
Q-00235,REP-06,Silver,6,0.0,0.0,6.0,0.0,0.0,12.343161,0.324346,1.0,4.770149,7.89,2.0,0.0,-1.351313,1.2699,1
Q-00236,REP-03,Gold,6,0.0,0.0,6.0,0.0,0.0,11.727278,0.895041,2.0,2.48133,7.45,2.0,0.0,-1.797506,0.4848,1
Q-00237,REP-03,Gold,2,0.0,0.0,2.0,0.0,0.0,9.575053,1.0,2.0,1.795,10.77,2.0,0.0,-2.483836,0.0,0
Q-00238,REP-07,Bronze,4,3.207825,5.4,4.0,4.0,1.0,11.676582,0.802343,0.0,8.207825,10.4,1.0,0.0,-0.938218,4.1341,2
Q-00239,REP-06,Gold,3,0.0,0.0,3.0,0.0,0.0,12.12324,0.54101,2.0,5.678164,6.4,2.0,0.0,-0.443297,0.7917,1
Q-00240,REP-05,Bronze,2,3.542289,3.56,2.0,1.0,0.995025,10.719427,0.0,0.0,8.526766,8.56,2.0,0.0,4.713988,1.6562,1
Q-00241,REP-05,Silver,2,0.0,0.0,2.0,0.0,0.0,10.158169,1.0,1.0,4.228605,4.5,2.0,0.0,0.415827,0.0,0
Q-00242,REP-02,Silver,4,0.037834,0.66,4.0,1.0,0.057325,11.047726,0.100318,1.0,5.28301,10.66,0.0,0.0,-0.90697,0.447,0
Q-00243,REP-01,Silver,5,0.0,0.0,5.0,0.0,0.0,10.793763,0.205276,1.0,6.911985,8.0,0.0,0.0,1.336138,0.2989,1
Q-00244,REP-02,Bronze,2,0.0,0.0,2.0,0.0,0.0,10.004509,0.976271,0.0,4.617322,4.67,0.0,0.0,-1.572658,0.7213,0
Q-00245,REP-03,Bronze,1,6.53,6.53,1.0,1.0,1.0,10.540091,0.0,0.0,11.53,11.53,2.0,0.0,7.251164,3.1759,2
Q-00246,REP-05,Silver,3,3.221918,4.41,3.0,1.0,0.730594,8.097426,0.0,1.0,11.400685,14.41,2.0,0.0,7.587907,1.0457,0
Q-00247,REP-05,Gold,1,0.0,0.0,1.0,0.0,0.0,8.962007,1.0,2.0,3.72,3.72,2.0,0.0,-0.092778,0.0,0
Q-00248,REP-08,Bronze,4,4.81201,10.19,4.0,4.0,1.0,9.387733,0.979899,0.0,9.81201,15.19,0.0,1.0,0.123614,6.2412,2
Q-00249,REP-07,Silver,2,0.127719,0.13,2.0,1.0,0.982456,11.356283,1.0,1.0,10.054035,10.13,1.0,0.0,0.907992,0.8641,1
Q-00250,REP-05,Bronze,4,5.461243,10.8,4.0,3.0,0.64497,10.833701,0.372781,0.0,10.351183,15.8,2.0,1.0,6.538406,3.9614,2
Q-00251,REP-06,Silver,4,0.0,0.0,4.0,0.0,0.0,10.998778,0.909699,1.0,2.466789,7.96,2.0,0.0,-3.654672,0.1787,0
Q-00252,REP-08,Silver,3,0.606048,5.24,3.0,2.0,0.183585,10.049793,0.902808,1.0,9.487559,15.24,0.0,0.0,-0.200837,1.341,1
Q-00253,REP-07,Gold,1,0.0,0.0,1.0,0.0,0.0,8.371242,0.0,2.0,6.83,6.83,1.0,1.0,-2.316043,0.0,0
Q-00254,REP-06,Silver,3,0.236028,1.04,3.0,1.0,0.22695,9.959442,0.241135,1.0,6.419858,11.04,2.0,0.0,0.298397,0.0,0
Q-00255,REP-03,Silver,5,0.37786,0.53,5.0,2.0,0.752571,11.135552,0.831328,1.0,8.688482,10.53,2.0,0.0,4.409646,0.5726,0
Q-00256,REP-05,Silver,2,0.0,0.0,2.0,0.0,0.0,6.734592,0.0,1.0,0.0,0.0,2.0,0.0,-3.812778,0.0,0
Q-00257,REP-07,Silver,3,0.0,0.0,3.0,0.0,0.0,10.839601,0.352941,1.0,7.700588,8.45,1.0,0.0,-1.445455,0.0991,0
Q-00258,REP-02,Silver,2,0.0,0.0,2.0,0.0,0.0,10.734242,0.0,1.0,4.063333,4.11,0.0,0.0,-2.126647,0.1625,0
Q-00259,REP-03,Bronze,5,1.982493,2.38,5.0,2.0,0.886117,11.440258,0.611894,0.0,6.724507,7.38,2.0,0.0,2.445671,2.1548,1
Q-00260,REP-03,Silver,2,0.0,0.0,2.0,0.0,0.0,9.808132,0.990099,1.0,0.0,0.0,2.0,0.0,-4.278836,0.0,0
Q-00261,REP-01,Bronze,3,0.001846,0.67,3.0,1.0,0.002755,9.806481,0.550964,0.0,4.020579,5.67,0.0,0.0,-1.555269,0.5288,0
Q-00262,REP-01,Gold,4,0.0,0.0,4.0,0.0,0.0,10.649251,0.56926,2.0,4.104784,7.09,0.0,0.0,-1.471063,0.2244,0
Q-00263,REP-04,Gold,3,0.0,0.0,3.0,0.0,0.0,10.607723,0.85301,2.0,8.934512,13.88,0.0,1.0,3.140516,0.8162,0
Q-00264,REP-02,Bronze,2,0.0,0.0,2.0,0.0,0.0,9.554001,1.0,0.0,0.393191,1.54,0.0,0.0,-5.796788,0.6675,0
Q-00265,REP-07,Silver,2,0.0,0.0,2.0,0.0,0.0,10.707751,1.0,1.0,1.556174,7.63,1.0,0.0,-7.589868,0.4025,0
Q-00266,REP-02,Silver,4,0.0,0.0,4.0,0.0,0.0,12.076254,0.170794,1.0,2.921213,7.46,0.0,0.0,-3.268767,1.3377,1
Q-00267,REP-07,Bronze,2,3.047414,5.05,2.0,1.0,0.603448,11.150534,0.603448,0.0,7.777759,10.05,1.0,1.0,-1.368284,4.1772,2
Q-00268,REP-03,Silver,2,0.0,0.0,2.0,0.0,0.0,9.31479,1.0,1.0,3.284595,5.64,2.0,0.0,-0.994242,0.0,0
Q-00269,REP-03,Silver,4,1.419055,4.22,4.0,1.0,0.336269,9.838202,0.0,1.0,4.784868,14.22,2.0,0.0,0.506032,0.3963,0
Q-00270,REP-08,Gold,2,0.052909,2.91,2.0,1.0,0.018182,9.528867,0.981818,2.0,6.648545,17.91,0.0,0.0,-3.039851,0.5569,0
Q-00271,REP-05,Silver,3,0.0,0.0,3.0,0.0,0.0,11.659283,0.09848,1.0,2.369724,4.11,2.0,0.0,-1.443054,0.1988,0
Q-00272,REP-04,Gold,2,0.0,0.0,2.0,0.0,0.0,10.395161,0.59633,2.0,2.403119,2.94,0.0,0.0,-3.390877,0.1605,0
Q-00273,REP-08,Silver,3,0.178812,2.58,3.0,1.0,0.069307,10.72439,0.930693,1.0,9.497624,12.58,0.0,1.0,-0.190772,1.4795,1
Q-00274,REP-06,Bronze,5,2.359589,6.76,5.0,3.0,0.734841,11.485565,0.549846,0.0,6.582179,11.76,2.0,1.0,0.460717,3.5265,2
Q-00275,REP-07,Silver,3,0.0,0.0,3.0,0.0,0.0,8.83215,0.131387,1.0,4.85073,6.18,1.0,0.0,-4.295313,0.0,0
Q-00276,REP-05,Bronze,2,0.0,0.0,2.0,0.0,0.0,10.390256,0.983405,0.0,4.104198,4.15,2.0,1.0,0.29142,0.662,0
Q-00277,REP-07,Bronze,1,4.27,4.27,1.0,1.0,1.0,9.680406,1.0,0.0,9.27,9.27,1.0,1.0,0.123957,4.8898,2
Q-00278,REP-07,Gold,4,0.038238,0.49,4.0,2.0,0.669604,11.821887,0.61674,2.0,11.629868,15.49,1.0,1.0,2.483825,1.2593,1
Q-00279,REP-08,Gold,4,0.0,0.0,4.0,0.0,0.0,10.711101,0.929766,2.0,6.852321,11.99,0.0,1.0,-2.836075,0.8951,0
Q-00280,REP-05,Silver,3,0.0,0.0,3.0,0.0,0.0,11.489667,0.204708,1.0,3.432897,4.29,2.0,0.0,-0.379881,0.1068,0
Q-00281,REP-07,Gold,2,0.0,0.0,2.0,0.0,0.0,11.82902,0.0,2.0,10.114527,11.03,1.0,1.0,0.968484,0.8531,1
Q-00282,REP-08,Silver,1,0.0,0.0,1.0,0.0,0.0,10.491302,1.0,1.0,4.57,4.57,0.0,1.0,-5.118396,1.08,1
Q-00283,REP-02,Bronze,1,0.0,0.0,1.0,0.0,0.0,7.496097,0.0,0.0,3.99,3.99,0.0,0.0,-2.19998,0.015,0
Q-00284,REP-02,Bronze,1,0.0,0.0,1.0,0.0,0.0,5.303305,0.0,0.0,0.97,0.97,0.0,0.0,-5.21998,0.0017,0
Q-00285,REP-03,Bronze,1,0.0,0.0,1.0,0.0,0.0,9.200391,1.0,0.0,0.0,0.0,2.0,0.0,-4.278836,0.0325,0
Q-00286,REP-05,Silver,6,0.84892,7.25,6.0,2.0,0.122261,11.273729,0.83201,1.0,4.486011,17.25,2.0,1.0,0.673234,1.8977,2
Q-00287,REP-08,Bronze,4,5.254523,7.41,4.0,4.0,1.0,12.263402,0.243154,0.0,10.254523,12.41,0.0,0.0,0.566127,5.381,2
Q-00288,REP-05,Bronze,4,0.0,0.0,4.0,0.0,0.0,11.956976,0.0,0.0,0.51306,2.17,2.0,0.0,-3.299718,0.6992,0
Q-00289,REP-02,Bronze,3,4.874335,5.4,3.0,3.0,1.0,11.842956,0.0,0.0,9.874335,10.4,0.0,1.0,3.684355,4.2504,2
Q-00290,REP-02,Gold,1,0.0,0.0,1.0,0.0,0.0,8.594339,1.0,2.0,1.52,1.52,0.0,0.0,-4.66998,0.155,0
Q-00291,REP-07,Gold,4,0.001947,2.11,4.0,1.0,0.000923,12.153073,0.03796,2.0,10.452755,17.11,1.0,1.0,1.306712,1.5444,2
Q-00292,REP-02,Bronze,2,6.642466,8.42,2.0,2.0,1.0,9.994288,0.780822,0.0,11.642466,13.42,0.0,0.0,5.452486,7.0893,2
Q-00293,REP-02,Silver,6,1.015461,5.09,6.0,1.0,0.199501,10.599157,0.573566,1.0,6.928878,15.09,0.0,1.0,0.738898,2.2925,2
Q-00294,REP-08,Silver,2,0.0,0.0,2.0,0.0,0.0,9.817439,0.435967,1.0,6.550763,6.59,0.0,1.0,-3.137633,0.6227,0
Q-00295,REP-08,Bronze,2,7.060351,11.32,2.0,2.0,1.0,11.538603,0.701754,0.0,12.060351,16.32,0.0,1.0,2.371955,7.4489,2
Q-00296,REP-05,Silver,4,0.07967,0.13,4.0,1.0,0.612846,11.348652,0.966411,1.0,7.417837,10.13,2.0,0.0,3.60506,0.4998,1
Q-00297,REP-05,Silver,1,0.0,0.0,1.0,0.0,0.0,9.105091,1.0,1.0,0.95,0.95,2.0,0.0,-2.862778,0.0,0
Q-00298,REP-01,Bronze,1,0.0,0.0,1.0,0.0,0.0,10.59666,1.0,0.0,2.97,2.97,0.0,0.0,-2.605847,0.8833,0
Q-00299,REP-05,Bronze,4,4.834441,8.69,4.0,3.0,0.879599,11.915058,0.102341,0.0,9.801933,13.69,2.0,1.0,5.989155,4.512,2
Q-00300,REP-02,Bronze,2,3.036055,3.52,2.0,2.0,1.0,11.881042,0.145329,0.0,8.036055,8.52,0.0,1.0,1.846075,3.408,2
Q-00301,REP-02,Gold,4,0.0,0.0,4.0,0.0,0.0,11.333512,0.720311,2.0,5.691316,6.41,0.0,0.0,-0.498664,0.6526,0
Q-00302,REP-07,Gold,2,0.0,0.0,2.0,0.0,0.0,11.732069,0.216867,2.0,8.907349,9.97,1.0,0.0,-0.238693,0.4168,0
Q-00303,REP-07,Bronze,2,16.725152,18.31,2.0,2.0,1.0,9.200391,0.151515,0.0,21.725152,23.31,1.0,1.0,12.579109,9.854,2
Q-00304,REP-05,Gold,3,0.0,0.0,3.0,0.0,0.0,9.920885,0.4914,2.0,4.003219,8.21,2.0,0.0,0.190441,0.0,0
Q-00305,REP-04,Silver,4,0.0,0.0,4.0,0.0,0.0,12.007628,0.780488,1.0,4.604183,9.28,0.0,0.0,-1.189813,1.5759,1
Q-00306,REP-07,Gold,4,1.615911,3.97,4.0,1.0,0.407031,11.590821,0.855689,2.0,12.354107,15.97,1.0,1.0,3.208064,2.8755,2
Q-00307,REP-02,Bronze,2,3.347059,5.69,2.0,1.0,0.588235,7.333676,0.0,0.0,7.140588,10.69,0.0,0.0,0.950608,2.0444,1
Q-00308,REP-03,Gold,2,0.0,0.0,2.0,0.0,0.0,8.04751,0.864,2.0,0.06048,0.07,2.0,0.0,-4.218356,0.0,0
Q-00309,REP-02,Bronze,2,2.8369,2.85,2.0,2.0,1.0,11.830659,0.0,0.0,7.8369,7.85,0.0,0.0,1.64692,2.65,2
Q-00310,REP-08,Silver,5,2.287204,8.1,5.0,2.0,0.941523,11.842452,0.028051,1.0,11.953696,18.1,0.0,0.0,2.265299,2.8277,2
Q-00311,REP-08,Silver,4,3.806469,6.35,4.0,2.0,0.623766,11.204033,0.623766,1.0,12.031062,16.35,0.0,0.0,2.342666,4.6309,2
Q-00312,REP-02,Bronze,4,0.168652,0.8,4.0,2.0,0.216156,12.026503,0.161556,0.0,3.098226,5.8,0.0,0.0,-3.091754,1.6404,1
Q-00313,REP-05,Silver,2,0.0,0.0,2.0,0.0,0.0,7.850104,0.701754,1.0,2.975439,4.24,2.0,0.0,-0.837339,0.0,0
Q-00314,REP-01,Gold,2,0.0,0.0,2.0,0.0,0.0,6.493754,0.0,2.0,2.179545,2.74,0.0,0.0,-3.396302,0.0,0
Q-00315,REP-04,Silver,3,0.0,0.0,3.0,0.0,0.0,9.869207,0.72445,1.0,4.711757,5.5,0.0,0.0,-1.082239,0.3395,0
Q-00316,REP-03,Silver,4,0.0,0.0,4.0,0.0,0.0,10.005638,0.69526,1.0,3.651016,5.05,2.0,0.0,-0.62782,0.0,0
Q-00317,REP-05,Bronze,1,0.85,0.85,1.0,1.0,1.0,10.085851,0.0,0.0,5.85,5.85,2.0,1.0,2.037222,0.5005,0
Q-00318,REP-04,Silver,1,0.0,0.0,1.0,0.0,0.0,10.422311,0.0,1.0,5.06,5.06,0.0,1.0,-0.733996,0.51,0
Q-00319,REP-08,Silver,5,4.422528,13.83,5.0,2.0,0.419085,12.222443,0.315789,1.0,13.355416,23.83,0.0,0.0,3.667019,6.7409,2
Q-00320,REP-04,Silver,3,0.0,0.0,3.0,0.0,0.0,9.583695,0.963855,1.0,2.330688,6.73,0.0,0.0,-3.463307,0.4312,0
Q-00321,REP-01,Gold,3,0.0,0.0,3.0,0.0,0.0,11.938853,0.898106,2.0,6.06712,6.67,0.0,1.0,0.491272,1.7798,1
Q-00322,REP-07,Bronze,4,1.886017,6.79,4.0,3.0,0.720339,10.474495,0.669492,0.0,6.002288,11.79,1.0,0.0,-3.143755,2.007,2
Q-00323,REP-04,Gold,2,0.0,0.0,2.0,0.0,0.0,11.380548,1.0,2.0,3.621644,7.16,0.0,1.0,-2.172352,1.29,1
Q-00324,REP-07,Silver,3,0.0,0.0,3.0,0.0,0.0,9.845647,0.397351,1.0,8.881523,9.0,1.0,0.0,-0.26452,0.0,0
Q-00325,REP-07,Silver,6,0.461028,9.23,6.0,2.0,0.323888,12.420139,0.326552,1.0,8.711016,19.23,1.0,0.0,-0.435026,3.1229,2
Q-00326,REP-04,Bronze,4,2.538469,5.62,4.0,3.0,0.877551,10.288784,0.785714,0.0,7.271531,10.62,0.0,1.0,1.477535,3.6609,2
Q-00327,REP-06,Gold,2,0.0,0.0,2.0,0.0,0.0,7.131699,0.0,2.0,8.46,9.1,2.0,1.0,2.338538,0.0,0
Q-00328,REP-02,Silver,3,0.0,0.0,3.0,0.0,0.0,11.870607,0.863636,1.0,5.235979,8.54,0.0,1.0,-0.954001,1.8967,1
Q-00329,REP-05,Silver,2,0.0,0.0,2.0,0.0,0.0,10.566201,1.0,1.0,2.088247,2.43,2.0,0.0,-1.72453,0.0533,0
Q-00330,REP-04,Silver,1,0.0,0.0,1.0,0.0,0.0,8.47658,0.0,1.0,3.64,3.64,0.0,0.0,-2.153996,0.0,0
Q-00331,REP-07,Silver,3,0.147022,0.79,3.0,1.0,0.186104,11.990407,0.128412,1.0,7.980565,10.79,1.0,0.0,-1.165478,1.0426,1
Q-00332,REP-06,Silver,6,0.156142,1.17,6.0,1.0,0.133455,11.907437,0.149631,1.0,3.352824,11.17,2.0,0.0,-2.768638,0.693,0
Q-00333,REP-06,Bronze,5,6.16143,10.94,5.0,2.0,0.573472,10.55714,0.671001,0.0,10.645845,15.94,2.0,1.0,4.524384,5.5741,2
Q-00334,REP-04,Gold,1,0.0,0.0,1.0,0.0,0.0,10.268165,0.0,2.0,6.31,6.31,0.0,0.0,0.516004,0.0,0
Q-00335,REP-05,Gold,5,0.0,0.0,5.0,0.0,0.0,11.100451,0.149547,2.0,5.110544,9.72,2.0,1.0,1.297766,0.0439,0
Q-00336,REP-06,Bronze,3,1.034685,1.37,3.0,1.0,0.755245,10.66665,0.244755,0.0,5.268392,6.37,2.0,0.0,-0.85307,0.4774,0
Q-00337,REP-05,Bronze,2,1.047374,1.12,2.0,2.0,1.0,11.584325,0.0,0.0,6.047374,6.12,2.0,0.0,2.234597,0.8581,1
Q-00338,REP-02,Silver,3,0.0,0.0,3.0,0.0,0.0,11.809327,1.0,1.0,8.390037,9.43,0.0,1.0,2.200057,1.9008,2
Q-00339,REP-08,Silver,4,2.27125,4.1,4.0,2.0,0.640625,11.942114,0.632812,1.0,11.688047,14.1,0.0,1.0,1.999651,4.2047,2
Q-00340,REP-06,Gold,3,0.0,0.0,3.0,0.0,0.0,11.465844,0.0,2.0,4.957107,7.46,2.0,0.0,-1.164355,0.0,0
Q-00341,REP-02,Silver,4,0.0,0.0,4.0,0.0,0.0,11.099695,0.695389,1.0,5.454641,8.88,0.0,0.0,-0.735339,0.7137,0
Q-00342,REP-02,Silver,5,0.836455,1.87,5.0,1.0,0.447302,11.401167,0.534526,1.0,8.760266,11.87,0.0,0.0,2.570286,1.7275,1
Q-00343,REP-03,Silver,2,0.0,0.0,2.0,0.0,0.0,9.933095,1.0,1.0,2.366214,3.18,2.0,0.0,-1.912623,0.0,0
Q-00344,REP-05,Gold,4,0.0,0.0,4.0,0.0,0.0,9.536113,0.577617,2.0,7.032202,11.1,2.0,0.0,3.219424,0.0,0
Q-00345,REP-07,Silver,3,0.398939,0.62,3.0,2.0,0.646365,10.837638,0.353635,1.0,9.963969,10.62,1.0,0.0,0.817926,0.3344,0
Q-00346,REP-03,Bronze,1,6.46,6.46,1.0,1.0,1.0,11.385103,1.0,0.0,11.46,11.46,2.0,1.0,7.181164,7.2703,2
Q-00347,REP-02,Bronze,5,1.288477,2.36,5.0,3.0,0.583788,11.373387,0.993389,0.0,4.921578,7.36,0.0,0.0,-1.268402,2.6085,2
Q-00348,REP-01,Gold,4,0.0,0.0,4.0,0.0,0.0,11.291044,0.303371,2.0,2.185843,3.77,0.0,0.0,-3.390004,0.3944,0
Q-00349,REP-02,Silver,3,0.0,0.0,3.0,0.0,0.0,10.728781,0.700986,1.0,4.592158,5.0,0.0,0.0,-1.597822,0.546,0
Q-00350,REP-03,Bronze,4,0.509653,1.32,4.0,1.0,0.3861,9.938903,0.965251,0.0,4.669884,6.32,2.0,0.0,0.391048,0.6769,0
Q-00351,REP-03,Silver,2,0.0,0.0,2.0,0.0,0.0,11.391898,0.857788,1.0,3.930384,5.32,2.0,1.0,-0.348452,0.8401,0
Q-00352,REP-05,Gold,2,0.0,0.0,2.0,0.0,0.0,10.532123,0.2,2.0,4.362,4.66,2.0,1.0,0.549222,0.0,0
Q-00353,REP-04,Silver,2,0.0,0.0,2.0,0.0,0.0,10.933125,1.0,1.0,6.523571,6.65,0.0,0.0,0.729576,0.7967,0
Q-00354,REP-08,Silver,4,5.061245,6.09,4.0,2.0,0.837263,11.770285,0.245845,1.0,14.460387,16.09,0.0,0.0,4.77199,4.0023,2
Q-00355,REP-05,Silver,1,0.0,0.0,1.0,0.0,0.0,9.510519,1.0,1.0,3.02,3.02,2.0,1.0,-0.792778,0.2925,0
Q-00356,REP-04,Silver,6,1.576427,7.65,6.0,1.0,0.206069,11.794195,0.783514,1.0,6.8776,17.65,0.0,0.0,1.083604,2.8185,2
Q-00357,REP-03,Gold,2,0.0,0.0,2.0,0.0,0.0,10.515994,0.560976,2.0,3.160732,7.11,2.0,0.0,-1.118104,0.0,0
Q-00358,REP-06,Bronze,2,0.0,0.0,2.0,0.0,0.0,7.8144,0.0,0.0,0.860303,3.43,2.0,0.0,-5.261159,0.0,0
Q-00359,REP-08,Gold,2,0.924,2.31,2.0,1.0,0.4,10.71444,0.4,2.0,12.904,13.3,0.0,1.0,3.215604,1.6353,1
Q-00360,REP-02,Bronze,4,0.0,0.0,4.0,0.0,0.0,10.717768,0.259136,0.0,3.509269,4.38,0.0,0.0,-2.680711,0.5188,0
Q-00361,REP-02,Silver,6,0.726625,6.33,6.0,2.0,0.16158,11.620892,0.480251,1.0,8.156203,16.33,0.0,1.0,1.966223,2.7247,2
Q-00362,REP-02,Silver,1,0.0,0.0,1.0,0.0,0.0,8.748464,1.0,1.0,7.26,7.26,0.0,0.0,1.07002,0.3825,0
Q-00363,REP-04,Silver,3,0.0,0.0,3.0,0.0,0.0,10.181157,0.113636,1.0,7.606136,7.93,0.0,1.0,1.81214,0.5125,0
Q-00364,REP-08,Gold,3,4.298137,8.65,3.0,1.0,0.496894,11.296025,0.596273,2.0,15.91441,18.65,0.0,0.0,6.226014,5.1207,2
Q-00365,REP-05,Gold,3,0.0,0.0,3.0,0.0,0.0,10.507831,0.196721,2.0,7.461639,7.85,2.0,1.0,3.648862,0.0,0
Q-00366,REP-07,Silver,3,0.029006,0.54,3.0,1.0,0.053714,11.977766,0.0,1.0,9.230584,10.54,1.0,0.0,0.084541,0.878,0
Q-00367,REP-04,Gold,1,0.0,0.0,1.0,0.0,0.0,8.268988,1.0,2.0,7.11,7.11,0.0,1.0,1.316004,0.5925,0
Q-00368,REP-08,Bronze,5,5.571507,6.33,5.0,5.0,1.0,11.858648,0.963199,0.0,10.571507,11.33,0.0,1.0,0.883111,7.4589,2
Q-00369,REP-05,Silver,2,0.0,0.0,2.0,0.0,0.0,10.896758,0.222222,1.0,3.752222,4.55,2.0,1.0,-0.060556,0.2022,0
Q-00370,REP-08,Gold,2,0.0,0.0,2.0,0.0,0.0,11.666513,0.0,2.0,9.345111,9.92,0.0,0.0,-0.343285,0.5317,0
Q-00371,REP-06,Bronze,2,0.0,0.0,2.0,0.0,0.0,7.901377,1.0,0.0,2.981111,3.31,2.0,0.0,-3.14035,0.0,0
Q-00372,REP-08,Silver,2,0.0,0.0,2.0,0.0,0.0,10.232827,0.28777,1.0,8.853813,9.68,0.0,1.0,-0.834583,0.6199,0
Q-00373,REP-07,Gold,2,0.797266,1.57,2.0,1.0,0.507812,10.843514,0.507812,2.0,10.477344,11.57,1.0,0.0,1.331301,0.8084,1
Q-00374,REP-06,Bronze,3,3.717705,6.03,3.0,2.0,0.993702,10.665951,0.0,0.0,8.710525,11.03,2.0,0.0,2.589063,1.982,1
Q-00375,REP-03,Silver,2,0.0,0.0,2.0,0.0,0.0,10.501664,0.989691,1.0,2.355464,2.38,2.0,0.0,-1.923372,0.0275,0
Q-00376,REP-04,Silver,5,0.386435,2.01,5.0,1.0,0.192256,9.837668,0.46996,1.0,7.366782,12.01,0.0,0.0,1.572786,0.5779,0
Q-00377,REP-04,Bronze,4,0.151359,0.92,4.0,2.0,0.229965,11.363276,0.125436,0.0,2.788118,5.92,0.0,0.0,-3.005877,0.9744,0
Q-00378,REP-08,Silver,3,0.617353,0.63,3.0,1.0,0.979925,11.204714,0.979925,1.0,10.570221,10.63,0.0,1.0,0.881825,1.9691,1
Q-00379,REP-06,Silver,6,0.0,0.0,6.0,0.0,0.0,10.926136,0.598813,1.0,3.569265,6.31,2.0,1.0,-2.552196,0.4228,0
Q-00380,REP-05,Silver,1,0.0,0.0,1.0,0.0,0.0,6.580639,0.0,1.0,0.0,0.0,2.0,0.0,-3.812778,0.0,0
Q-00381,REP-08,Silver,3,0.464602,3.5,3.0,1.0,0.132743,10.613516,0.737463,1.0,7.858879,13.5,0.0,0.0,-1.829517,1.1047,1
Q-00382,REP-03,Bronze,1,2.44,2.44,1.0,1.0,1.0,7.09091,0.0,0.0,7.44,7.44,2.0,0.0,3.161164,0.7032,1
Q-00383,REP-01,Bronze,3,4.57539,8.25,3.0,1.0,0.554593,10.164543,0.0,0.0,7.734246,13.25,0.0,0.0,2.158399,3.0455,2
Q-00384,REP-06,Silver,3,0.0,0.0,3.0,0.0,0.0,11.112463,1.0,1.0,2.082612,4.74,2.0,0.0,-4.03885,0.2883,0
Q-00385,REP-05,Gold,2,0.0,0.0,2.0,0.0,0.0,9.959442,0.0,2.0,5.527234,7.7,2.0,1.0,1.714456,0.0,0
Q-00386,REP-03,Bronze,6,1.687087,3.58,6.0,3.0,0.87472,10.75398,0.730535,0.0,6.536713,8.58,2.0,1.0,2.257876,2.2361,1
Q-00387,REP-08,Gold,4,1.787234,2.52,4.0,1.0,0.70922,10.652566,0.808511,2.0,11.187872,12.52,0.0,0.0,1.499476,2.1357,2
Q-00388,REP-08,Silver,3,10.798033,14.97,3.0,1.0,0.721311,11.018646,0.893443,1.0,20.19918,24.97,0.0,0.0,10.510784,11.4968,2
Q-00389,REP-08,Silver,6,0.901702,1.08,6.0,3.0,0.874098,11.640976,0.950202,1.0,10.617687,11.08,0.0,0.0,0.929291,2.1247,2
Q-00390,REP-03,Bronze,5,0.036557,1.4,5.0,2.0,0.19745,11.197612,0.274142,0.0,1.386814,6.4,2.0,0.0,-2.892022,0.3402,0
Q-00391,REP-08,Bronze,2,3.063766,5.15,2.0,2.0,1.0,9.131405,0.584416,0.0,8.063766,10.15,0.0,0.0,-1.62463,3.5158,2
Q-00392,REP-08,Gold,1,2.62,2.62,1.0,1.0,1.0,9.341456,1.0,2.0,14.62,14.62,0.0,0.0,4.931604,2.694,2
Q-00393,REP-08,Silver,3,4.565643,7.51,3.0,2.0,0.811054,11.95505,0.59126,1.0,14.527853,17.51,0.0,0.0,4.839457,6.0105,2
Q-00394,REP-06,Bronze,3,3.504572,9.44,3.0,2.0,0.916371,12.192486,0.083629,0.0,8.238632,14.44,2.0,0.0,2.11717,3.6005,2
Q-00395,REP-06,Bronze,5,0.944927,1.42,5.0,2.0,0.699758,10.81096,0.696126,0.0,5.422167,6.42,2.0,0.0,-0.699294,1.1436,0
Q-00396,REP-07,Silver,4,0.114618,1.02,4.0,2.0,0.115152,10.809748,0.0,1.0,9.482982,11.02,1.0,1.0,0.336939,0.5028,0
Q-00397,REP-03,Bronze,3,4.757955,7.57,3.0,3.0,1.0,10.58661,0.522727,0.0,9.757955,12.57,2.0,0.0,5.479118,4.2475,2
Q-00398,REP-01,Gold,5,0.053804,0.8,5.0,1.0,0.067255,12.091929,0.10929,2.0,9.04116,10.8,0.0,0.0,3.465313,1.2402,1
Q-00399,REP-04,Gold,4,0.0,0.0,4.0,0.0,0.0,12.382967,0.368664,2.0,7.600155,11.21,0.0,1.0,1.806159,2.2019,1
Q-00400,REP-04,Silver,2,0.0,0.0,2.0,0.0,0.0,10.007893,0.0,1.0,2.523243,4.68,0.0,0.0,-3.270753,0.0,0
Q-00401,REP-07,Bronze,2,2.740625,3.23,2.0,2.0,1.0,9.169623,0.4375,0.0,7.740625,8.23,1.0,0.0,-1.405418,2.1205,2
Q-00402,REP-08,Gold,1,0.0,0.0,1.0,0.0,0.0,9.893488,1.0,2.0,5.87,5.87,0.0,0.0,-3.818396,0.275,0
Q-00403,REP-02,Bronze,4,0.868042,1.54,4.0,1.0,0.563664,11.506414,0.639155,0.0,5.319044,6.54,0.0,0.0,-0.870936,2.078,2
Q-00404,REP-07,Silver,6,0.0,0.0,6.0,0.0,0.0,11.431943,0.081327,1.0,6.465498,7.46,1.0,0.0,-2.680545,0.2932,0
Q-00405,REP-08,Gold,4,1.65292,10.67,4.0,2.0,0.283186,11.124332,0.283186,2.0,10.59646,20.67,0.0,1.0,0.908064,3.2929,2
Q-00406,REP-03,Silver,4,0.0,0.0,4.0,0.0,0.0,11.627156,0.328278,1.0,4.573202,7.79,2.0,1.0,0.294366,0.7447,0
Q-00407,REP-06,Gold,1,0.72,0.72,1.0,1.0,1.0,10.778977,1.0,2.0,10.72,10.72,2.0,0.0,4.598538,0.594,0
Q-00408,REP-01,Gold,2,0.0,0.0,2.0,0.0,0.0,6.962243,0.0,2.0,4.501943,10.88,0.0,0.0,-1.073904,0.0,0
Q-00409,REP-05,Bronze,3,0.686777,4.35,3.0,2.0,0.677686,10.499601,0.322314,0.0,5.206529,9.35,2.0,1.0,1.393751,1.0967,0
Q-00410,REP-02,Gold,4,0.222,2.22,4.0,1.0,0.1,10.71444,0.14,2.0,6.5308,12.22,0.0,1.0,0.34082,0.8927,0
Q-00411,REP-05,Gold,2,0.0,0.0,2.0,0.0,0.0,11.150534,0.517241,2.0,5.457931,8.97,2.0,0.0,1.645153,0.0,0
Q-00412,REP-02,Silver,4,0.0,0.0,4.0,0.0,0.0,9.838736,0.944252,1.0,3.991958,6.7,0.0,0.0,-2.198022,0.4555,0
Q-00413,REP-04,Silver,6,0.0,0.0,6.0,0.0,0.0,11.189285,0.760194,1.0,5.425701,7.72,0.0,0.0,-0.368294,0.801,0
Q-00414,REP-01,Bronze,3,0.378132,8.11,3.0,2.0,0.56044,8.828494,0.967033,0.0,5.241868,13.11,0.0,0.0,-0.333979,1.6862,1
Q-00415,REP-08,Gold,5,0.231498,0.42,5.0,1.0,0.551186,11.374651,0.551186,2.0,12.079374,14.58,0.0,1.0,2.390977,1.2795,1
Q-00416,REP-05,Silver,3,0.0,0.0,3.0,0.0,0.0,9.666562,0.988593,1.0,2.289354,3.39,2.0,1.0,-1.523424,0.3052,0
Q-00417,REP-08,Silver,1,3.82,3.82,1.0,1.0,1.0,8.699681,1.0,1.0,13.82,13.82,0.0,0.0,4.131604,4.009,2
Q-00418,REP-04,Gold,6,0.0,0.0,6.0,0.0,0.0,11.697586,0.788992,2.0,6.176849,9.25,0.0,0.0,0.382853,0.9963,1
Q-00419,REP-01,Gold,6,0.0,0.0,6.0,0.0,0.0,11.833856,0.180644,2.0,1.07818,4.16,0.0,0.0,-4.497667,0.808,1
Q-00420,REP-02,Silver,4,0.0,0.0,4.0,0.0,0.0,11.716894,0.685015,1.0,3.059028,7.33,0.0,0.0,-3.130952,1.1786,1
Q-00421,REP-03,Gold,4,0.0,0.0,4.0,0.0,0.0,10.532123,0.304,2.0,5.2518,7.72,2.0,0.0,0.972964,0.0,0
Q-00422,REP-04,Gold,2,0.0,0.0,2.0,0.0,0.0,11.391334,0.903444,2.0,10.500728,11.25,0.0,0.0,4.706733,0.7948,0
Q-00423,REP-02,Bronze,4,1.095307,2.05,4.0,3.0,0.960894,10.891187,0.307263,0.0,5.976816,7.05,0.0,0.0,-0.213164,1.3493,1
Q-00424,REP-03,Silver,2,0.0,0.0,2.0,0.0,0.0,9.038484,0.0,1.0,2.474751,2.55,2.0,1.0,-1.804086,0.0,0
Q-00425,REP-08,Bronze,4,2.257683,3.97,4.0,3.0,0.866117,11.483507,0.860968,0.0,7.15861,8.97,0.0,0.0,-2.529787,3.6073,2
Q-00426,REP-01,Bronze,2,0.0,0.0,2.0,0.0,0.0,9.605822,0.969697,0.0,4.644848,4.79,0.0,0.0,-0.930999,0.6571,0
Q-00427,REP-06,Gold,2,1.062455,1.09,2.0,1.0,0.974729,9.536113,0.974729,2.0,10.993971,11.09,2.0,1.0,4.87251,1.0739,0
Q-00428,REP-05,Silver,2,0.0,0.0,2.0,0.0,0.0,10.757924,0.425532,1.0,3.4,7.99,2.0,0.0,-0.412778,0.0,0
Q-00429,REP-01,Bronze,2,13.011189,13.78,2.0,2.0,1.0,10.443513,0.0,0.0,18.011189,18.78,0.0,1.0,12.435342,7.7165,2
Q-00430,REP-02,Gold,1,0.0,0.0,1.0,0.0,0.0,9.952325,0.0,2.0,4.36,4.36,0.0,0.0,-1.82998,0.0,0
Q-00431,REP-05,Silver,2,0.0,0.0,2.0,0.0,0.0,10.601647,0.820896,1.0,0.88194,2.77,2.0,0.0,-2.930837,0.0,0
Q-00432,REP-02,Gold,4,0.0,0.0,4.0,0.0,0.0,10.892954,0.083651,2.0,10.319339,11.28,0.0,1.0,4.129359,0.5043,1
Q-00433,REP-08,Silver,4,0.423916,2.11,4.0,2.0,0.775985,12.287427,0.224015,1.0,9.827124,12.11,0.0,0.0,0.138728,2.1213,2
Q-00434,REP-07,Bronze,2,1.72,5.56,2.0,2.0,1.0,7.91972,0.872727,0.0,6.72,10.56,1.0,0.0,-2.426043,1.9621,1
Q-00435,REP-03,Silver,2,0.0,0.0,2.0,0.0,0.0,11.771444,0.0,1.0,0.642857,1.85,2.0,1.0,-3.635979,0.7092,0
Q-00436,REP-07,Gold,3,0.0,0.0,3.0,0.0,0.0,9.590556,0.0,2.0,8.068154,9.41,1.0,0.0,-1.077889,0.0,0
Q-00437,REP-05,Silver,4,0.05913,0.85,4.0,1.0,0.069565,10.448744,0.695652,1.0,4.09687,10.85,2.0,1.0,0.284092,0.4433,0
Q-00438,REP-05,Silver,1,0.0,0.0,1.0,0.0,0.0,10.085851,1.0,1.0,2.04,2.04,2.0,0.0,-1.772778,0.0,0
Q-00439,REP-01,Bronze,2,0.0,0.0,2.0,0.0,0.0,11.127278,1.0,0.0,0.0,0.0,0.0,0.0,-5.575847,1.1167,1
Q-00440,REP-04,Bronze,3,0.0,0.0,3.0,0.0,0.0,11.083695,0.225806,0.0,2.758249,3.76,0.0,0.0,-3.035747,0.6667,0
Q-00441,REP-08,Silver,3,0.324138,0.47,3.0,1.0,0.689655,10.611548,1.0,1.0,9.424138,10.47,0.0,0.0,-0.264258,0.9923,0
Q-00442,REP-04,Silver,4,5.028508,6.92,4.0,1.0,0.726663,12.276908,0.0,1.0,14.084321,16.92,0.0,0.0,8.290325,4.4422,2
Q-00443,REP-07,Gold,4,1.584349,4.74,4.0,1.0,0.334251,11.529989,0.992922,2.0,8.828742,14.74,1.0,0.0,-0.317301,2.506,2
Q-00444,REP-05,Gold,3,0.0,0.0,3.0,0.0,0.0,10.868587,0.76,2.0,5.2016,6.11,2.0,0.0,1.388822,0.0,0
Q-00445,REP-08,Bronze,4,0.418415,3.63,4.0,2.0,0.179939,10.170495,0.953292,0.0,3.271646,8.63,0.0,0.0,-6.41675,1.4636,1
Q-00446,REP-08,Silver,1,1.32,1.32,1.0,1.0,1.0,9.287394,0.0,1.0,11.32,11.32,0.0,1.0,1.631604,1.0196,0
Q-00447,REP-01,Gold,1,0.0,0.0,1.0,0.0,0.0,10.859018,0.0,2.0,5.89,5.89,0.0,0.0,0.314153,0.0,0
Q-00448,REP-06,Gold,3,0.0,0.0,3.0,0.0,0.0,11.505911,0.981873,2.0,2.112508,4.54,2.0,0.0,-4.008954,0.3275,0
Q-00449,REP-02,Gold,1,1.61,1.61,1.0,1.0,1.0,9.287394,1.0,2.0,11.61,11.61,0.0,1.0,5.42002,2.1795,2
Q-00450,REP-08,Gold,5,0.732726,0.86,5.0,1.0,0.852006,11.673095,0.967027,2.0,12.064562,12.86,0.0,0.0,2.376165,1.78,1
Q-00451,REP-07,Gold,3,0.0,0.0,3.0,0.0,0.0,10.740757,0.097403,2.0,12.623506,13.1,1.0,1.0,3.477464,0.1486,0
Q-00452,REP-03,Silver,1,0.0,0.0,1.0,0.0,0.0,9.746892,1.0,1.0,3.03,3.03,2.0,0.0,-1.248836,0.0,0
Q-00453,REP-05,Silver,4,0.0,0.0,4.0,0.0,0.0,11.041337,0.966346,1.0,0.088125,3.92,2.0,0.0,-3.724653,0.2315,0
Q-00454,REP-08,Silver,4,0.001015,0.2,4.0,1.0,0.005077,11.679973,0.025385,1.0,5.383095,10.2,0.0,0.0,-4.305301,0.8012,0
Q-00455,REP-01,Bronze,3,2.56521,2.88,3.0,1.0,0.890698,11.728529,0.101564,0.0,7.441864,7.88,0.0,0.0,1.866017,2.4839,2
Q-00456,REP-02,Silver,1,0.0,0.0,1.0,0.0,0.0,6.985642,0.0,1.0,4.86,4.86,0.0,0.0,-1.32998,0.0,0
Q-00457,REP-04,Silver,4,0.0,0.0,4.0,0.0,0.0,11.503895,0.936428,1.0,4.40554,4.96,0.0,0.0,-1.388456,1.1209,1
Q-00458,REP-02,Bronze,1,0.0,0.0,1.0,0.0,0.0,11.724005,0.0,0.0,3.18,3.18,0.0,0.0,-3.00998,1.0292,1
Q-00459,REP-07,Gold,3,0.0,0.0,3.0,0.0,0.0,11.757447,0.760376,2.0,6.471543,8.2,1.0,0.0,-2.6745,0.7424,1
Q-00460,REP-02,Silver,1,0.0,0.0,1.0,0.0,0.0,9.105091,0.0,1.0,5.99,5.99,0.0,0.0,-0.19998,0.0,0
Q-00461,REP-07,Bronze,2,3.334348,3.35,2.0,2.0,1.0,9.755625,0.869565,0.0,8.334348,8.35,1.0,0.0,-0.811695,3.3144,2
Q-00462,REP-01,Gold,2,0.0,0.0,2.0,0.0,0.0,10.640676,0.956938,2.0,10.333206,10.53,0.0,0.0,4.757359,0.4346,0
Q-00463,REP-08,Gold,3,0.0,0.0,3.0,0.0,0.0,11.288544,0.876095,2.0,8.48204,8.94,0.0,0.0,-1.206356,0.7077,0
Q-00464,REP-07,Silver,2,0.0,0.0,2.0,0.0,0.0,10.098273,0.703704,1.0,6.165185,9.74,1.0,0.0,-2.980858,0.0695,0
Q-00465,REP-05,Silver,3,0.0,0.0,3.0,0.0,0.0,10.878066,0.754717,1.0,6.134528,8.26,2.0,1.0,2.321751,0.4868,0
Q-00466,REP-01,Bronze,5,1.308795,5.32,5.0,3.0,0.60994,11.103467,0.525602,0.0,5.97512,10.32,0.0,1.0,0.399273,2.7028,2
Q-00467,REP-02,Bronze,4,2.305618,3.78,4.0,3.0,0.995185,10.528918,0.481541,0.0,7.30374,8.78,0.0,0.0,1.11376,2.2457,2
Q-00468,REP-08,Silver,6,0.0,0.0,6.0,0.0,0.0,10.935176,0.133654,1.0,6.447049,9.0,0.0,0.0,-3.241347,0.3211,0
Q-00469,REP-07,Gold,1,0.0,0.0,1.0,0.0,0.0,8.699681,1.0,2.0,4.27,4.27,1.0,0.0,-4.876043,0.0,0
Q-00470,REP-01,Bronze,2,1.248485,5.15,2.0,1.0,0.242424,9.382696,0.757576,0.0,5.619697,10.15,0.0,0.0,0.04385,1.6065,1
Q-00471,REP-01,Bronze,1,0.0,0.0,1.0,0.0,0.0,10.540091,0.0,0.0,3.56,3.56,0.0,0.0,-2.015847,0.315,0
Q-00472,REP-05,Gold,3,0.0,0.0,3.0,0.0,0.0,10.37851,0.988806,2.0,4.553433,7.18,2.0,1.0,0.740655,0.2218,0
Q-00473,REP-06,Bronze,4,0.686656,2.74,4.0,2.0,0.280328,11.711785,0.463934,0.0,4.47477,7.74,2.0,0.0,-1.646691,1.3239,1
Q-00474,REP-07,Gold,2,0.0,0.0,2.0,0.0,0.0,6.803505,1.0,2.0,7.716667,8.47,1.0,0.0,-1.429376,0.0,0
Q-00475,REP-04,Silver,4,0.0,0.0,4.0,0.0,0.0,12.190558,0.162503,1.0,5.802971,6.54,0.0,0.0,0.008975,1.5104,2
Q-00476,REP-07,Bronze,3,3.296684,4.65,3.0,3.0,1.0,10.942898,0.503979,0.0,8.296684,9.65,1.0,1.0,-0.849359,3.419,2
Q-00477,REP-04,Gold,2,2.2,6.7,2.0,1.0,0.328358,9.908525,1.0,2.0,7.214925,18.7,0.0,0.0,1.420929,2.8625,2
Q-00478,REP-01,Gold,6,0.007066,0.11,6.0,1.0,0.064235,11.361358,0.512015,2.0,5.902297,15.11,0.0,0.0,0.32645,0.5728,0
Q-00479,REP-06,Silver,1,0.0,0.0,1.0,0.0,0.0,7.496097,0.0,1.0,4.23,4.23,2.0,0.0,-1.891462,0.0,0
Q-00480,REP-06,Gold,3,0.0,0.0,3.0,0.0,0.0,10.359677,0.038023,2.0,10.913308,11.0,2.0,1.0,4.791846,0.0,0
Q-00481,REP-01,Silver,4,0.199256,1.53,4.0,1.0,0.130233,11.074436,0.130233,1.0,7.808605,11.53,0.0,0.0,2.232758,0.7248,1
Q-00482,REP-01,Silver,3,0.0,0.0,3.0,0.0,0.0,10.645449,0.85,1.0,2.821143,8.53,0.0,0.0,-2.754704,0.5975,0
Q-00483,REP-04,Gold,3,0.0,0.0,3.0,0.0,0.0,10.452793,0.0,2.0,3.725098,8.65,0.0,1.0,-2.068898,0.2987,0
Q-00484,REP-03,Bronze,2,0.0,0.0,2.0,0.0,0.0,9.997023,0.0,0.0,1.219672,1.24,2.0,0.0,-3.059164,0.0,0
Q-00485,REP-04,Gold,2,0.0,0.0,2.0,0.0,0.0,10.436935,0.0,2.0,2.90256,2.93,0.0,0.0,-2.891435,0.0,0
Q-00486,REP-06,Silver,2,0.0,0.0,2.0,0.0,0.0,10.659633,0.112676,1.0,7.48338,8.2,2.0,0.0,1.361919,0.0,0
Q-00487,REP-08,Silver,2,0.058896,3.2,2.0,1.0,0.018405,10.104426,0.981595,1.0,9.17546,13.2,0.0,0.0,-0.512936,0.9004,0
Q-00488,REP-02,Bronze,3,0.696639,0.95,3.0,2.0,0.92437,9.566685,0.336134,0.0,5.59,5.95,0.0,0.0,-0.59998,0.7588,1
Q-00489,REP-01,Bronze,1,0.0,0.0,1.0,0.0,0.0,7.09091,1.0,0.0,4.39,4.39,0.0,1.0,-1.185847,1.01,0
Q-00490,REP-06,Gold,2,0.0,0.0,2.0,0.0,0.0,9.47547,0.920598,2.0,0.0,0.0,2.0,0.0,-6.121462,0.0,0
Q-00491,REP-03,Gold,2,0.0,0.0,2.0,0.0,0.0,8.021585,0.689655,2.0,4.345517,4.78,2.0,1.0,0.066681,0.0,0
Q-00492,REP-05,Gold,1,0.0,0.0,1.0,0.0,0.0,9.341456,1.0,2.0,1.11,1.11,2.0,0.0,-2.702778,0.0,0
Q-00493,REP-08,Bronze,3,6.225976,8.51,3.0,3.0,1.0,11.409796,0.604213,0.0,11.225976,13.51,0.0,1.0,1.537579,6.9785,2
Q-00494,REP-08,Silver,2,0.123864,5.22,2.0,1.0,0.023729,8.905987,0.976271,1.0,5.652542,15.22,0.0,0.0,-4.035854,1.0046,0
Q-00495,REP-07,Silver,2,0.0,0.0,2.0,0.0,0.0,9.071193,0.517241,1.0,7.916897,8.11,1.0,0.0,-1.229146,0.0,0
Q-00496,REP-08,Silver,3,1.123693,5.31,3.0,1.0,0.211618,8.193124,0.746888,1.0,7.217054,15.31,0.0,0.0,-2.471342,1.277,1
Q-00497,REP-02,Gold,1,0.0,0.0,1.0,0.0,0.0,10.740757,0.0,2.0,3.43,3.43,0.0,0.0,-2.75998,0.0,0
Q-00498,REP-06,Bronze,4,2.392265,9.52,4.0,3.0,0.983619,11.789504,0.342788,0.0,7.369003,14.52,2.0,0.0,1.247542,3.0012,2
Q-00499,REP-03,Gold,4,0.0,0.0,4.0,0.0,0.0,11.898195,0.167347,2.0,4.321837,5.85,2.0,1.0,0.043001,0.727,1
Q-00500,REP-08,Gold,1,11.73,11.73,1.0,1.0,1.0,8.188967,1.0,2.0,23.73,23.73,0.0,1.0,14.041604,11.7335,2
Q-00501,REP-06,Bronze,4,7.077293,9.79,4.0,2.0,0.732914,11.619095,1.0,0.0,11.368462,14.79,2.0,0.0,5.247001,7.8985,2
Q-00502,REP-04,Gold,2,0.0,0.0,2.0,0.0,0.0,11.200964,0.0,2.0,4.550902,6.03,0.0,1.0,-1.243094,0.62,0
Q-00503,REP-03,Bronze,3,0.611124,1.11,3.0,1.0,0.550562,10.885585,0.0,0.0,4.327697,6.11,2.0,0.0,0.04886,0.2238,0
Q-00504,REP-07,Bronze,3,7.63121,8.93,3.0,3.0,1.0,11.740865,0.732484,0.0,12.63121,13.93,1.0,1.0,3.485167,8.5342,2
Q-00505,REP-04,Silver,2,0.0,0.0,2.0,0.0,0.0,9.806481,0.0,1.0,2.444876,5.19,0.0,0.0,-3.34912,0.0,0
Q-00506,REP-01,Silver,5,0.0,0.0,5.0,0.0,0.0,11.513535,0.879472,1.0,5.167527,6.35,0.0,0.0,-0.40832,1.0975,1
Q-00507,REP-05,Silver,4,0.0,0.0,4.0,0.0,0.0,11.53714,0.043924,1.0,8.107731,8.82,2.0,1.0,4.294953,0.5079,0
Q-00508,REP-08,Silver,5,2.182648,3.43,5.0,2.0,0.83022,10.495045,0.249066,1.0,11.677011,13.43,0.0,0.0,1.988615,1.5916,1
Q-00509,REP-02,Silver,1,0.0,0.0,1.0,0.0,0.0,8.188967,1.0,1.0,5.74,5.74,0.0,0.0,-0.44998,0.36,0
Q-00510,REP-04,Silver,3,0.0,0.0,3.0,0.0,0.0,11.378262,0.183066,1.0,5.415515,7.54,0.0,0.0,-0.378481,0.609,0
Q-00511,REP-07,Gold,2,0.0,0.0,2.0,0.0,0.0,11.265758,0.084507,2.0,10.215775,10.4,1.0,0.0,1.069732,0.0,0
Q-00512,REP-02,Gold,2,0.0,0.0,2.0,0.0,0.0,10.158169,0.0,2.0,4.518837,4.68,0.0,0.0,-1.671143,0.0,0
Q-00513,REP-04,Gold,3,0.0,0.0,3.0,0.0,0.0,11.503895,0.024218,2.0,5.568174,9.53,0.0,0.0,-0.225822,0.3992,0
Q-00514,REP-01,Bronze,2,3.07177,3.29,2.0,2.0,1.0,10.718874,0.840708,0.0,8.07177,8.29,0.0,1.0,2.495923,4.1028,2
Q-00515,REP-07,Silver,4,0.0,0.0,4.0,0.0,0.0,10.132255,0.620525,1.0,6.2642,7.18,1.0,0.0,-2.881842,0.0308,0
Q-00516,REP-04,Bronze,1,0.0,0.0,1.0,0.0,0.0,9.472782,0.0,0.0,4.73,4.73,0.0,0.0,-1.063996,0.1083,0
Q-00517,REP-03,Silver,2,0.0,0.0,2.0,0.0,0.0,11.584325,0.092179,1.0,9.146369,9.74,2.0,0.0,4.867533,0.1257,0
Q-00518,REP-01,Silver,4,0.111733,2.48,4.0,1.0,0.045054,11.576285,0.045054,1.0,4.547207,12.48,0.0,0.0,-1.02864,1.0593,0
Q-00519,REP-03,Silver,5,0.0,0.0,5.0,0.0,0.0,11.572147,0.059378,1.0,5.63935,7.04,2.0,1.0,1.360513,0.5468,0
Q-00520,REP-08,Gold,5,0.005992,2.76,5.0,1.0,0.002171,11.037885,0.130256,2.0,12.198168,17.76,0.0,1.0,2.509772,0.906,0
Q-00521,REP-07,Silver,2,0.0,0.0,2.0,0.0,0.0,9.37594,0.847458,1.0,9.454576,9.54,1.0,0.0,0.308533,0.0444,0
Q-00522,REP-06,Silver,6,0.068074,0.2,6.0,1.0,0.340372,11.058181,0.126064,1.0,8.700788,10.2,2.0,0.0,2.579326,0.0,0
Q-00523,REP-04,Bronze,4,5.723702,13.68,4.0,2.0,0.446281,11.010415,0.583471,0.0,10.298744,18.68,0.0,1.0,4.504748,5.1946,2
Q-00524,REP-02,Silver,3,0.0,0.0,3.0,0.0,0.0,9.337061,0.449339,1.0,4.920793,9.66,0.0,1.0,-1.269187,0.5717,0
Q-00525,REP-02,Bronze,4,0.109764,2.14,4.0,1.0,0.051292,11.586371,0.036239,0.0,3.35614,7.14,0.0,0.0,-2.83384,1.1983,1
Q-00526,REP-03,Bronze,1,3.61,3.61,1.0,1.0,1.0,9.441531,0.0,0.0,8.61,8.61,2.0,1.0,4.331164,1.8683,2
Q-00527,REP-03,Bronze,4,0.469189,0.89,4.0,1.0,0.527179,11.354645,0.0,0.0,3.284681,5.89,2.0,0.0,-0.994155,0.4063,0
Q-00528,REP-01,Silver,1,0.0,0.0,1.0,0.0,0.0,8.779711,0.0,1.0,5.22,5.22,0.0,0.0,-0.355847,0.0,0
Q-00529,REP-05,Gold,2,0.0,0.0,2.0,0.0,0.0,7.143618,0.0,2.0,5.527826,6.08,2.0,0.0,1.715048,0.0,0
Q-00530,REP-07,Silver,2,0.940294,1.33,2.0,2.0,1.0,8.314097,0.735294,1.0,10.940294,11.33,1.0,1.0,1.794251,1.1567,1
Q-00531,REP-05,Gold,2,0.0,0.0,2.0,0.0,0.0,10.835671,0.433071,2.0,4.867244,7.22,2.0,0.0,1.054466,0.0,0
Q-00532,REP-01,Silver,6,0.0,0.0,6.0,0.0,0.0,11.659931,0.614667,1.0,6.346109,8.06,0.0,0.0,0.770262,1.0834,0
Q-00533,REP-08,Bronze,1,6.18,6.18,1.0,1.0,1.0,8.881975,1.0,0.0,11.18,11.18,0.0,0.0,1.491604,6.481,2
Q-00534,REP-02,Bronze,1,2.71,2.71,1.0,1.0,1.0,7.026427,0.0,0.0,7.71,7.71,0.0,0.0,1.52002,1.4457,1
Q-00535,REP-08,Gold,4,0.970605,10.12,4.0,2.0,0.19897,11.95312,0.791372,2.0,8.70065,20.12,0.0,0.0,-0.987746,3.2179,2
Q-00536,REP-07,Gold,1,0.0,0.0,1.0,0.0,0.0,9.595671,0.0,2.0,12.4,12.4,1.0,1.0,3.253957,0.0,0
Q-00537,REP-02,Silver,2,0.0,0.0,2.0,0.0,0.0,10.246226,0.993789,1.0,5.69236,6.07,0.0,1.0,-0.49762,1.0114,0
Q-00538,REP-03,Silver,2,0.0,0.0,2.0,0.0,0.0,9.207937,0.0,1.0,0.160902,4.28,2.0,0.0,-4.117934,0.0,0
Q-00539,REP-08,Silver,2,9.240782,9.73,2.0,1.0,0.949721,11.178864,1.0,1.0,19.004972,19.73,0.0,1.0,9.316576,10.2092,2
Q-00540,REP-08,Silver,2,2.22881,4.98,2.0,2.0,1.0,9.197863,0.0,1.0,12.22881,14.98,0.0,1.0,2.540414,1.7962,2
Q-00541,REP-01,Gold,5,0.0,0.0,5.0,0.0,0.0,11.56695,0.893415,2.0,7.446504,8.05,0.0,0.0,1.870657,0.931,0
Q-00542,REP-01,Gold,3,0.0,0.0,3.0,0.0,0.0,10.948189,0.944591,2.0,5.324908,5.76,0.0,0.0,-0.250939,0.5533,1
Q-00543,REP-02,Silver,1,0.0,0.0,1.0,0.0,0.0,5.993961,0.0,1.0,9.07,9.07,0.0,0.0,2.88002,0.0,0
Q-00544,REP-03,Gold,3,0.989469,1.01,3.0,1.0,0.979672,9.924074,0.979672,2.0,10.84335,11.01,2.0,1.0,6.564514,1.0612,0
Q-00545,REP-02,Gold,4,0.0,0.0,4.0,0.0,0.0,10.129866,0.502392,2.0,6.600526,9.94,0.0,0.0,0.410546,0.0453,0
Q-00546,REP-08,Gold,2,0.0,0.0,2.0,0.0,0.0,10.97936,0.0,2.0,11.590588,12.9,0.0,0.0,1.902192,0.0488,0
Q-00547,REP-01,Silver,4,2.07371,5.59,4.0,1.0,0.370968,11.776835,0.28341,1.0,7.873157,15.59,0.0,0.0,2.29731,2.5067,2
Q-00548,REP-01,Bronze,2,1.569672,1.75,2.0,2.0,1.0,8.898502,0.409836,0.0,6.569672,6.75,0.0,1.0,0.993825,1.8137,1
Q-00549,REP-03,Silver,1,0.0,0.0,1.0,0.0,0.0,7.783641,0.0,1.0,8.57,8.57,2.0,0.0,4.291164,0.0,0
Q-00550,REP-08,Bronze,2,7.422925,9.87,2.0,2.0,1.0,9.572271,0.97493,0.0,12.422925,14.87,0.0,0.0,2.734529,7.8729,2
Q-00551,REP-04,Silver,4,3.233204,4.67,4.0,1.0,0.692335,10.656459,0.176616,1.0,11.595613,14.67,0.0,1.0,5.801617,2.5527,2
Q-00552,REP-04,Silver,4,0.200748,4.88,4.0,2.0,0.196262,10.376642,0.794393,1.0,5.545607,14.88,0.0,0.0,-0.248388,1.1707,1
Q-00553,REP-03,Gold,1,0.0,0.0,1.0,0.0,0.0,5.303305,0.0,2.0,1.35,1.35,2.0,1.0,-2.928836,0.0,0
Q-00554,REP-02,Bronze,2,0.0,0.0,2.0,0.0,0.0,9.259226,1.0,0.0,3.283143,4.61,0.0,0.0,-2.906837,0.6375,1
Q-00555,REP-02,Gold,6,0.0,0.0,6.0,0.0,0.0,11.484639,0.890855,2.0,8.482462,9.86,0.0,1.0,2.292482,1.3101,0
Q-00556,REP-03,Silver,3,0.0,0.0,3.0,0.0,0.0,8.820404,0.132939,1.0,0.759084,5.71,2.0,0.0,-3.519752,0.0,0
Q-00557,REP-02,Bronze,1,7.13,7.13,1.0,1.0,1.0,10.491302,1.0,0.0,12.13,12.13,0.0,1.0,5.94002,8.0735,2
Q-00558,REP-01,Gold,3,0.0,0.0,3.0,0.0,0.0,11.828108,0.642101,2.0,4.88143,9.1,0.0,0.0,-0.694417,1.0552,1
Q-00559,REP-06,Bronze,6,1.358447,6.26,6.0,2.0,0.262136,11.437135,0.462783,0.0,5.154951,11.26,2.0,0.0,-0.96651,2.2567,2
Q-00560,REP-02,Bronze,2,0.0,0.0,2.0,0.0,0.0,10.410335,0.240964,0.0,2.55012,3.59,0.0,0.0,-3.639859,0.4092,1
Q-00561,REP-08,Bronze,3,13.061689,13.42,3.0,3.0,1.0,9.413771,0.0,0.0,18.061689,18.42,0.0,1.0,8.373293,7.5142,2
Q-00562,REP-01,Bronze,2,0.954634,1.33,2.0,2.0,1.0,6.933423,0.0,0.0,5.954634,6.33,0.0,0.0,0.378787,0.5558,0
Q-00563,REP-08,Bronze,3,4.711764,5.16,3.0,3.0,1.0,11.929205,0.05276,0.0,9.711764,10.16,0.0,0.0,0.023368,3.9535,2
Q-00564,REP-05,Bronze,3,1.501329,1.74,3.0,2.0,0.863087,11.624028,0.995973,0.0,5.816765,6.74,2.0,0.0,2.003987,2.3288,2
Q-00565,REP-03,Bronze,4,0.928343,1.45,4.0,1.0,0.640236,11.52807,0.053189,0.0,5.181741,6.45,2.0,0.0,0.902905,0.8247,1
Q-00566,REP-04,Silver,3,0.0,0.0,3.0,0.0,0.0,10.413343,0.495495,1.0,3.937477,4.92,0.0,0.0,-1.856518,0.33,0
Q-00567,REP-05,Gold,3,0.0,0.0,3.0,0.0,0.0,11.584325,0.242086,2.0,2.733371,4.64,2.0,0.0,-1.079407,0.0,0
Q-00568,REP-01,Silver,2,6.615575,6.69,2.0,1.0,0.988875,10.703155,0.988875,1.0,16.570742,16.69,0.0,1.0,10.994895,7.4377,2
Q-00569,REP-04,Bronze,3,0.005838,0.92,3.0,1.0,0.006345,9.665294,0.0,0.0,1.777602,5.92,0.0,0.0,-4.016394,0.235,0
Q-00570,REP-06,Silver,3,0.0,0.0,3.0,0.0,0.0,10.924877,0.324091,1.0,6.224977,6.63,2.0,0.0,0.103515,0.0,0
Q-00571,REP-04,Bronze,1,0.0,0.0,1.0,0.0,0.0,10.532123,1.0,0.0,1.93,1.93,0.0,0.0,-3.863996,0.8625,0
Q-00572,REP-04,Silver,1,0.0,0.0,1.0,0.0,0.0,6.111467,0.0,1.0,4.06,4.06,0.0,1.0,-1.733996,0.2337,0
Q-00573,REP-06,Gold,4,0.0,0.0,4.0,0.0,0.0,10.984462,0.117048,2.0,4.210992,7.66,2.0,0.0,-1.910469,0.0,0
Q-00574,REP-08,Silver,6,0.076177,1.99,6.0,1.0,0.03828,11.569315,0.636106,1.0,8.936134,11.99,0.0,0.0,-0.752262,1.2624,0
Q-00575,REP-04,Bronze,6,2.328637,7.37,6.0,3.0,0.743893,11.058023,0.365642,0.0,6.883396,12.37,0.0,0.0,1.0894,3.3997,2
Q-00576,REP-05,Gold,6,0.0,0.0,6.0,0.0,0.0,11.405797,0.599955,2.0,0.762636,1.8,2.0,0.0,-3.050142,0.0386,0
Q-00577,REP-03,Silver,2,0.0,0.0,2.0,0.0,0.0,10.335302,0.649351,1.0,4.128442,4.97,2.0,0.0,-0.150395,0.0,0
Q-00578,REP-04,Bronze,2,4.541521,7.03,2.0,2.0,1.0,9.985114,0.995392,0.0,9.541521,12.03,0.0,1.0,3.747525,5.7529,2
Q-00579,REP-01,Gold,1,0.0,0.0,1.0,0.0,0.0,11.775297,0.0,2.0,4.92,4.92,0.0,0.0,-0.655847,0.6433,0
Q-00580,REP-01,Gold,4,0.0,0.0,4.0,0.0,0.0,11.090507,0.953543,2.0,8.781729,13.32,0.0,1.0,3.205881,1.0807,1
Q-00581,REP-05,Bronze,3,0.095045,0.11,3.0,1.0,0.864048,12.016733,0.041692,0.0,4.624924,5.11,2.0,0.0,0.812147,0.8541,0
Q-00582,REP-03,Gold,6,0.0,0.0,6.0,0.0,0.0,11.760457,0.890034,2.0,4.568361,7.31,2.0,1.0,0.289525,0.9669,1
Q-00583,REP-06,Gold,4,0.0,0.0,4.0,0.0,0.0,11.173964,0.134737,2.0,4.495032,5.51,2.0,0.0,-1.62643,0.0,0
Q-00584,REP-07,Silver,3,0.252632,0.37,3.0,1.0,0.682788,10.872864,0.990043,1.0,8.982091,10.37,1.0,0.0,-0.163952,0.7168,0
Q-00585,REP-02,Silver,3,0.0,0.0,3.0,0.0,0.0,9.764283,1.0,1.0,4.655862,4.95,0.0,0.0,-1.534118,0.475,1
Q-00586,REP-01,Gold,5,0.0,0.0,5.0,0.0,0.0,10.762594,0.349428,2.0,8.995426,14.62,0.0,0.0,3.419579,0.1457,0
Q-00587,REP-03,Bronze,1,10.39,10.39,1.0,1.0,1.0,10.288784,0.0,0.0,15.39,15.39,2.0,0.0,11.111164,5.1517,2
Q-00588,REP-03,Silver,2,0.0,0.0,2.0,0.0,0.0,11.344814,0.993789,1.0,2.405217,3.24,2.0,0.0,-1.873619,0.431,0
Q-00589,REP-01,Silver,2,0.0,0.0,2.0,0.0,0.0,8.580356,0.957746,1.0,0.671549,3.2,0.0,1.0,-4.904298,0.8011,0
Q-00590,REP-03,Bronze,2,3.137778,3.39,2.0,2.0,1.0,11.302217,0.888889,0.0,8.137778,8.39,2.0,1.0,3.858942,3.9703,2
Q-00591,REP-02,Gold,2,0.0,0.0,2.0,0.0,0.0,9.858804,0.988235,2.0,4.487294,4.51,0.0,0.0,-1.702686,0.2629,0
Q-00592,REP-06,Bronze,3,1.850579,11.26,3.0,2.0,0.784336,12.079381,0.215664,0.0,6.602565,16.26,2.0,0.0,0.481104,3.0028,2
Q-00593,REP-01,Silver,1,0.0,0.0,1.0,0.0,0.0,6.37332,0.0,1.0,2.89,2.89,0.0,0.0,-2.685847,0.0,0
Q-00594,REP-07,Silver,4,1.840924,7.92,4.0,2.0,0.234214,10.719206,0.763021,1.0,9.232222,17.92,1.0,0.0,0.086179,1.9208,1
Q-00595,REP-04,Gold,4,1.936474,4.36,4.0,1.0,0.444145,11.21588,0.915209,2.0,7.815007,14.36,0.0,0.0,2.021011,2.7888,2
Q-00596,REP-02,Gold,6,0.0,0.0,6.0,0.0,0.0,10.625975,0.327749,2.0,5.587058,10.55,0.0,0.0,-0.602922,0.0835,0
Q-00597,REP-02,Gold,2,0.0,0.0,2.0,0.0,0.0,8.318986,0.0,2.0,1.617317,5.63,0.0,0.0,-4.572663,0.0,0
Q-00598,REP-07,Silver,5,0.0,0.0,5.0,0.0,0.0,10.482934,0.865546,1.0,7.847395,8.73,1.0,1.0,-1.298648,0.7036,0
Q-00599,REP-08,Bronze,1,5.45,5.45,1.0,1.0,1.0,5.170484,0.0,0.0,10.45,10.45,0.0,1.0,0.761604,3.34,2
Q-00600,REP-06,Gold,4,0.0,0.0,4.0,0.0,0.0,11.239554,0.063091,2.0,7.840662,10.1,2.0,0.0,1.719201,0.0,0
Q-00601,REP-04,Bronze,6,8.070004,15.67,6.0,4.0,0.626555,11.537677,0.560948,0.0,12.906812,20.67,0.0,0.0,7.112816,9.6468,2
Q-00602,REP-07,Silver,2,0.0,0.0,2.0,0.0,0.0,10.357775,0.238095,1.0,6.304762,8.08,1.0,0.0,-2.841281,0.0,0
Q-00603,REP-06,Silver,4,0.014905,0.11,4.0,1.0,0.135498,10.475201,0.993649,1.0,6.014714,10.11,2.0,0.0,-0.106747,0.0463,0
Q-00604,REP-02,Bronze,2,0.0,0.0,2.0,0.0,0.0,11.635152,1.0,0.0,2.642301,2.8,0.0,0.0,-3.547679,1.4917,1
Q-00605,REP-01,Silver,2,0.0,0.0,2.0,0.0,0.0,9.980495,0.833333,1.0,2.198333,3.74,0.0,0.0,-3.377514,0.4183,0
Q-00606,REP-06,Bronze,3,4.471746,6.56,3.0,2.0,0.713506,11.20233,0.914052,0.0,8.566426,11.56,2.0,1.0,2.444964,5.2923,2
Q-00607,REP-02,Gold,1,0.58,0.58,1.0,1.0,1.0,8.188967,1.0,2.0,10.58,10.58,0.0,0.0,4.39002,0.691,0
Q-00608,REP-02,Silver,4,0.0,0.0,4.0,0.0,0.0,12.048459,0.079024,1.0,1.767185,3.93,0.0,0.0,-4.422795,1.2471,1
Q-00609,REP-07,Bronze,2,3.01918,3.22,2.0,2.0,1.0,8.205492,0.081967,0.0,8.01918,8.22,1.0,0.0,-1.126863,1.4243,1
Q-00610,REP-01,Bronze,5,0.493315,1.66,5.0,2.0,0.298914,11.455572,0.997617,0.0,3.699245,6.66,0.0,0.0,-1.876602,1.9321,2
Q-00611,REP-06,Silver,1,0.0,0.0,1.0,0.0,0.0,7.783641,1.0,1.0,3.46,3.46,2.0,0.0,-2.661462,0.0,0
Q-00612,REP-05,Gold,2,0.0,0.0,2.0,0.0,0.0,10.885585,0.016854,2.0,5.029494,5.06,2.0,1.0,1.216717,0.0,0
Q-00613,REP-07,Bronze,6,8.368481,18.3,6.0,5.0,0.872427,11.212847,0.518394,0.0,13.207739,23.3,1.0,0.0,4.061696,6.9442,2
Q-00614,REP-06,Gold,1,0.0,0.0,1.0,0.0,0.0,9.441531,1.0,2.0,11.64,11.64,2.0,1.0,5.518538,0.065,0
Q-00615,REP-07,Gold,3,0.0,0.0,3.0,0.0,0.0,9.738082,0.212389,2.0,9.665664,12.94,1.0,0.0,0.519621,0.0,0
Q-00616,REP-05,Gold,1,0.0,0.0,1.0,0.0,0.0,10.308986,0.0,2.0,3.61,3.61,2.0,1.0,-0.202778,0.0,0
Q-00617,REP-02,Gold,1,0.0,0.0,1.0,0.0,0.0,9.259226,0.0,2.0,11.65,11.65,0.0,1.0,5.46002,0.0975,0
Q-00618,REP-02,Silver,2,0.0,0.0,2.0,0.0,0.0,11.187209,1.0,1.0,8.100609,8.92,0.0,0.0,1.91063,0.9317,0
Q-00619,REP-05,Gold,4,0.0,0.0,4.0,0.0,0.0,11.647989,0.244627,2.0,3.678714,8.1,2.0,1.0,-0.134064,0.4984,0
Q-00620,REP-02,Silver,6,0.0,0.0,6.0,0.0,0.0,10.833997,0.993789,1.0,4.499953,8.59,0.0,0.0,-1.690027,0.7492,0
Q-00621,REP-06,Gold,2,0.0,0.0,2.0,0.0,0.0,12.117247,0.218579,2.0,4.73082,4.98,2.0,0.0,-1.390642,0.6052,1
Q-00622,REP-07,Silver,4,0.321307,0.58,4.0,1.0,0.553977,11.567423,0.03125,1.0,8.947614,10.58,1.0,0.0,-0.198429,0.5759,0
Q-00623,REP-01,Gold,5,0.32,1.33,5.0,1.0,0.240602,11.510432,0.888221,2.0,6.833679,11.33,0.0,0.0,1.257832,1.2949,2
Q-00624,REP-02,Gold,1,0.0,0.0,1.0,0.0,0.0,11.915058,0.0,2.0,11.25,11.25,0.0,0.0,5.06002,0.8058,0
Q-00625,REP-07,Bronze,4,5.237747,13.15,4.0,4.0,1.0,10.241245,0.738363,0.0,10.237747,18.15,1.0,1.0,1.091705,5.7766,2
Q-00626,REP-02,Bronze,4,0.0,0.0,4.0,0.0,0.0,11.132046,0.390779,0.0,3.831131,4.3,0.0,0.0,-2.358849,0.7843,0
Q-00627,REP-02,Silver,2,0.330669,3.06,2.0,1.0,0.108062,10.973375,1.0,1.0,7.815403,13.06,0.0,0.0,1.625423,1.4302,1
Q-00628,REP-04,Gold,3,0.0,0.0,3.0,0.0,0.0,9.089979,0.541455,2.0,5.535465,6.12,0.0,0.0,-0.258531,0.0,0
Q-00629,REP-04,Gold,2,0.0,0.0,2.0,0.0,0.0,10.313973,0.716418,2.0,5.097015,5.14,0.0,1.0,-0.696981,0.6553,0
Q-00630,REP-02,Bronze,2,1.344118,4.57,2.0,1.0,0.294118,10.328788,0.0,0.0,4.558235,9.57,0.0,0.0,-1.631745,1.3222,1
Q-00631,REP-06,Bronze,1,3.05,3.05,1.0,1.0,1.0,9.441531,1.0,0.0,8.05,8.05,2.0,1.0,1.928538,3.4025,2
Q-00632,REP-03,Silver,3,0.0,0.0,3.0,0.0,0.0,9.581973,0.558621,1.0,5.266276,8.54,2.0,0.0,0.98744,0.0,0
Q-00633,REP-07,Silver,4,1.74469,6.83,4.0,2.0,0.308911,12.322348,0.124633,1.0,10.536823,16.83,1.0,1.0,1.39078,3.5589,2
Q-00634,REP-04,Bronze,2,10.241221,11.18,2.0,1.0,0.916031,8.682029,0.0,0.0,15.142137,16.18,0.0,0.0,9.348142,5.5802,2
Q-00635,REP-01,Silver,3,1.920534,8.21,3.0,1.0,0.233926,11.892738,0.01026,1.0,7.0679,18.21,0.0,0.0,1.492053,2.7137,2
Q-00636,REP-06,Silver,6,0.047162,2.64,6.0,1.0,0.017864,11.808174,0.836652,1.0,5.076047,12.64,2.0,0.0,-1.045414,1.0897,1
Q-00637,REP-07,Silver,2,0.0,0.0,2.0,0.0,0.0,9.543306,0.967742,1.0,8.07871,8.34,1.0,0.0,-1.067333,0.1285,0
Q-00638,REP-03,Bronze,5,0.008234,1.86,5.0,1.0,0.004427,10.900731,0.986812,0.0,0.708391,6.86,2.0,0.0,-3.570446,0.6026,0
Q-00639,REP-05,Silver,2,0.0,0.0,2.0,0.0,0.0,9.064274,0.0,1.0,1.231944,4.45,2.0,0.0,-2.580833,0.0,0
Q-00640,REP-01,Silver,2,0.0,0.0,2.0,0.0,0.0,10.465985,0.145299,1.0,6.138034,6.95,0.0,1.0,0.562187,0.6024,0
Q-00641,REP-05,Bronze,3,1.20986,5.96,3.0,1.0,0.202997,11.323712,0.0,0.0,2.256626,10.96,2.0,0.0,-1.556151,1.2534,1
Q-00642,REP-07,Silver,3,0.535794,2.73,3.0,1.0,0.196262,11.069774,0.392523,1.0,8.46785,12.73,1.0,0.0,-0.678192,0.9813,0
Q-00643,REP-07,Bronze,4,5.522906,13.77,4.0,3.0,0.673123,10.81096,0.992736,0.0,9.359225,18.77,1.0,0.0,0.213182,6.8066,2
Q-00644,REP-06,Bronze,3,1.859327,1.91,3.0,2.0,0.978593,10.107489,0.0,0.0,6.846269,6.91,2.0,0.0,0.724808,0.5954,0
Q-00645,REP-02,Silver,2,0.0,0.0,2.0,0.0,0.0,11.78753,0.699088,1.0,8.133951,8.48,0.0,1.0,1.943971,1.7112,1
Q-00646,REP-03,Silver,1,0.0,0.0,1.0,0.0,0.0,8.412055,1.0,1.0,2.38,2.38,2.0,0.0,-1.898836,0.0,0
Q-00647,REP-01,Gold,2,0.0,0.0,2.0,0.0,0.0,10.268165,0.0,2.0,5.067917,6.86,0.0,0.0,-0.50793,0.0,0
Q-00648,REP-08,Silver,2,0.784314,1.0,2.0,1.0,0.784314,10.734242,0.0,1.0,9.125686,11.0,0.0,0.0,-0.56271,0.6019,0
Q-00649,REP-01,Bronze,4,1.819841,3.53,4.0,2.0,0.587302,11.233225,0.904762,0.0,5.555079,8.53,0.0,0.0,-0.020768,3.0446,2
Q-00650,REP-03,Bronze,3,3.745924,9.39,3.0,2.0,0.951087,10.290144,0.339674,0.0,8.501359,14.39,2.0,0.0,4.222522,3.7779,2
Q-00651,REP-06,Silver,2,0.0,0.0,2.0,0.0,0.0,11.245059,1.0,1.0,4.391176,4.41,2.0,0.0,-1.730285,0.3675,0
Q-00652,REP-03,Bronze,2,0.0276,0.69,2.0,1.0,0.04,9.48235,0.0,0.0,0.2276,5.69,2.0,0.0,-4.051236,0.0,0
Q-00653,REP-05,Bronze,6,2.815383,9.1,6.0,2.0,0.318467,11.548206,0.44792,0.0,6.597427,14.1,2.0,0.0,2.78465,3.8737,2
Q-00654,REP-01,Gold,4,0.0,0.0,4.0,0.0,0.0,11.3362,0.742243,2.0,6.071456,7.83,0.0,1.0,0.495609,1.1166,1
Q-00655,REP-03,Silver,4,0.0,0.0,4.0,0.0,0.0,11.265758,0.635083,1.0,1.268156,8.63,2.0,0.0,-3.01068,0.1801,0
Q-00656,REP-04,Silver,2,0.0,0.0,2.0,0.0,0.0,10.448744,1.0,1.0,0.596522,2.67,0.0,0.0,-5.197474,0.6175,0
Q-00657,REP-02,Bronze,1,0.73,0.73,1.0,1.0,1.0,9.575053,0.0,0.0,5.73,5.73,0.0,0.0,-0.45998,0.5069,0
Q-00658,REP-05,Gold,4,0.0,0.0,4.0,0.0,0.0,10.917105,0.048993,2.0,3.140038,3.4,2.0,1.0,-0.67274,0.0,0
Q-00659,REP-07,Bronze,4,3.450531,4.14,4.0,4.0,1.0,12.031934,0.205314,0.0,8.450531,9.14,1.0,0.0,-0.695512,3.2506,2
Q-00660,REP-07,Silver,1,0.0,0.0,1.0,0.0,0.0,8.699681,1.0,1.0,5.81,5.81,1.0,0.0,-3.336043,0.08,0
Q-00661,REP-01,Silver,2,0.0,0.0,2.0,0.0,0.0,8.571871,0.0,1.0,8.537727,9.39,0.0,1.0,2.96188,0.274,0
Q-00662,REP-01,Silver,4,0.0,0.0,4.0,0.0,0.0,10.217422,0.792694,1.0,4.551945,7.74,0.0,1.0,-1.023902,0.8941,0
Q-00663,REP-01,Bronze,5,1.252476,3.04,5.0,3.0,0.639498,11.063524,0.755486,0.0,5.535705,8.04,0.0,0.0,-0.040142,2.1776,2
Q-00664,REP-04,Silver,2,0.0,0.0,2.0,0.0,0.0,11.862885,0.038055,1.0,5.66408,5.83,0.0,0.0,-0.129916,0.9834,1
Q-00665,REP-06,Silver,1,0.08,0.08,1.0,1.0,1.0,6.216606,0.0,1.0,10.08,10.08,2.0,0.0,3.958538,0.0,0
Q-00666,REP-03,Gold,2,0.0,0.0,2.0,0.0,0.0,12.130816,0.19407,2.0,3.480216,3.88,2.0,0.0,-0.798621,0.6126,0
Q-00667,REP-08,Silver,1,0.0,0.0,1.0,0.0,0.0,9.798183,0.0,1.0,9.84,9.84,0.0,0.0,0.151604,0.0,0
Q-00668,REP-02,Bronze,2,0.0,0.0,2.0,0.0,0.0,8.942592,0.0,0.0,3.36,4.32,0.0,0.0,-2.82998,0.0638,0
Q-00669,REP-06,Gold,4,0.0,0.0,4.0,0.0,0.0,12.265548,0.235566,2.0,5.182319,6.58,2.0,0.0,-0.939143,0.8584,0
Q-00670,REP-05,Gold,3,0.0,0.0,3.0,0.0,0.0,11.077532,1.0,2.0,1.946862,3.1,2.0,0.0,-1.865915,0.0492,0
Q-00671,REP-02,Gold,2,0.0,0.0,2.0,0.0,0.0,9.832314,0.966443,2.0,7.09302,7.19,0.0,0.0,0.90304,0.2468,0
Q-00672,REP-06,Gold,3,0.0,0.0,3.0,0.0,0.0,9.84697,0.047619,2.0,2.306667,4.44,2.0,0.0,-3.814795,0.0,0
Q-00673,REP-06,Gold,2,0.0,0.0,2.0,0.0,0.0,9.575053,0.666667,2.0,7.426667,7.8,2.0,0.0,1.305205,0.0,0
Q-00674,REP-01,Bronze,2,0.0,0.0,2.0,0.0,0.0,9.862718,0.15625,0.0,3.987188,4.27,0.0,0.0,-1.58866,0.2459,0
Q-00675,REP-06,Silver,2,0.0,0.0,2.0,0.0,0.0,9.392745,0.3,1.0,6.451,7.54,2.0,1.0,0.329538,0.0,0
Q-00676,REP-07,Bronze,2,0.335789,0.66,2.0,2.0,1.0,10.152338,0.0,0.0,5.335789,5.66,1.0,0.0,-3.810253,0.1274,0
Q-00677,REP-01,Bronze,3,0.661619,1.1,3.0,2.0,0.642296,11.753524,0.361635,0.0,4.842476,6.1,0.0,1.0,-0.733371,2.2749,1
Q-00678,REP-03,Silver,1,0.0,0.0,1.0,0.0,0.0,9.729194,0.0,1.0,5.92,5.92,2.0,0.0,1.641164,0.0,0
Q-00679,REP-07,Silver,5,2.806465,5.03,5.0,2.0,0.596455,11.471072,0.824818,1.0,12.230521,15.03,1.0,1.0,3.084478,4.0163,2
Q-00680,REP-06,Bronze,1,0.0,0.0,1.0,0.0,0.0,6.803505,0.0,0.0,0.0,0.0,2.0,0.0,-6.121462,0.0,0
Q-00681,REP-04,Silver,1,0.0,0.0,1.0,0.0,0.0,9.952325,1.0,1.0,8.13,8.13,0.0,0.0,2.336004,0.505,0
Q-00682,REP-05,Gold,1,0.0,0.0,1.0,0.0,0.0,4.836282,0.0,2.0,0.0,0.0,2.0,0.0,-3.812778,0.0,0
Q-00683,REP-04,Gold,1,0.0,0.0,1.0,0.0,0.0,10.868587,0.0,2.0,3.36,3.36,0.0,0.0,-2.433996,0.0,0
Q-00684,REP-02,Bronze,3,1.07882,5.74,3.0,3.0,1.0,11.414772,0.750138,0.0,6.07882,10.74,0.0,1.0,-0.11116,2.9829,2
Q-00685,REP-06,Silver,6,0.0,0.0,6.0,0.0,0.0,11.831823,0.697877,1.0,3.122553,6.48,2.0,0.0,-2.998908,0.7102,0
Q-00686,REP-06,Silver,3,0.0,0.0,3.0,0.0,0.0,11.185823,0.14147,1.0,5.672635,7.85,2.0,0.0,-0.448826,0.0,0
Q-00687,REP-01,Gold,6,0.0,0.0,6.0,0.0,0.0,12.145319,0.464906,2.0,8.093441,13.86,0.0,0.0,2.517594,1.3841,1
Q-00688,REP-04,Bronze,1,0.0,0.0,1.0,0.0,0.0,11.724005,0.0,0.0,1.24,1.24,0.0,0.0,-4.553996,1.0292,0
Q-00689,REP-03,Gold,1,0.0,0.0,1.0,0.0,0.0,9.680406,1.0,2.0,4.65,4.65,2.0,0.0,0.371164,0.0,0
Q-00690,REP-05,Bronze,2,3.984302,4.45,2.0,1.0,0.895349,10.158169,0.104651,0.0,8.95186,9.45,2.0,1.0,5.139083,2.2855,2
Q-00691,REP-05,Silver,4,0.673739,2.06,4.0,1.0,0.327058,11.600533,0.665109,1.0,5.570592,12.06,2.0,0.0,1.757814,0.965,0
Q-00692,REP-04,Bronze,4,3.993484,7.38,4.0,2.0,0.576441,10.083348,0.501253,0.0,8.706165,12.38,0.0,1.0,2.91217,4.8585,2
Q-00693,REP-05,Silver,2,0.0,0.0,2.0,0.0,0.0,10.595659,0.0,1.0,1.635135,1.65,2.0,0.0,-2.177643,0.0,0
Q-00694,REP-07,Silver,2,0.0,0.0,2.0,0.0,0.0,12.096821,0.0,1.0,8.814071,8.83,1.0,0.0,-0.331971,0.9742,0
Q-00695,REP-07,Bronze,2,2.281119,2.33,2.0,1.0,0.979021,10.443513,0.0,0.0,7.253846,7.33,1.0,0.0,-1.892197,1.2004,0
Q-00696,REP-01,Bronze,5,0.381087,0.75,5.0,1.0,0.508116,9.964394,0.451658,0.0,3.418377,5.75,0.0,0.0,-2.15747,0.6681,0
Q-00697,REP-04,Gold,6,0.146868,2.72,6.0,1.0,0.053996,10.519781,0.442765,2.0,6.731323,12.72,0.0,1.0,0.937327,0.9848,0
Q-00698,REP-03,Gold,2,0.332,2.49,2.0,1.0,0.133333,11.695255,0.133333,2.0,4.462667,14.49,2.0,0.0,0.18383,0.5861,0
Q-00699,REP-01,Bronze,2,0.0,0.0,2.0,0.0,0.0,10.574415,0.920245,0.0,3.840429,3.85,0.0,0.0,-1.735418,0.8321,0
Q-00700,REP-02,Bronze,4,0.457672,1.89,4.0,2.0,0.631722,10.51124,0.631722,0.0,5.403152,6.89,0.0,0.0,-0.786828,1.2458,1
Q-00701,REP-04,Bronze,3,0.936025,9.6,3.0,2.0,0.15528,8.482809,0.062112,0.0,4.398634,14.6,0.0,0.0,-1.395362,1.541,2
Q-00702,REP-06,Gold,3,0.0,0.0,3.0,0.0,0.0,10.685698,0.686106,2.0,3.839057,6.55,2.0,0.0,-2.282405,0.0,0
Q-00703,REP-03,Bronze,3,0.0,0.0,3.0,0.0,0.0,10.455244,0.0,0.0,2.927927,3.02,2.0,0.0,-1.35091,0.0,0
Q-00704,REP-03,Bronze,3,0.0,0.0,3.0,0.0,0.0,10.499601,0.206612,0.0,0.924959,4.28,2.0,0.0,-3.353878,0.0,0
Q-00705,REP-02,Gold,1,0.0,0.0,1.0,0.0,0.0,7.901377,0.0,2.0,1.07,1.07,0.0,0.0,-5.11998,0.0,0
Q-00706,REP-04,Silver,1,0.0,0.0,1.0,0.0,0.0,6.265301,0.0,1.0,3.39,3.39,0.0,0.0,-2.403996,0.0,0
Q-00707,REP-07,Silver,3,0.0,0.0,3.0,0.0,0.0,10.65587,0.937795,1.0,6.105137,6.86,1.0,0.0,-3.040906,0.3495,0
Q-00708,REP-06,Silver,3,0.079037,0.21,3.0,3.0,1.0,10.7627,0.995236,1.0,10.079037,10.21,2.0,1.0,3.957575,0.6602,0
Q-00709,REP-01,Silver,4,0.662656,3.87,4.0,2.0,0.432112,11.16784,0.127092,1.0,8.553804,13.87,0.0,1.0,2.977957,1.8006,2
Q-00710,REP-05,Silver,6,0.0,0.0,6.0,0.0,0.0,12.68881,0.376118,1.0,4.111429,5.08,2.0,0.0,0.298651,2.0877,2
Q-00711,REP-01,Gold,1,0.0,0.0,1.0,0.0,0.0,8.006701,1.0,2.0,2.15,2.15,0.0,0.0,-3.425847,0.135,0
Q-00712,REP-06,Bronze,1,4.0,4.0,1.0,1.0,1.0,9.488048,1.0,0.0,9.0,9.0,2.0,0.0,2.878538,3.86,2
Q-00713,REP-02,Bronze,4,0.521636,0.7,4.0,1.0,0.745194,10.986072,0.745194,0.0,4.537083,5.7,0.0,0.0,-1.652897,1.4171,0
Q-00714,REP-05,Silver,3,0.0,0.0,3.0,0.0,0.0,9.400217,0.0,1.0,0.210819,4.72,2.0,0.0,-3.601959,0.0,0
Q-00715,REP-07,Silver,6,0.010537,4.04,6.0,1.0,0.002608,11.65287,0.302556,1.0,6.494768,14.04,1.0,0.0,-2.651275,1.0582,1
Q-00716,REP-08,Bronze,4,6.158762,12.36,4.0,4.0,1.0,11.050906,0.52381,0.0,11.158762,17.36,0.0,0.0,1.470366,5.2528,2
Q-00717,REP-05,Gold,3,0.0,0.0,3.0,0.0,0.0,10.672229,0.458971,2.0,2.693268,5.05,2.0,1.0,-1.119509,0.0219,0
Q-00718,REP-01,Bronze,3,0.024117,0.03,3.0,1.0,0.803915,11.647815,0.803915,0.0,4.318095,5.03,0.0,0.0,-1.257752,1.4194,1
Q-00719,REP-05,Silver,3,0.0,0.0,3.0,0.0,0.0,11.57026,0.86119,1.0,9.308357,9.65,2.0,1.0,5.495579,0.9862,0
Q-00720,REP-06,Silver,6,0.0,0.0,6.0,0.0,0.0,11.429011,0.257749,1.0,5.925122,8.17,2.0,0.0,-0.196339,0.088,0
Q-00721,REP-03,Bronze,2,0.0,0.0,2.0,0.0,0.0,10.905974,1.0,0.0,0.0,0.0,2.0,0.0,-4.278836,0.4042,0
Q-00722,REP-04,Silver,3,0.0,0.0,3.0,0.0,0.0,11.097425,0.945455,1.0,8.272727,8.86,0.0,0.0,2.478731,0.85,0
Q-00723,REP-06,Silver,3,0.0,0.0,3.0,0.0,0.0,10.927664,0.861837,1.0,2.414611,5.97,2.0,0.0,-3.706851,0.1181,0
Q-00724,REP-05,Bronze,4,0.0,0.0,4.0,0.0,0.0,11.044537,0.539936,0.0,0.946965,2.28,2.0,0.0,-2.865813,0.2186,0
Q-00725,REP-02,Silver,6,0.432091,0.9,6.0,1.0,0.480101,11.279113,0.775742,1.0,6.70693,10.9,0.0,0.0,0.51695,1.3282,1
Q-00726,REP-05,Silver,5,0.0,0.0,5.0,0.0,0.0,12.109292,0.35252,1.0,4.153575,6.61,2.0,1.0,0.340797,1.3368,0
Q-00727,REP-03,Silver,2,0.0,0.0,2.0,0.0,0.0,11.578723,1.0,1.0,0.778652,4.5,2.0,0.0,-3.500185,0.62,0
Q-00728,REP-03,Gold,2,0.0,0.0,2.0,0.0,0.0,10.192456,0.280899,2.0,1.000337,1.59,2.0,0.0,-3.278499,0.0,0
Q-00729,REP-04,Bronze,1,0.0,0.0,1.0,0.0,0.0,5.786897,0.0,0.0,2.0,2.0,0.0,0.0,-3.793996,0.0027,0
Q-00730,REP-08,Bronze,3,0.737064,2.04,3.0,3.0,1.0,9.29661,0.495413,0.0,5.737064,7.04,0.0,0.0,-3.951332,1.02,0
Q-00731,REP-06,Bronze,4,0.191325,3.21,4.0,1.0,0.059603,11.7019,0.850993,0.0,1.959205,8.21,2.0,0.0,-4.162256,1.3082,1
Q-00732,REP-06,Bronze,3,3.795333,7.38,3.0,2.0,0.977778,10.203629,0.977778,0.0,8.782667,12.38,2.0,1.0,2.661205,4.6127,2
Q-00733,REP-02,Gold,1,0.0,0.0,1.0,0.0,0.0,9.798183,1.0,2.0,5.92,5.92,0.0,0.0,-0.26998,0.26,0
Q-00734,REP-01,Silver,2,0.0,0.0,2.0,0.0,0.0,10.961295,0.0,1.0,7.91,8.33,0.0,1.0,2.334153,0.71,0
Q-00735,REP-07,Bronze,1,7.44,7.44,1.0,1.0,1.0,10.778977,1.0,0.0,12.44,12.44,1.0,1.0,3.293957,8.168,2
Q-00736,REP-08,Silver,5,5.820114,9.88,5.0,5.0,1.0,11.719948,0.692683,1.0,15.820114,19.88,0.0,1.0,6.131718,6.5907,2
Q-00737,REP-02,Gold,1,0.0,0.0,1.0,0.0,0.0,11.669938,0.0,2.0,0.0,0.0,0.0,0.0,-6.18998,0.535,0
Q-00738,REP-04,Silver,3,0.0,0.0,3.0,0.0,0.0,11.716079,0.097939,1.0,7.141202,9.92,0.0,1.0,1.347206,1.3049,1
Q-00739,REP-07,Bronze,4,1.459173,7.54,4.0,3.0,0.988067,11.230841,0.568815,0.0,6.446285,12.54,1.0,0.0,-2.699758,2.3549,1
Q-00740,REP-08,Gold,2,0.0,0.0,2.0,0.0,0.0,10.105653,0.0,2.0,7.629118,7.63,0.0,1.0,-2.059279,0.214,0
Q-00741,REP-05,Silver,3,0.0,0.0,3.0,0.0,0.0,10.891187,0.167598,1.0,1.01352,2.88,2.0,0.0,-2.799258,0.0,0
Q-00742,REP-03,Silver,3,0.0,0.0,3.0,0.0,0.0,10.504547,0.296053,1.0,0.494211,3.16,2.0,0.0,-3.784626,0.0,0
Q-00743,REP-02,Silver,2,0.0,0.0,2.0,0.0,0.0,11.340962,1.0,1.0,7.433777,9.22,0.0,1.0,1.243797,1.4817,1
Q-00744,REP-02,Silver,3,0.0,0.0,3.0,0.0,0.0,10.453082,0.987013,1.0,6.754286,7.86,0.0,0.0,0.564306,0.6116,1
Q-00745,REP-07,Bronze,2,2.621818,7.21,2.0,1.0,0.363636,9.893488,0.636364,0.0,7.348182,12.21,1.0,0.0,-1.797861,2.1093,2
Q-00746,REP-04,Silver,1,0.0,0.0,1.0,0.0,0.0,10.239996,1.0,1.0,3.99,3.99,0.0,0.0,-1.803996,0.5633,0
Q-00747,REP-01,Silver,3,0.157701,0.49,3.0,1.0,0.321839,11.268316,0.195402,1.0,8.096322,10.49,0.0,1.0,2.520475,1.1101,0
Q-00748,REP-04,Bronze,5,1.371339,2.54,5.0,3.0,0.58159,10.95712,0.0,0.0,4.347385,7.54,0.0,0.0,-1.446611,1.3334,0
Q-00749,REP-02,Bronze,4,2.494315,3.47,4.0,3.0,0.986301,10.687412,0.945205,0.0,7.464863,8.47,0.0,1.0,1.274883,3.7547,2
Q-00750,REP-01,Silver,3,0.0,0.0,3.0,0.0,0.0,10.803669,0.073171,1.0,5.845488,5.93,0.0,0.0,0.269641,0.2302,0
Q-00751,REP-06,Bronze,3,0.071084,3.83,3.0,2.0,0.0218,10.890628,0.0,0.0,3.163594,8.83,2.0,1.0,-2.957867,0.7484,0
Q-00752,REP-08,Silver,3,0.0,0.0,3.0,0.0,0.0,9.392745,0.625,1.0,8.78625,9.85,0.0,0.0,-0.902146,0.2237,0
Q-00753,REP-08,Silver,2,0.3975,0.53,2.0,1.0,0.75,9.680406,1.0,1.0,9.8875,10.53,0.0,0.0,0.199104,0.8555,1
Q-00754,REP-04,Silver,1,0.0,0.0,1.0,0.0,0.0,6.37332,0.0,1.0,5.18,5.18,0.0,1.0,-0.613996,0.2349,0
Q-00755,REP-08,Silver,2,0.185243,1.06,2.0,1.0,0.174757,10.626218,0.825243,1.0,9.475534,11.06,0.0,1.0,-0.212862,1.2216,0
Q-00756,REP-07,Bronze,2,5.208553,5.27,2.0,2.0,1.0,11.572712,0.0,0.0,10.208553,10.27,1.0,0.0,1.06251,3.352,2
Q-00757,REP-08,Silver,1,1.47,1.47,1.0,1.0,1.0,10.373522,1.0,1.0,11.47,11.47,0.0,0.0,1.781604,1.9932,1
Q-00758,REP-04,Silver,3,0.143331,2.59,3.0,1.0,0.05534,10.900639,0.05534,1.0,4.909585,12.59,0.0,1.0,-0.884411,1.1175,1
Q-00759,REP-03,Silver,2,0.0,0.0,2.0,0.0,0.0,11.279744,1.0,1.0,2.359091,2.4,2.0,0.0,-1.919745,0.39,0
Q-00760,REP-02,Gold,2,0.0,0.0,2.0,0.0,0.0,12.002125,0.003679,2.0,11.880607,11.91,0.0,1.0,5.690627,1.3712,1
Q-00761,REP-06,Gold,3,0.0,0.0,3.0,0.0,0.0,10.555839,0.195312,2.0,9.389844,11.18,2.0,1.0,3.268382,0.0,0
Q-00762,REP-04,Silver,4,0.040708,0.07,4.0,1.0,0.581545,10.976201,0.581545,1.0,7.498361,10.07,0.0,0.0,1.704366,0.629,0
Q-00763,REP-03,Silver,6,0.0,0.0,6.0,0.0,0.0,11.825917,0.536746,1.0,2.563038,6.19,2.0,0.0,-1.715798,0.6148,0
Q-00764,REP-04,Silver,2,0.0,0.0,2.0,0.0,0.0,8.300529,0.89441,1.0,6.451677,7.1,0.0,1.0,0.657681,0.7555,1
Q-00765,REP-07,Gold,6,0.0,0.0,6.0,0.0,0.0,11.480154,0.38233,2.0,10.323803,11.1,1.0,1.0,1.17776,0.7267,0
Q-00766,REP-05,Bronze,2,0.0,0.0,2.0,0.0,0.0,8.428581,0.918033,0.0,0.35082,4.28,2.0,0.0,-3.461958,0.0,0
Q-00767,REP-04,Bronze,6,1.611972,5.02,6.0,1.0,0.32111,11.521895,0.554014,0.0,5.819227,10.02,0.0,0.0,0.025231,2.3748,2
Q-00768,REP-04,Silver,2,0.0,0.0,2.0,0.0,0.0,10.499601,1.0,1.0,2.18314,9.91,0.0,0.0,-3.610855,0.6325,1
Q-00769,REP-06,Gold,4,0.0,0.0,4.0,0.0,0.0,11.774759,0.461787,2.0,3.071769,5.25,2.0,0.0,-3.049693,0.2967,0
Q-00770,REP-07,Gold,5,0.0,0.0,5.0,0.0,0.0,10.83636,0.737681,2.0,7.518926,10.16,1.0,0.0,-1.627117,0.0893,0
Q-00771,REP-08,Silver,4,0.183872,0.53,4.0,1.0,0.346928,9.178437,0.588539,1.0,7.014538,10.53,0.0,0.0,-2.673858,0.3199,0
Q-00772,REP-05,Bronze,1,0.0,0.0,1.0,0.0,0.0,10.389026,0.0,0.0,1.2,1.2,2.0,0.0,-2.612778,0.0,0
Q-00773,REP-06,Silver,2,0.0,0.0,2.0,0.0,0.0,9.947552,1.0,1.0,6.205024,6.38,2.0,0.0,0.083562,0.0,0
Q-00774,REP-05,Bronze,3,0.0,0.0,3.0,0.0,0.0,10.426765,0.097778,0.0,2.215822,4.32,2.0,1.0,-1.596956,0.185,0
Q-00775,REP-04,Gold,2,4.095,5.46,2.0,1.0,0.75,9.575053,0.0,2.0,18.3225,20.46,0.0,1.0,12.528504,2.4505,2
Q-00776,REP-04,Gold,1,0.0,0.0,1.0,0.0,0.0,9.053804,0.0,2.0,4.43,4.43,0.0,0.0,-1.363996,0.0,0
Q-00777,REP-04,Bronze,3,0.0,0.0,3.0,0.0,0.0,9.409683,0.983204,0.0,3.743372,4.32,0.0,0.0,-2.050624,0.6425,1
Q-00778,REP-07,Gold,2,1.02987,1.22,2.0,1.0,0.844156,10.384091,0.0,2.0,15.178961,16.22,1.0,1.0,6.032918,0.5462,1
Q-00779,REP-08,Bronze,4,4.194909,5.86,4.0,4.0,1.0,11.687097,0.0,0.0,9.194909,10.86,0.0,0.0,-0.493488,3.3983,2
Q-00780,REP-07,Bronze,6,3.308311,4.04,6.0,6.0,1.0,10.886053,0.192794,0.0,8.308311,9.04,1.0,0.0,-0.837732,2.1239,2
Q-00781,REP-03,Bronze,5,0.352271,0.52,5.0,1.0,0.677444,11.774528,0.698229,0.0,4.482194,5.52,2.0,1.0,0.203358,1.6696,1
Q-00782,REP-08,Silver,3,3.363319,3.58,3.0,2.0,0.943697,11.981997,0.056303,1.0,13.203982,13.58,0.0,0.0,3.515586,2.9494,2
Q-00783,REP-05,Silver,4,0.0,0.0,4.0,0.0,0.0,11.125511,0.97525,1.0,2.059976,3.48,2.0,0.0,-1.752801,0.2821,0
Q-00784,REP-01,Gold,2,0.0,0.0,2.0,0.0,0.0,10.60661,0.643564,2.0,7.832574,9.13,0.0,1.0,2.256727,0.7006,1
Q-00785,REP-08,Gold,2,0.0,0.0,2.0,0.0,0.0,10.385945,0.0,2.0,7.016111,8.56,0.0,0.0,-2.672285,0.0,0
Q-00786,REP-08,Gold,1,0.28,0.28,1.0,1.0,1.0,8.537192,1.0,2.0,12.28,12.28,0.0,0.0,2.591604,0.4185,0
Q-00787,REP-07,Silver,1,2.3,2.3,1.0,1.0,1.0,10.16589,0.0,1.0,12.3,12.3,1.0,0.0,3.153957,0.9157,1
Q-00788,REP-03,Gold,3,0.0,0.0,3.0,0.0,0.0,10.778977,0.03125,2.0,6.482312,7.05,2.0,0.0,2.203476,0.0,0
Q-00789,REP-03,Silver,1,0.0,0.0,1.0,0.0,0.0,9.392745,1.0,1.0,4.91,4.91,2.0,0.0,0.631164,0.0,0
Q-00790,REP-03,Silver,2,0.0,0.0,2.0,0.0,0.0,10.829748,1.0,1.0,2.683564,4.84,2.0,1.0,-1.595272,0.6008,0
Q-00791,REP-04,Bronze,6,0.037798,2.33,6.0,2.0,0.19013,10.988187,0.797702,0.0,3.387732,7.33,0.0,0.0,-2.406264,1.204,1
Q-00792,REP-07,Silver,5,0.915317,10.17,5.0,2.0,0.523981,11.481961,0.0,1.0,9.943615,20.17,1.0,1.0,0.797572,2.241,2
Q-00793,REP-02,Silver,2,0.0,0.0,2.0,0.0,0.0,10.63106,1.0,1.0,6.04087,6.38,0.0,0.0,-0.14911,0.675,0
Q-00794,REP-02,Silver,2,0.223784,2.76,2.0,1.0,0.081081,11.211834,1.0,1.0,7.623243,12.76,0.0,0.0,1.433263,1.4382,2
Q-00795,REP-04,Gold,5,0.0,0.0,5.0,0.0,0.0,10.621961,0.175503,2.0,6.206709,12.78,0.0,0.0,0.412713,0.0,0
Q-00796,REP-07,Silver,4,2.368531,6.29,4.0,2.0,0.760626,11.806349,0.973154,1.0,11.572938,16.29,1.0,1.0,2.426895,4.2642,2
Q-00797,REP-04,Silver,5,0.0,0.0,5.0,0.0,0.0,10.506601,0.938312,1.0,5.172789,7.5,0.0,0.0,-0.621207,0.6007,0
Q-00798,REP-01,Silver,2,0.0,0.0,2.0,0.0,0.0,9.575053,1.0,1.0,6.318125,9.19,0.0,0.0,0.742278,0.45,0
Q-00799,REP-05,Gold,3,0.0,0.0,3.0,0.0,0.0,10.540091,1.0,2.0,3.042857,5.8,2.0,1.0,-0.769921,0.275,0
Q-00800,REP-04,Silver,5,0.0,0.0,5.0,0.0,0.0,10.776265,0.718613,1.0,6.080506,7.67,0.0,0.0,0.28651,0.5742,1
Q-00801,REP-05,Gold,2,0.0,0.0,2.0,0.0,0.0,10.338544,0.38835,2.0,1.19932,1.51,2.0,0.0,-2.613457,0.0,0
Q-00802,REP-03,Silver,2,0.0,0.0,2.0,0.0,0.0,8.787373,0.0,1.0,0.169466,4.44,2.0,0.0,-4.109371,0.0,0
Q-00803,REP-01,Bronze,6,2.308269,3.84,6.0,4.0,0.657191,12.385059,0.406773,0.0,6.962952,8.84,0.0,1.0,1.387104,4.1207,2
Q-00804,REP-05,Silver,4,0.0,0.0,4.0,0.0,0.0,9.901786,0.801402,1.0,1.23554,6.37,2.0,0.0,-2.577238,0.0,0
Q-00805,REP-08,Silver,5,2.631319,5.46,5.0,4.0,0.880267,11.920628,0.653208,1.0,12.522362,15.46,0.0,1.0,2.833966,4.5802,2
Q-00806,REP-02,Silver,4,0.0,0.0,4.0,0.0,0.0,11.559055,0.878533,1.0,8.466791,9.44,0.0,1.0,2.276812,1.5859,1
Q-00807,REP-07,Bronze,4,3.584133,12.29,4.0,4.0,1.0,11.030055,0.86872,0.0,8.584133,17.29,1.0,0.0,-0.56191,4.6729,2
Q-00808,REP-02,Silver,3,0.0,0.0,3.0,0.0,0.0,10.928651,0.997309,1.0,8.55009,8.75,0.0,1.0,2.36011,1.2431,1
Q-00809,REP-08,Bronze,2,3.309002,3.4,2.0,1.0,0.973236,9.82531,0.973236,0.0,8.282774,8.4,0.0,1.0,-1.405623,4.293,2
Q-00810,REP-01,Gold,2,0.0,0.0,2.0,0.0,0.0,10.054103,0.0,2.0,4.99471,14.86,0.0,1.0,-0.581137,0.2038,0
Q-00811,REP-03,Bronze,2,4.273893,4.41,2.0,1.0,0.969137,10.420375,0.0,0.0,9.119577,9.41,2.0,0.0,4.84074,1.9596,1
Q-00812,REP-03,Silver,3,0.0,0.0,3.0,0.0,0.0,10.335302,0.844156,1.0,4.817532,7.23,2.0,0.0,0.538696,0.0,0
Q-00813,REP-08,Bronze,3,3.730901,5.26,3.0,3.0,1.0,9.902537,0.720721,0.0,8.730901,10.26,0.0,1.0,-0.957495,4.1211,2
Q-00814,REP-04,Gold,1,0.0,0.0,1.0,0.0,0.0,10.44001,0.0,2.0,9.61,9.61,0.0,1.0,3.816004,0.295,0
Q-00815,REP-02,Gold,4,0.0,0.0,4.0,0.0,0.0,10.891187,1.0,2.0,5.65905,7.2,0.0,1.0,-0.53093,1.0075,0
Q-00816,REP-06,Silver,2,0.57963,3.13,2.0,1.0,0.185185,9.692828,1.0,1.0,5.633704,13.13,2.0,0.0,-0.487758,0.6962,0
Q-00817,REP-03,Silver,3,3.379264,4.21,3.0,1.0,0.802676,9.948987,0.0,1.0,13.128533,14.21,2.0,0.0,8.849697,1.2368,0
Q-00818,REP-04,Bronze,5,2.380812,11.44,5.0,4.0,0.393744,11.844966,0.20089,0.0,7.344437,16.44,0.0,0.0,1.550441,4.4956,2
Q-00819,REP-03,Bronze,4,0.462285,5.66,4.0,2.0,0.424671,10.115611,0.9909,0.0,4.287017,10.66,2.0,1.0,0.008181,1.612,1
Q-00820,REP-07,Bronze,1,3.78,3.78,1.0,1.0,1.0,11.338584,1.0,0.0,8.78,8.78,1.0,0.0,-0.366043,4.541,2
Q-00821,REP-08,Bronze,2,4.779492,4.78,2.0,2.0,1.0,11.455307,0.974576,0.0,9.779492,9.78,0.0,0.0,0.091095,5.8124,2
Q-00822,REP-05,Bronze,5,5.934903,9.6,5.0,4.0,0.993143,11.379406,0.144,0.0,10.917417,14.6,2.0,1.0,7.104639,4.2358,2
Q-00823,REP-04,Gold,1,0.0,0.0,1.0,0.0,0.0,8.881975,0.0,2.0,5.83,5.83,0.0,0.0,0.036004,0.0,0
Q-00824,REP-06,Silver,1,0.0,0.0,1.0,0.0,0.0,5.170484,0.0,1.0,9.62,9.62,2.0,0.0,3.498538,0.0,0
Q-00825,REP-06,Silver,5,0.001559,0.47,5.0,1.0,0.003318,11.882287,0.203898,1.0,6.692982,10.47,2.0,0.0,0.57152,0.5502,0
Q-00826,REP-07,Gold,2,0.0,0.0,2.0,0.0,0.0,10.58661,0.363636,2.0,8.852727,9.02,1.0,1.0,-0.293316,0.24,0
Q-00827,REP-07,Silver,4,0.37078,0.67,4.0,1.0,0.553403,9.802064,0.852241,1.0,9.089845,10.67,1.0,0.0,-0.056198,0.4845,0
Q-00828,REP-06,Silver,2,0.0,0.0,2.0,0.0,0.0,10.885585,0.0,1.0,6.03809,8.53,2.0,0.0,-0.083372,0.0,0
Q-00829,REP-07,Gold,3,0.0,0.0,3.0,0.0,0.0,9.547241,0.0,2.0,6.038972,11.17,1.0,0.0,-3.107071,0.0,0
Q-00830,REP-06,Gold,4,0.0,0.0,4.0,0.0,0.0,9.63502,0.824068,2.0,4.259977,9.47,2.0,0.0,-1.861484,0.0,0
Q-00831,REP-07,Gold,6,0.429971,1.95,6.0,2.0,0.523039,12.392141,0.523039,2.0,10.48633,12.08,1.0,0.0,1.340288,2.1308,2
Q-00832,REP-02,Gold,1,0.0,0.0,1.0,0.0,0.0,8.101981,1.0,2.0,5.78,5.78,0.0,1.0,-0.40998,0.5875,0
Q-00833,REP-06,Bronze,2,0.0,0.0,2.0,0.0,0.0,10.851296,0.063953,0.0,2.81314,4.03,2.0,1.0,-3.308322,0.3152,0
Q-00834,REP-03,Bronze,3,3.701221,3.9,3.0,2.0,0.984733,9.480444,0.366412,0.0,8.676336,8.9,2.0,1.0,4.3975,2.6859,2
Q-00835,REP-02,Silver,3,1.398995,2.9,3.0,1.0,0.482412,10.303974,0.502513,1.0,10.48593,12.9,0.0,1.0,4.29595,1.6617,1
Q-00836,REP-08,Gold,5,0.726606,3.08,5.0,1.0,0.235911,10.038499,0.275229,2.0,9.133893,13.08,0.0,0.0,-0.554504,0.8513,0
Q-00837,REP-06,Gold,2,0.0,0.0,2.0,0.0,0.0,10.367253,0.471698,2.0,5.583019,6.55,2.0,1.0,-0.538443,0.0,0
Q-00838,REP-08,Silver,1,0.0,0.0,1.0,0.0,0.0,8.699681,1.0,1.0,9.1,9.1,0.0,0.0,-0.588396,0.38,0
Q-00839,REP-05,Silver,2,0.0,0.0,2.0,0.0,0.0,11.333811,0.669856,1.0,1.278565,1.58,2.0,0.0,-2.534213,0.2451,0
Q-00840,REP-07,Silver,2,8.696061,9.37,2.0,2.0,1.0,9.988793,0.757576,1.0,18.696061,19.37,1.0,1.0,9.550018,8.1926,2
Q-00841,REP-01,Gold,1,0.0,0.0,1.0,0.0,0.0,8.748464,0.0,2.0,0.26,0.26,0.0,0.0,-5.315847,0.0,0
Q-00842,REP-02,Gold,1,0.0,0.0,1.0,0.0,0.0,9.392745,1.0,2.0,9.76,9.76,0.0,1.0,3.57002,0.66,1
Q-00843,REP-08,Silver,4,0.957628,5.72,4.0,3.0,0.871166,11.203011,0.654397,1.0,10.737321,15.72,0.0,0.0,1.048925,1.8595,2
Q-00844,REP-04,Silver,6,0.839014,5.34,6.0,2.0,0.265431,11.866473,0.631978,1.0,8.847042,15.34,0.0,1.0,3.053046,2.9876,2
Q-00845,REP-07,Bronze,2,2.907742,5.42,2.0,2.0,1.0,10.524091,0.290323,0.0,7.907742,10.42,1.0,0.0,-1.238301,2.648,2
Q-00846,REP-01,Silver,1,0.0,0.0,1.0,0.0,0.0,9.488048,1.0,1.0,5.51,5.51,0.0,0.0,-0.065847,0.44,0
Q-00847,REP-02,Silver,5,0.0,0.0,5.0,0.0,0.0,11.790565,0.777273,1.0,3.401091,5.54,0.0,0.0,-2.788889,1.3075,1
Q-00848,REP-08,Gold,4,7.551054,9.87,4.0,1.0,0.765051,11.652913,0.827646,2.0,19.067035,21.87,0.0,0.0,9.378639,8.4023,2
Q-00849,REP-03,Bronze,3,0.068964,4.31,3.0,2.0,0.017106,11.974872,0.0,0.0,0.675429,9.31,2.0,1.0,-3.603408,1.6757,1
Q-00850,REP-03,Silver,2,0.0,0.0,2.0,0.0,0.0,10.879951,0.090395,1.0,2.947119,3.24,2.0,0.0,-1.331718,0.0,0
Q-00851,REP-04,Silver,2,0.0,0.0,2.0,0.0,0.0,7.850104,0.0,1.0,3.190351,3.25,0.0,1.0,-2.603645,0.2514,0
Q-00852,REP-03,Silver,1,0.0,0.0,1.0,0.0,0.0,9.575053,0.0,1.0,7.88,7.88,2.0,0.0,3.601164,0.0,0
Q-00853,REP-04,Gold,3,0.0,0.0,3.0,0.0,0.0,10.722408,0.145503,2.0,6.18955,7.31,0.0,0.0,0.395554,0.018,0
Q-00854,REP-04,Gold,3,0.0,0.0,3.0,0.0,0.0,10.868587,0.685714,2.0,3.468057,12.89,0.0,1.0,-2.325939,0.8246,0
Q-00855,REP-04,Gold,1,0.0,0.0,1.0,0.0,0.0,8.47658,1.0,2.0,8.81,8.81,0.0,1.0,3.016004,0.6,0
Q-00856,REP-06,Silver,3,0.0,0.0,3.0,0.0,0.0,9.436759,0.526316,1.0,4.612823,7.98,2.0,0.0,-1.508639,0.0,0
Q-00857,REP-01,Silver,4,0.0,0.0,4.0,0.0,0.0,10.217057,0.730861,1.0,5.235507,7.29,0.0,1.0,-0.34034,0.86,1
Q-00858,REP-08,Silver,3,0.016964,0.05,3.0,1.0,0.339271,10.473648,0.339271,1.0,9.979822,10.05,0.0,0.0,0.291426,0.2811,0
Q-00859,REP-08,Silver,4,0.058372,0.21,4.0,1.0,0.277964,11.314792,0.720512,1.0,7.254358,10.21,0.0,0.0,-2.434038,0.9074,0
Q-00860,REP-03,Bronze,6,0.966597,7.26,6.0,2.0,0.201105,12.279839,0.114718,0.0,4.524434,12.26,2.0,0.0,0.245598,2.4813,2
Q-00861,REP-01,Silver,3,0.0,0.0,3.0,0.0,0.0,12.110118,0.033021,1.0,3.044282,9.53,0.0,0.0,-2.531565,1.3123,1
Q-00862,REP-08,Bronze,3,1.359329,2.06,3.0,3.0,1.0,10.707751,0.0,0.0,6.359329,7.06,0.0,0.0,-3.329067,1.17,1
Q-00863,REP-07,Bronze,5,1.954651,6.41,5.0,4.0,0.772507,12.012737,0.969425,0.0,6.158424,11.41,1.0,0.0,-2.987619,3.9084,2
Q-00864,REP-07,Bronze,2,5.950787,7.23,2.0,2.0,1.0,11.866402,0.646067,0.0,10.950787,12.23,1.0,1.0,1.804744,6.4112,2
Q-00865,REP-05,Silver,3,0.0,0.0,3.0,0.0,0.0,12.087745,0.112562,1.0,5.081387,8.56,2.0,1.0,1.268609,1.1726,1
Q-00866,REP-07,Silver,3,0.617839,1.9,3.0,2.0,0.879397,10.591647,0.879397,1.0,10.383869,11.9,1.0,1.0,1.237826,1.4733,1
Q-00867,REP-05,Gold,2,0.0,0.0,2.0,0.0,0.0,10.677085,0.968858,2.0,8.715087,8.92,2.0,0.0,4.902309,0.0,0
Q-00868,REP-05,Silver,4,0.998773,4.07,4.0,1.0,0.245399,10.286741,0.0818,1.0,4.371779,14.07,2.0,1.0,0.559001,0.7867,1
Q-00869,REP-05,Bronze,3,0.0,0.0,3.0,0.0,0.0,10.949947,0.992098,0.0,3.579552,3.82,2.0,0.0,-0.233226,0.4202,0
Q-00870,REP-02,Gold,4,0.0,0.0,4.0,0.0,0.0,11.974903,0.176411,2.0,9.321293,13.79,0.0,0.0,3.131313,0.9797,0
Q-00871,REP-01,Bronze,2,0.738889,1.33,2.0,1.0,0.555556,9.692828,0.444444,0.0,4.867778,6.33,0.0,1.0,-0.708069,1.2861,1
Q-00872,REP-07,Bronze,3,2.142525,4.81,3.0,2.0,0.919192,9.095042,0.808081,0.0,7.092424,9.81,1.0,0.0,-2.053619,2.323,1
Q-00873,REP-06,Gold,3,0.0,0.0,3.0,0.0,0.0,10.690831,0.784983,2.0,0.748259,3.48,2.0,0.0,-5.373202,0.0,0
Q-00874,REP-03,Gold,5,0.0,0.0,5.0,0.0,0.0,11.21487,0.371842,2.0,3.931115,6.33,2.0,0.0,-0.347721,0.0,0
Q-00875,REP-07,Bronze,3,11.905262,15.63,3.0,3.0,1.0,12.030534,0.053635,0.0,16.905262,20.63,1.0,0.0,7.759219,7.8766,2
Q-00876,REP-02,Silver,4,0.000957,0.71,4.0,1.0,0.001348,12.089769,0.085936,1.0,7.022683,10.71,0.0,0.0,0.832703,1.3894,2
Q-00877,REP-07,Bronze,2,5.992707,6.36,2.0,2.0,1.0,9.542948,0.0,0.0,10.992707,11.36,1.0,0.0,1.846664,3.0327,2
Q-00878,REP-08,Silver,4,0.0,0.0,4.0,0.0,0.0,9.995428,0.99886,1.0,6.28813,8.12,0.0,1.0,-3.400266,0.9621,1
Q-00879,REP-08,Bronze,2,5.099881,5.17,2.0,2.0,1.0,11.11693,1.0,0.0,10.099881,10.17,0.0,1.0,0.411485,6.4134,2
Q-00880,REP-08,Bronze,1,2.71,2.71,1.0,1.0,1.0,9.200391,0.0,0.0,7.71,7.71,0.0,0.0,-1.978396,1.5188,1
Q-00881,REP-08,Bronze,2,0.064142,4.08,2.0,1.0,0.015721,10.507148,0.984279,0.0,4.699959,9.08,0.0,1.0,-4.988437,1.7719,1
Q-00882,REP-08,Bronze,5,6.06206,8.55,5.0,5.0,1.0,10.038281,0.524361,0.0,11.06206,13.55,0.0,0.0,1.373664,5.8487,2
Q-00883,REP-08,Bronze,4,1.570852,8.96,4.0,4.0,1.0,11.385671,0.858603,0.0,6.570852,13.96,0.0,0.0,-3.117544,3.2727,2
Q-00884,REP-05,Silver,1,0.0,0.0,1.0,0.0,0.0,10.740757,0.0,1.0,4.66,4.66,2.0,0.0,0.847222,0.0,0
Q-00885,REP-04,Gold,1,0.0,0.0,1.0,0.0,0.0,8.055475,0.0,2.0,10.12,10.12,0.0,0.0,4.326004,0.0,0
Q-00886,REP-06,Silver,6,2.679407,7.02,6.0,3.0,0.45051,11.564816,0.674104,1.0,9.685538,17.02,2.0,0.0,3.564076,3.4508,2
Q-00887,REP-04,Bronze,3,0.145683,6.75,3.0,1.0,0.021583,11.331416,0.471223,0.0,3.946043,11.75,0.0,0.0,-1.847953,1.819,1
Q-00888,REP-06,Gold,3,0.990335,3.7,3.0,1.0,0.267658,10.199919,0.267658,2.0,7.649665,15.7,2.0,0.0,1.528204,0.5703,0
Q-00889,REP-07,Silver,2,0.614483,0.66,2.0,1.0,0.931034,10.275086,1.0,1.0,10.446897,10.66,1.0,0.0,1.300854,0.8604,1
Q-00890,REP-03,Gold,2,0.0,0.0,2.0,0.0,0.0,9.935035,0.0,2.0,4.778372,7.29,2.0,1.0,0.499536,0.0,0
Q-00891,REP-08,Silver,5,0.615208,2.72,5.0,2.0,0.238647,11.547337,1.0,1.0,7.071324,12.72,0.0,0.0,-2.617073,2.0085,1
Q-00892,REP-04,Silver,5,0.0,0.0,5.0,0.0,0.0,10.811161,0.901755,1.0,0.783508,4.85,0.0,0.0,-5.010488,0.689,0
Q-00893,REP-03,Bronze,2,0.0,0.0,2.0,0.0,0.0,11.850119,0.025696,0.0,0.0,0.0,2.0,0.0,-4.278836,0.5816,0
Q-00894,REP-05,Gold,2,0.178977,0.21,2.0,1.0,0.852273,9.958023,0.852273,2.0,9.927841,10.21,2.0,0.0,6.115063,0.0,0
Q-00895,REP-08,Silver,3,0.228686,1.03,3.0,1.0,0.222025,10.715328,0.888099,1.0,8.531528,11.03,0.0,0.0,-1.156869,0.9492,1
Q-00896,REP-03,Bronze,6,0.37796,5.39,6.0,2.0,0.084986,11.57026,0.665722,0.0,2.486062,10.39,2.0,0.0,-1.792774,1.4003,1
Q-00897,REP-01,Silver,2,0.0,0.0,2.0,0.0,0.0,9.433564,0.96,1.0,4.7304,4.74,0.0,0.0,-0.845447,0.4122,0
Q-00898,REP-05,Gold,2,0.0,0.0,2.0,0.0,0.0,8.810012,0.0,2.0,8.625821,8.77,2.0,1.0,4.813043,0.0,0
Q-00899,REP-07,Silver,5,5.258543,12.16,5.0,3.0,0.559386,11.10835,0.428625,1.0,14.304657,22.16,1.0,1.0,5.158614,6.4111,2
Q-00900,REP-04,Silver,3,0.0,0.0,3.0,0.0,0.0,10.992066,0.996633,1.0,6.556465,6.89,0.0,0.0,0.762469,0.8231,0
Q-00901,REP-01,Silver,4,0.0,0.0,4.0,0.0,0.0,11.225257,0.16,1.0,5.31936,8.45,0.0,0.0,-0.256487,0.493,0
Q-00902,REP-08,Bronze,3,6.071455,6.6,3.0,3.0,1.0,11.075985,1.0,0.0,11.071455,11.6,0.0,1.0,1.383059,7.3644,2
Q-00903,REP-05,Bronze,3,1.263793,4.73,3.0,2.0,0.448276,8.378161,0.0,0.0,3.692759,9.73,2.0,0.0,-0.120019,0.4873,0
Q-00904,REP-03,Bronze,3,0.0,0.0,3.0,0.0,0.0,11.262552,0.0,0.0,1.667225,2.48,2.0,0.0,-2.611611,0.0488,0
Q-00905,REP-06,Silver,6,0.0,0.0,6.0,0.0,0.0,10.948101,0.06333,1.0,7.309623,7.82,2.0,1.0,1.188161,0.1385,0
Q-00906,REP-07,Bronze,3,2.270119,3.49,3.0,2.0,0.740678,10.98531,0.259322,0.0,7.202695,8.49,1.0,0.0,-1.943348,1.6716,1
Q-00907,REP-07,Gold,3,0.0,0.0,3.0,0.0,0.0,10.085851,0.4375,2.0,9.3085,14.87,1.0,0.0,0.162457,0.0,0
Q-00908,REP-01,Silver,1,0.0,0.0,1.0,0.0,0.0,6.43935,0.0,1.0,7.08,7.08,0.0,1.0,1.504153,0.2352,0
Q-00909,REP-03,Silver,2,0.0,0.0,2.0,0.0,0.0,10.938468,0.0,1.0,1.2373,6.45,2.0,0.0,-3.041536,0.0,0
Q-00910,REP-08,Bronze,2,4.229024,10.99,2.0,2.0,1.0,9.822874,0.682927,0.0,9.229024,15.99,0.0,0.0,-0.459372,3.8271,2
Q-00911,REP-08,Bronze,5,0.636531,4.8,5.0,4.0,0.161723,11.664023,0.005159,0.0,5.410196,9.8,0.0,0.0,-4.2782,1.7724,1
Q-00912,REP-05,Silver,3,0.0,0.0,3.0,0.0,0.0,10.680539,0.296552,1.0,4.206069,5.7,2.0,0.0,0.393291,0.0,0
Q-00913,REP-08,Silver,1,0.0,0.0,1.0,0.0,0.0,7.496097,1.0,1.0,6.07,6.07,0.0,0.0,-3.618396,0.345,0
Q-00914,REP-04,Bronze,6,1.140198,5.89,6.0,3.0,0.215241,12.054674,0.252472,0.0,4.979238,10.89,0.0,0.0,-0.814758,3.1587,2
Q-00915,REP-06,Gold,2,0.0,0.0,2.0,0.0,0.0,10.448744,1.0,2.0,7.621739,7.96,2.0,0.0,1.500278,0.0,0
Q-00916,REP-05,Gold,2,0.0,0.0,2.0,0.0,0.0,10.357775,0.085714,2.0,0.0,0.0,2.0,0.0,-3.812778,0.0,0
Q-00917,REP-07,Bronze,4,3.069486,7.27,4.0,4.0,1.0,10.589635,0.528701,0.0,8.069486,12.27,1.0,0.0,-1.076556,2.5062,2
Q-00918,REP-04,Bronze,5,0.791306,10.74,5.0,3.0,0.465601,10.927215,0.043111,0.0,5.325436,15.74,0.0,0.0,-0.46856,2.1958,2
Q-00919,REP-03,Silver,3,0.0,0.0,3.0,0.0,0.0,10.81579,0.03012,1.0,5.06494,9.12,2.0,0.0,0.786104,0.0,0
Q-00920,REP-03,Bronze,4,6.578333,10.48,4.0,2.0,0.940476,10.134639,0.964286,0.0,11.462143,15.48,2.0,0.0,7.183307,6.819,2
Q-00921,REP-08,Bronze,3,3.795937,4.7,3.0,3.0,1.0,11.626263,0.53125,0.0,8.795938,9.7,0.0,0.0,-0.892459,4.0058,2
Q-00922,REP-05,Bronze,4,0.0,0.0,4.0,0.0,0.0,11.167981,0.793505,0.0,4.244942,4.95,2.0,0.0,0.432164,0.4266,0
Q-00923,REP-01,Silver,1,0.0,0.0,1.0,0.0,0.0,10.673619,0.0,1.0,6.34,6.34,0.0,1.0,0.764153,0.59,1
Q-00924,REP-06,Silver,3,0.0,0.0,3.0,0.0,0.0,10.992066,0.363636,1.0,5.751515,7.52,2.0,0.0,-0.369946,0.0,0
Q-00925,REP-02,Bronze,4,0.000344,0.13,4.0,1.0,0.002649,11.717302,0.619523,0.0,2.619647,5.13,0.0,0.0,-3.570332,1.3775,1
Q-00926,REP-03,Bronze,6,1.043645,4.46,6.0,1.0,0.234001,11.345879,0.0,0.0,3.583428,9.46,2.0,0.0,-0.695408,1.0341,0
Q-00927,REP-05,Silver,6,0.0,0.0,6.0,0.0,0.0,11.24767,0.503259,1.0,5.425411,7.98,2.0,0.0,1.612633,0.096,0
Q-00928,REP-06,Gold,2,0.0,0.0,2.0,0.0,0.0,10.376642,0.364486,2.0,4.184112,7.94,2.0,1.0,-1.937349,0.0,0
Q-00929,REP-08,Bronze,1,8.06,8.06,1.0,1.0,1.0,9.84697,0.0,0.0,13.06,13.06,0.0,1.0,3.371604,4.8793,2
Q-00930,REP-07,Bronze,4,3.346679,5.42,4.0,4.0,1.0,10.389641,0.940959,0.0,8.346679,10.42,1.0,0.0,-0.799364,3.8501,2
Q-00931,REP-04,Bronze,2,1.15,1.43,2.0,2.0,1.0,11.245059,0.0,0.0,6.15,6.43,0.0,0.0,0.356004,1.2778,1
Q-00932,REP-07,Bronze,1,2.34,2.34,1.0,1.0,1.0,8.371242,0.0,0.0,7.34,7.34,1.0,1.0,-1.806043,1.4262,1
Q-00933,REP-02,Gold,5,0.0,0.0,5.0,0.0,0.0,12.032142,0.0,2.0,2.253112,7.28,0.0,0.0,-3.936868,0.9606,1
Q-00934,REP-05,Silver,3,0.0,0.0,3.0,0.0,0.0,11.026809,0.146341,1.0,3.666049,4.06,2.0,0.0,-0.146729,0.0,0
Q-00935,REP-07,Gold,4,0.0,0.0,4.0,0.0,0.0,11.674202,0.109787,2.0,8.629081,8.93,1.0,0.0,-0.516962,0.2995,0
Q-00936,REP-08,Silver,2,0.0,0.0,2.0,0.0,0.0,10.395161,0.192661,1.0,7.017798,7.26,0.0,0.0,-2.670598,0.1585,0
Q-00937,REP-01,Gold,1,2.13,2.13,1.0,1.0,1.0,8.922792,1.0,2.0,14.13,14.13,0.0,0.0,8.554153,2.196,2
Q-00938,REP-08,Silver,4,0.0,0.0,4.0,0.0,0.0,10.916923,0.509982,1.0,8.716279,9.7,0.0,0.0,-0.972117,0.5197,0
Q-00939,REP-06,Gold,6,0.0,0.0,6.0,0.0,0.0,10.938645,0.111881,2.0,7.059385,12.12,2.0,0.0,0.937923,0.0,0
Q-00940,REP-02,Gold,3,0.0,0.0,3.0,0.0,0.0,11.454883,0.964392,2.0,7.135451,8.67,0.0,0.0,0.945472,0.8767,1
Q-00941,REP-01,Bronze,6,3.086212,13.7,6.0,5.0,0.414721,11.965217,0.615815,0.0,8.080359,18.7,0.0,1.0,2.504512,5.0775,2
Q-00942,REP-04,Gold,3,0.0,0.0,3.0,0.0,0.0,11.390543,0.994575,2.0,6.237288,6.61,0.0,1.0,0.443292,1.2943,1
Q-00943,REP-03,Silver,5,0.0,0.0,5.0,0.0,0.0,12.29198,0.210608,1.0,0.111069,1.11,2.0,0.0,-4.167767,1.112,0
Q-00944,REP-01,Bronze,1,1.47,1.47,1.0,1.0,1.0,9.036106,0.0,0.0,6.47,6.47,0.0,1.0,0.894153,1.2991,1
Q-00945,REP-01,Silver,5,0.0,0.0,5.0,0.0,0.0,11.15326,0.0,1.0,5.761546,7.26,0.0,0.0,0.185699,0.3616,0
Q-00946,REP-04,Silver,3,0.0,0.0,3.0,0.0,0.0,9.952563,0.0,1.0,3.739229,3.77,0.0,0.0,-2.054767,0.0,0
Q-00947,REP-05,Bronze,1,0.0,0.0,1.0,0.0,0.0,8.699681,1.0,0.0,1.43,1.43,2.0,0.0,-2.382778,0.0,0
Q-00948,REP-04,Silver,2,0.06,1.41,2.0,1.0,0.042553,9.148571,0.0,1.0,4.975957,11.41,0.0,0.0,-0.818038,0.0386,0
Q-00949,REP-03,Bronze,3,4.208426,7.26,3.0,2.0,0.969543,11.274681,0.862944,0.0,9.056142,12.26,2.0,0.0,4.777306,4.5399,2
Q-00950,REP-03,Silver,1,0.0,0.0,1.0,0.0,0.0,10.225607,0.0,1.0,3.94,3.94,2.0,0.0,-0.338836,0.0,0
Q-00951,REP-06,Bronze,1,0.0,0.0,1.0,0.0,0.0,8.119994,0.0,0.0,3.0,3.0,2.0,1.0,-3.121462,0.0,0
Q-00952,REP-04,Silver,6,0.001537,1.2,6.0,1.0,0.00128,11.488848,0.240729,1.0,4.348434,11.2,0.0,0.0,-1.445562,0.8585,1
Q-00953,REP-02,Bronze,3,4.023305,5.27,3.0,1.0,0.763435,11.508425,0.763435,0.0,8.36558,10.27,0.0,0.0,2.1756,5.2087,2
Q-00954,REP-06,Gold,1,0.0,0.0,1.0,0.0,0.0,8.699681,0.0,2.0,4.67,4.67,2.0,0.0,-1.451462,0.0,0
Q-00955,REP-04,Bronze,3,2.197075,2.57,3.0,1.0,0.854893,11.395279,1.0,0.0,6.667132,7.57,0.0,0.0,0.873136,3.4191,2
Q-00956,REP-05,Bronze,6,4.421667,7.58,6.0,1.0,0.583333,11.366755,0.170139,0.0,8.158785,12.58,2.0,0.0,4.346007,2.9045,2
Q-00957,REP-05,Gold,4,0.0,0.0,4.0,0.0,0.0,9.899781,0.271016,2.0,7.862836,10.8,2.0,0.0,4.050058,0.0,0
Q-00958,REP-03,Bronze,3,0.385175,2.04,3.0,1.0,0.188811,11.177467,1.0,0.0,1.329231,7.04,2.0,0.0,-2.949605,1.0938,1
Q-00959,REP-03,Silver,2,0.0,0.0,2.0,0.0,0.0,9.915466,0.988142,1.0,7.849407,7.91,2.0,0.0,3.570571,0.0,0
Q-00960,REP-02,Gold,4,0.0,0.0,4.0,0.0,0.0,12.110668,0.151265,2.0,5.829626,8.32,0.0,1.0,-0.360354,1.6082,1
Q-00961,REP-04,Gold,3,0.0,0.0,3.0,0.0,0.0,11.894105,0.071721,2.0,4.122746,4.64,0.0,0.0,-1.67125,0.8194,1
Q-00962,REP-03,Gold,3,0.0,0.0,3.0,0.0,0.0,10.356186,0.842607,2.0,1.891542,5.22,2.0,1.0,-2.387294,0.1355,0
Q-00963,REP-01,Bronze,1,0.0,0.0,1.0,0.0,0.0,7.901377,1.0,0.0,3.6,3.6,0.0,1.0,-1.975847,1.0225,0
Q-00964,REP-06,Bronze,3,4.452143,12.21,3.0,3.0,1.0,11.808583,0.71875,0.0,9.452143,17.21,2.0,0.0,3.330681,4.5559,2
Q-00965,REP-03,Gold,4,0.0,0.0,4.0,0.0,0.0,10.772708,0.874214,2.0,3.11195,11.26,2.0,0.0,-1.166887,0.0,0
Q-00966,REP-01,Silver,3,0.0,0.0,3.0,0.0,0.0,10.44001,0.210526,1.0,0.584211,8.3,0.0,0.0,-4.991637,0.1808,0
Q-00967,REP-03,Silver,2,0.02,0.04,2.0,1.0,0.5,8.881975,0.5,1.0,5.02,10.04,2.0,0.0,0.741164,0.0,0
Q-00968,REP-07,Silver,1,0.0,0.0,1.0,0.0,0.0,10.491302,0.0,1.0,9.89,9.89,1.0,0.0,0.743957,0.0,0
Q-00969,REP-08,Silver,1,0.0,0.0,1.0,0.0,0.0,10.434145,1.0,1.0,9.93,9.93,0.0,0.0,0.241604,0.6133,0
Q-00970,REP-03,Bronze,4,3.634951,4.95,4.0,3.0,0.79288,9.82774,0.647249,0.0,8.386408,9.95,2.0,1.0,4.107572,3.7773,2
Q-00971,REP-04,Silver,2,1.380645,4.28,2.0,1.0,0.322581,10.236418,0.677419,1.0,7.390645,14.28,0.0,1.0,1.596649,1.8858,1
Q-00972,REP-05,Silver,2,0.0,0.0,2.0,0.0,0.0,7.946618,0.849558,1.0,1.644336,3.25,2.0,1.0,-2.168441,0.1208,0
Q-00973,REP-02,Silver,2,0.07947,0.08,2.0,1.0,0.993377,10.027959,0.993377,1.0,10.04543,10.08,0.0,1.0,3.855451,1.0407,1
Q-00974,REP-07,Gold,2,0.483208,1.97,2.0,1.0,0.245283,10.772708,1.0,2.0,8.611509,11.97,1.0,0.0,-0.534533,0.8301,0
Q-00975,REP-05,Silver,3,0.0,0.0,3.0,0.0,0.0,10.864771,0.10325,1.0,5.935813,6.81,2.0,0.0,2.123035,0.0,0
Q-00976,REP-01,Silver,2,0.0,0.0,2.0,0.0,0.0,10.571343,0.230769,1.0,3.724615,4.24,0.0,0.0,-1.851232,0.2319,0
Q-00977,REP-06,Bronze,3,1.951351,2.61,3.0,1.0,0.747644,10.773755,0.251309,0.0,6.815435,7.61,2.0,0.0,0.693973,1.0428,1
Q-00978,REP-04,Bronze,4,1.584571,4.1,4.0,2.0,0.428262,10.453803,0.0,0.0,3.765155,9.1,0.0,1.0,-2.028841,1.8555,2
Q-00979,REP-07,Gold,3,0.497895,4.73,3.0,1.0,0.105263,9.341456,0.105263,2.0,8.314211,16.73,1.0,0.0,-0.831832,0.3514,0
Q-00980,REP-07,Silver,3,4.885351,7.2,3.0,2.0,0.711261,11.328053,0.962464,1.0,13.77948,17.2,1.0,0.0,4.633437,5.5832,2
Q-00981,REP-05,Silver,5,0.0,0.0,5.0,0.0,0.0,11.525259,0.570921,1.0,4.324571,5.98,2.0,0.0,0.511794,0.3377,0
Q-00982,REP-04,Silver,3,0.053347,2.55,3.0,1.0,0.020921,10.95712,0.0,1.0,4.196695,12.55,0.0,0.0,-1.597301,0.5609,0
Q-00983,REP-08,Gold,6,0.56618,3.59,6.0,1.0,0.15771,11.357452,0.327103,2.0,8.00972,13.59,0.0,0.0,-1.678677,1.3237,1
Q-00984,REP-04,Bronze,1,0.0,0.0,1.0,0.0,0.0,5.993961,0.0,0.0,1.89,1.89,0.0,0.0,-3.903996,0.0033,0
Q-00985,REP-08,Silver,5,2.913979,5.11,5.0,2.0,0.591609,12.117575,0.435923,1.0,12.070111,15.11,0.0,0.0,2.381715,3.412,2
Q-00986,REP-02,Bronze,3,2.99566,10.97,3.0,2.0,0.886792,11.571204,0.886792,0.0,7.57566,15.97,0.0,0.0,1.38568,5.0941,2
Q-00987,REP-03,Silver,3,0.0,0.0,3.0,0.0,0.0,10.887923,0.990191,1.0,0.045516,0.45,2.0,0.0,-4.23332,0.1706,0
Q-00988,REP-08,Bronze,1,0.35,0.35,1.0,1.0,1.0,8.47658,1.0,0.0,5.35,5.35,0.0,0.0,-4.338396,0.9225,1
Q-00989,REP-03,Silver,1,0.0,0.0,1.0,0.0,0.0,9.259226,1.0,1.0,7.04,7.04,2.0,1.0,2.761164,0.2675,0
Q-00990,REP-03,Gold,5,0.0,0.0,5.0,0.0,0.0,10.032804,0.369069,2.0,4.109209,7.77,2.0,1.0,-0.169627,0.0,0
Q-00991,REP-04,Silver,4,0.0,0.0,4.0,0.0,0.0,11.622148,0.412408,1.0,5.874917,8.66,0.0,0.0,0.080921,0.9363,1
Q-00992,REP-02,Gold,3,0.0,0.0,3.0,0.0,0.0,9.319284,0.0,2.0,5.927982,6.08,0.0,0.0,-0.261998,0.0,0
Q-00993,REP-07,Silver,5,3.278361,9.65,5.0,2.0,0.523408,11.578723,0.351124,1.0,10.484682,19.65,1.0,0.0,1.338639,3.0015,2
Q-00994,REP-05,Silver,1,0.0,0.0,1.0,0.0,0.0,8.188967,0.0,1.0,1.45,1.45,2.0,1.0,-2.362778,0.0,0
Q-00995,REP-07,Silver,2,1.096667,1.88,2.0,1.0,0.583333,11.184435,0.0,1.0,9.838333,11.88,1.0,0.0,0.69229,0.7474,0
Q-00996,REP-06,Gold,1,0.0,0.0,1.0,0.0,0.0,8.748464,0.0,2.0,4.5,4.5,2.0,0.0,-1.621462,0.0,0
Q-00997,REP-05,Silver,4,0.0,0.0,4.0,0.0,0.0,11.054471,0.0,1.0,4.203025,7.01,2.0,1.0,0.390247,0.1569,0
Q-00998,REP-07,Bronze,3,2.114259,3.05,3.0,2.0,0.992395,11.275949,0.912548,0.0,7.10924,8.05,1.0,0.0,-2.036803,2.8686,2
Q-00999,REP-08,Gold,6,0.0,0.0,6.0,0.0,0.0,11.599479,0.590609,2.0,7.685745,9.96,0.0,0.0,-2.002652,0.7935,1
Q-01000,REP-02,Silver,6,0.04653,0.17,6.0,1.0,0.273705,11.535675,0.718475,1.0,7.836676,10.17,0.0,1.0,1.646697,1.5354,2
Q-01001,REP-06,Bronze,2,1.894078,2.43,2.0,2.0,1.0,10.338544,0.0,0.0,6.894078,7.43,2.0,0.0,0.772616,0.7203,0
Q-01002,REP-02,Silver,5,0.016553,0.37,5.0,1.0,0.044739,11.701072,0.955261,1.0,6.13237,10.37,0.0,0.0,-0.05761,1.3589,1
Q-01003,REP-08,Bronze,5,8.648909,12.99,5.0,3.0,0.74148,12.232719,0.184031,0.0,12.840618,17.99,0.0,0.0,3.152222,7.2265,2
Q-01004,REP-08,Silver,6,0.0,0.0,6.0,0.0,0.0,12.096989,0.025093,1.0,8.960381,9.76,0.0,0.0,-0.728015,1.2882,1
Q-01005,REP-03,Silver,4,0.0,0.0,4.0,0.0,0.0,11.50339,0.559313,1.0,4.272892,8.09,2.0,0.0,-0.005944,0.313,0
Q-01006,REP-05,Gold,6,0.0,0.0,6.0,0.0,0.0,12.078813,0.218058,2.0,1.175775,4.02,2.0,0.0,-2.637003,0.5474,0
Q-01007,REP-01,Silver,2,0.0,0.0,2.0,0.0,0.0,11.910701,0.0,1.0,1.782445,2.82,0.0,0.0,-3.793402,1.0204,1
Q-01008,REP-03,Bronze,2,0.0,0.0,2.0,0.0,0.0,10.75366,0.192308,0.0,2.937692,2.98,2.0,0.0,-1.341144,0.0,0
Q-01009,REP-07,Silver,2,3.467324,7.46,2.0,1.0,0.464789,9.273409,0.535211,1.0,11.909859,17.46,1.0,0.0,2.763816,2.14,2
Q-01010,REP-01,Silver,3,0.0,0.0,3.0,0.0,0.0,11.52669,0.0,1.0,4.608806,5.17,0.0,1.0,-0.967041,1.0749,1
Q-01011,REP-01,Bronze,2,0.631915,0.99,2.0,1.0,0.638298,9.959442,0.638298,0.0,4.951915,5.99,0.0,1.0,-0.623932,1.617,1
Q-01012,REP-04,Bronze,3,0.025588,0.75,3.0,1.0,0.034117,11.096667,0.177407,0.0,1.41003,5.75,0.0,0.0,-4.383966,0.7404,0
Q-01013,REP-02,Silver,1,0.0,0.0,1.0,0.0,0.0,8.594339,1.0,1.0,5.07,5.07,0.0,1.0,-1.11998,0.825,0
Q-01014,REP-08,Bronze,2,3.121702,3.16,2.0,2.0,1.0,10.757924,0.808511,0.0,8.121702,8.16,0.0,0.0,-1.566694,3.5681,2
Q-01015,REP-06,Bronze,6,1.04487,4.5,6.0,3.0,0.326038,12.147946,0.853184,0.0,5.091887,9.5,2.0,0.0,-1.029575,2.5399,2
Q-01016,REP-02,Gold,2,0.244573,1.91,2.0,1.0,0.128049,11.314487,0.128049,2.0,5.448841,11.91,0.0,0.0,-0.741138,0.7293,0
Q-01017,REP-07,Silver,3,6.74609,7.1,3.0,1.0,0.950153,11.538749,0.046777,1.0,16.707433,17.1,1.0,0.0,7.56139,3.9752,2
Q-01018,REP-06,Bronze,2,1.345294,7.91,2.0,2.0,1.0,8.942592,0.117647,0.0,6.345294,12.91,2.0,0.0,0.223833,1.3544,1
Q-01019,REP-02,Silver,3,0.0,0.0,3.0,0.0,0.0,11.305298,0.861538,1.0,5.209969,7.3,0.0,0.0,-0.980011,0.9309,0
Q-01020,REP-03,Gold,5,0.0,0.0,5.0,0.0,0.0,10.663849,0.308555,2.0,4.126234,5.26,2.0,0.0,-0.152602,0.0,0
Q-01021,REP-07,Gold,2,0.186486,2.3,2.0,1.0,0.081081,11.211834,1.0,2.0,8.293514,12.3,1.0,0.0,-0.852529,0.8363,1
Q-01022,REP-07,Gold,6,0.0,0.0,6.0,0.0,0.0,9.537916,0.281081,2.0,7.044454,9.57,1.0,1.0,-2.101589,0.0,0
Q-01023,REP-03,Silver,2,0.0,0.0,2.0,0.0,0.0,10.098273,1.0,1.0,0.0,0.0,2.0,0.0,-4.278836,0.0,0
Q-01024,REP-04,Silver,4,0.0,0.0,4.0,0.0,0.0,11.243358,0.925756,1.0,5.112439,5.74,0.0,0.0,-0.681556,0.9256,0
Q-01025,REP-02,Silver,1,0.0,0.0,1.0,0.0,0.0,11.824087,0.0,1.0,3.57,3.57,0.0,1.0,-2.61998,1.3675,1
Q-01026,REP-02,Bronze,5,0.0,0.0,5.0,0.0,0.0,12.335635,0.151538,0.0,3.200305,3.93,0.0,0.0,-2.989675,1.9806,1
Q-01027,REP-06,Silver,1,0.0,0.0,1.0,0.0,0.0,6.803505,0.0,1.0,6.64,6.64,2.0,1.0,0.518538,0.0,0
Q-01028,REP-08,Silver,2,12.091225,12.11,2.0,1.0,0.99845,10.786759,0.0,1.0,22.084822,22.11,0.0,0.0,12.396425,6.5935,2
Q-01029,REP-08,Silver,4,1.717724,5.39,4.0,3.0,0.935897,11.041337,0.375,1.0,11.686955,15.39,0.0,1.0,1.998559,2.9395,2
Q-01030,REP-06,Silver,4,0.0,0.0,4.0,0.0,0.0,11.345701,0.464539,1.0,3.759397,6.27,2.0,0.0,-2.362064,0.1405,0
Q-01031,REP-02,Silver,4,0.687583,0.84,4.0,2.0,0.821192,11.925042,0.0,1.0,9.705212,10.84,0.0,0.0,3.515232,1.4195,1
Q-01032,REP-08,Bronze,3,0.200233,2.87,3.0,1.0,0.069767,9.604812,0.0,0.0,3.131881,7.87,0.0,0.0,-6.556516,0.5234,0
Q-01033,REP-04,Bronze,4,1.052015,3.11,4.0,2.0,0.977422,10.868302,0.0,0.0,6.001026,8.11,0.0,1.0,0.20703,1.6713,1
Q-01034,REP-08,Silver,4,0.997475,4.02,4.0,2.0,0.269103,10.535451,0.9701,1.0,8.156279,14.02,0.0,1.0,-1.532117,2.3421,1
Q-01035,REP-06,Bronze,5,5.459302,8.6,5.0,5.0,1.0,12.304791,0.235561,0.0,10.459302,13.6,2.0,1.0,4.337841,5.5162,2
Q-01036,REP-01,Silver,1,0.0,0.0,1.0,0.0,0.0,7.901377,1.0,1.0,1.99,1.99,0.0,0.0,-3.585847,0.3525,0
Q-01037,REP-07,Bronze,2,13.554728,13.66,2.0,2.0,1.0,11.929996,0.0,0.0,18.554728,18.66,1.0,1.0,9.408685,8.6102,2
Q-01038,REP-01,Bronze,4,3.990245,12.32,4.0,3.0,0.990572,10.591019,0.884978,0.0,8.949705,17.32,0.0,0.0,3.373857,4.9788,2
Q-01039,REP-04,Bronze,3,2.180316,3.48,3.0,2.0,0.642389,10.644138,0.357611,0.0,5.470935,8.48,0.0,0.0,-0.323061,1.8448,1
Q-01040,REP-01,Gold,3,0.0,0.0,3.0,0.0,0.0,9.516059,0.0,2.0,9.380994,12.56,0.0,0.0,3.805147,0.0,0
Q-01041,REP-06,Silver,1,0.0,0.0,1.0,0.0,0.0,8.2943,1.0,1.0,2.48,2.48,2.0,0.0,-3.641462,0.0,0
Q-01042,REP-06,Bronze,3,1.173143,1.86,3.0,2.0,0.714286,11.050906,0.114286,0.0,5.244571,6.86,2.0,0.0,-0.87689,0.7092,0
Q-01043,REP-03,Bronze,6,1.905606,2.68,6.0,5.0,0.917958,11.605514,0.64722,0.0,6.666044,7.68,2.0,1.0,2.387208,2.8787,2
Q-01044,REP-03,Gold,6,0.0,0.0,6.0,0.0,0.0,11.112761,0.223814,2.0,3.673787,9.44,2.0,0.0,-0.605049,0.0,0
Q-01045,REP-05,Silver,2,0.0,0.0,2.0,0.0,0.0,10.110542,0.0,1.0,4.849024,8.55,2.0,1.0,1.036247,0.0,0
Q-01046,REP-02,Bronze,5,4.629401,10.43,5.0,4.0,0.85168,11.077918,0.426419,0.0,9.543376,15.43,0.0,1.0,3.353396,5.5338,2
Q-01047,REP-08,Bronze,3,4.424725,5.32,3.0,3.0,1.0,11.898875,0.0,0.0,9.424725,10.32,0.0,0.0,-0.263672,3.6694,2
Q-01048,REP-03,Bronze,1,0.64,0.64,1.0,1.0,1.0,5.70711,0.0,0.0,5.64,5.64,2.0,1.0,1.361164,0.1917,0
Q-01049,REP-08,Silver,2,0.0,0.0,2.0,0.0,0.0,12.148978,0.0,1.0,8.681763,8.89,0.0,0.0,-1.006633,1.3542,1
Q-01050,REP-08,Gold,5,3.53133,4.96,5.0,2.0,0.787912,10.72549,0.659341,2.0,13.293505,17.03,0.0,0.0,3.605109,3.7041,2
Q-01051,REP-02,Gold,4,0.375523,1.17,4.0,1.0,0.32096,11.872842,0.56168,2.0,8.56996,11.17,0.0,1.0,2.37998,1.9574,1
Q-01052,REP-02,Silver,2,0.557983,0.83,2.0,1.0,0.672269,10.993748,1.0,1.0,9.571513,10.83,0.0,1.0,3.381533,1.8358,1
Q-01053,REP-08,Silver,2,0.0,0.0,2.0,0.0,0.0,10.881832,0.526316,1.0,5.661053,6.04,0.0,0.0,-4.027344,0.5128,0
Q-01054,REP-07,Gold,3,0.0,0.0,3.0,0.0,0.0,10.862857,0.218391,2.0,8.832644,10.18,1.0,1.0,-0.313399,0.2651,0
Q-01055,REP-05,Silver,6,0.0,0.0,6.0,0.0,0.0,10.684669,0.233516,1.0,4.672253,7.65,2.0,0.0,0.859475,0.0,0
Q-01056,REP-02,Bronze,4,0.0,0.0,4.0,0.0,0.0,11.015362,1.0,0.0,1.320921,3.49,0.0,0.0,-4.869059,1.0567,0
Q-01057,REP-01,Gold,6,0.0,0.0,6.0,0.0,0.0,10.934196,0.779522,2.0,4.822405,9.54,0.0,0.0,-0.753443,0.4559,0
Q-01058,REP-03,Gold,1,0.0,0.0,1.0,0.0,0.0,10.819798,1.0,2.0,0.0,0.0,2.0,0.0,-4.278836,0.0,0
Q-01059,REP-03,Silver,4,0.0,0.0,4.0,0.0,0.0,10.59716,0.644678,1.0,3.693043,6.27,2.0,0.0,-0.585793,0.0,0
Q-01060,REP-01,Silver,1,4.99,4.99,1.0,1.0,1.0,9.169623,1.0,1.0,14.99,14.99,0.0,1.0,9.414153,5.6005,2
Q-01061,REP-04,Bronze,5,0.0,0.0,5.0,0.0,0.0,12.132351,0.507038,0.0,3.073779,4.64,0.0,0.0,-2.720217,1.8271,1
Q-01062,REP-04,Silver,3,0.01509,0.68,3.0,1.0,0.022191,10.675007,0.728155,1.0,6.091373,10.68,0.0,0.0,0.297377,0.6221,0
Q-01063,REP-07,Bronze,1,7.18,7.18,1.0,1.0,1.0,10.16589,1.0,0.0,12.18,12.18,1.0,0.0,3.033957,7.2877,2
Q-01064,REP-04,Silver,1,0.0,0.0,1.0,0.0,0.0,8.314097,0.0,1.0,2.37,2.37,0.0,0.0,-3.423996,0.0,0
Q-01065,REP-08,Silver,1,1.78,1.78,1.0,1.0,1.0,7.09091,1.0,1.0,11.78,11.78,0.0,1.0,2.091604,2.481,2
Q-01066,REP-04,Silver,3,0.0,0.0,3.0,0.0,0.0,11.733273,0.057762,1.0,5.904765,6.08,0.0,0.0,0.110769,0.8505,1
Q-01067,REP-02,Silver,4,0.0,0.0,4.0,0.0,0.0,10.041117,0.522876,1.0,3.249399,6.41,0.0,0.0,-2.940581,0.2588,0
Q-01068,REP-02,Gold,2,0.036418,0.61,2.0,1.0,0.059701,10.419331,1.0,2.0,7.187313,10.61,0.0,1.0,0.997334,0.9369,1
Q-01069,REP-07,Silver,1,0.0,0.0,1.0,0.0,0.0,9.036106,0.0,1.0,6.32,6.32,1.0,0.0,-2.826043,0.0,0
Q-01070,REP-04,Gold,5,0.0,0.0,5.0,0.0,0.0,10.549438,0.880619,2.0,3.0444,5.77,0.0,0.0,-2.749595,0.3623,0
Q-01071,REP-05,Gold,1,0.0,0.0,1.0,0.0,0.0,8.343078,0.0,2.0,0.0,0.0,2.0,0.0,-3.812778,0.0,0
Q-01072,REP-08,Gold,5,1.189736,11.24,5.0,1.0,0.105848,11.446048,0.447985,2.0,9.795846,21.24,0.0,1.0,0.10745,3.2716,2
Q-01073,REP-06,Silver,1,0.0,0.0,1.0,0.0,0.0,8.699681,0.0,1.0,0.09,0.09,2.0,0.0,-6.031462,0.0,0
Q-01074,REP-05,Silver,2,0.0,0.0,2.0,0.0,0.0,8.742095,0.0,1.0,4.9277,5.24,2.0,0.0,1.114922,0.0,0
Q-01075,REP-01,Silver,2,0.0,0.0,2.0,0.0,0.0,9.200391,1.0,1.0,2.05,4.41,0.0,0.0,-3.525847,0.4125,0
Q-01076,REP-01,Silver,2,0.0,0.0,2.0,0.0,0.0,11.272521,0.0,1.0,7.623079,7.65,0.0,0.0,2.047232,0.4353,0
Q-01077,REP-07,Gold,2,0.0,0.0,2.0,0.0,0.0,6.381816,0.0,2.0,9.374746,9.39,1.0,0.0,0.228703,0.0,0
Q-01078,REP-04,Gold,6,0.0,0.0,6.0,0.0,0.0,11.750768,0.890816,2.0,6.644785,12.44,0.0,1.0,0.850789,1.557,1
Q-01079,REP-05,Silver,2,0.0,0.0,2.0,0.0,0.0,10.146473,0.152941,1.0,5.978,6.29,2.0,0.0,2.165222,0.0,0
Q-01080,REP-08,Silver,1,0.43,0.43,1.0,1.0,1.0,8.188967,1.0,1.0,10.43,10.43,0.0,0.0,0.741604,0.7685,1
Q-01081,REP-08,Gold,6,0.0,0.0,6.0,0.0,0.0,11.284908,0.847883,2.0,10.456543,11.78,0.0,0.0,0.768147,0.6898,0
Q-01082,REP-03,Silver,3,0.0,0.0,3.0,0.0,0.0,10.302968,0.0,1.0,2.365433,4.15,2.0,1.0,-1.913404,0.0,0
Q-01083,REP-07,Bronze,2,4.381951,4.43,2.0,2.0,1.0,9.466222,0.0,0.0,9.381951,9.43,1.0,0.0,0.235908,2.1353,1
Q-01084,REP-03,Gold,2,0.0,0.0,2.0,0.0,0.0,10.491302,1.0,2.0,1.816667,2.18,2.0,0.0,-2.46217,0.0,0
Q-01085,REP-07,Gold,2,0.589091,0.81,2.0,1.0,0.727273,9.893488,1.0,2.0,10.605455,10.81,1.0,1.0,1.459412,1.0089,1
Q-01086,REP-07,Silver,5,0.096604,0.93,5.0,3.0,0.351677,10.711881,0.639412,1.0,7.708501,10.93,1.0,0.0,-1.437542,0.3841,0
Q-01087,REP-04,Silver,2,0.0,0.0,2.0,0.0,0.0,11.380548,0.684932,1.0,4.442603,6.97,0.0,1.0,-1.351393,1.3367,1
Q-01088,REP-02,Gold,2,0.0,0.0,2.0,0.0,0.0,8.513386,0.421687,2.0,3.949157,4.16,0.0,0.0,-2.240823,0.0,0
Q-01089,REP-06,Silver,3,0.0,0.0,3.0,0.0,0.0,11.519911,0.571003,1.0,6.897597,8.59,2.0,0.0,0.776135,0.3332,0
Q-01090,REP-05,Gold,4,0.0,0.0,4.0,0.0,0.0,11.01495,0.990539,2.0,1.323209,8.34,2.0,0.0,-2.489569,0.0113,0
Q-01091,REP-03,Bronze,4,0.172549,2.58,4.0,2.0,0.371362,11.360951,1.0,0.0,4.549499,7.58,2.0,1.0,0.270663,1.5446,1
Q-01092,REP-02,Bronze,4,3.089069,4.86,4.0,3.0,0.997613,11.048522,0.167064,0.0,8.082458,9.86,0.0,1.0,1.892478,3.0703,2
Q-01093,REP-02,Bronze,5,5.758304,6.67,5.0,5.0,1.0,11.834654,0.565422,0.0,10.758304,11.67,0.0,1.0,4.568324,6.4973,2
Q-01094,REP-02,Bronze,2,0.8484,1.01,2.0,1.0,0.84,10.532123,0.84,0.0,5.698,6.01,0.0,0.0,-0.49198,1.5983,2
Q-01095,REP-01,Gold,4,0.0,0.0,4.0,0.0,0.0,11.207093,0.90835,2.0,6.644379,7.74,0.0,1.0,1.068532,1.1233,1
Q-01096,REP-03,Bronze,2,0.0,0.0,2.0,0.0,0.0,9.068316,0.92219,0.0,4.205187,4.56,2.0,0.0,-0.073649,0.0,0
Q-01097,REP-07,Silver,2,0.810784,1.25,2.0,2.0,1.0,9.124891,0.0,1.0,10.810784,11.25,1.0,0.0,1.664741,0.0345,0
Q-01098,REP-04,Gold,3,0.0,0.0,3.0,0.0,0.0,10.191707,0.0,2.0,14.409288,14.95,0.0,1.0,8.615292,0.2323,0
Q-01099,REP-04,Bronze,3,3.099052,5.03,3.0,1.0,0.616114,10.650199,1.0,0.0,7.276256,10.03,0.0,1.0,1.48226,4.5082,2
Q-01100,REP-02,Silver,4,0.0,0.0,4.0,0.0,0.0,10.927753,0.499102,1.0,4.401616,8.5,0.0,0.0,-1.788364,0.5187,0
Q-01101,REP-03,Silver,6,0.30198,1.22,6.0,1.0,0.247525,12.110668,0.712871,1.0,4.082305,11.22,2.0,0.0,-0.196531,1.3481,1
Q-01102,REP-02,Bronze,5,1.040565,3.07,5.0,3.0,0.432582,11.428358,0.408097,0.0,5.290516,8.07,0.0,0.0,-0.899464,2.1895,2
Q-01103,REP-03,Bronze,4,1.999264,2.22,4.0,2.0,0.931944,10.10504,0.036787,0.0,6.717106,7.22,2.0,0.0,2.43827,0.708,0
Q-01104,REP-07,Bronze,2,2.046931,2.34,2.0,2.0,1.0,10.095801,0.0,0.0,7.046931,7.34,1.0,0.0,-2.099112,1.0191,1
Q-01105,REP-06,Gold,2,0.0,0.0,2.0,0.0,0.0,11.205054,0.0,2.0,9.264,10.44,2.0,0.0,3.142538,0.0,0
Q-01106,REP-05,Silver,1,0.0,0.0,1.0,0.0,0.0,6.43935,0.0,1.0,9.24,9.24,2.0,1.0,5.427222,0.0,0
Q-01107,REP-06,Bronze,4,3.098008,4.42,4.0,4.0,1.0,11.188593,0.767635,0.0,8.098008,9.42,2.0,1.0,1.976547,3.9466,2
Q-01108,REP-06,Bronze,4,3.575387,8.44,4.0,3.0,0.950066,12.150829,0.243065,0.0,8.385638,13.44,2.0,0.0,2.264177,3.8787,2
Q-01109,REP-06,Silver,4,0.371791,5.15,4.0,1.0,0.072193,11.222587,0.927807,1.0,8.174412,15.15,2.0,1.0,2.05295,1.4863,1
Q-01110,REP-03,Gold,2,0.0,0.0,2.0,0.0,0.0,10.63828,0.899281,2.0,3.057914,5.45,2.0,1.0,-1.220923,0.2521,0
Q-01111,REP-03,Silver,3,0.0,0.0,3.0,0.0,0.0,12.021855,0.048693,1.0,8.557583,8.9,2.0,0.0,4.278747,0.593,0
Q-01112,REP-07,Silver,2,0.0,0.0,2.0,0.0,0.0,10.224701,0.979148,1.0,9.194551,9.23,1.0,0.0,0.048508,0.2483,0
Q-01113,REP-04,Silver,2,0.0,0.0,2.0,0.0,0.0,11.827378,0.0,1.0,4.942563,5.72,0.0,0.0,-0.851433,0.9213,0
Q-01114,REP-01,Silver,4,0.093438,7.7,4.0,1.0,0.012135,10.849454,0.465974,1.0,7.827871,17.7,0.0,1.0,2.252024,1.8017,1
Q-01115,REP-05,Silver,3,0.096449,4.85,3.0,1.0,0.019886,11.567423,0.056818,1.0,3.554545,14.85,2.0,0.0,-0.258232,0.6653,0
Q-01116,REP-07,Bronze,2,0.056,3.64,2.0,1.0,0.015385,9.590556,0.0,0.0,4.721231,8.64,1.0,0.0,-4.424812,0.2458,0
Q-01117,REP-02,Silver,5,0.0,0.0,5.0,0.0,0.0,10.276464,0.206612,1.0,5.447583,9.77,0.0,0.0,-0.742397,0.1356,0
Q-01118,REP-05,Silver,2,3.173333,4.08,2.0,1.0,0.777778,9.692828,0.0,1.0,11.546667,14.08,2.0,0.0,7.733889,1.0966,1
Q-01119,REP-06,Silver,2,3.316508,3.4,2.0,1.0,0.975443,11.89547,0.0,1.0,13.149031,13.4,2.0,0.0,7.02757,2.1686,2
Q-01120,REP-04,Gold,1,0.0,0.0,1.0,0.0,0.0,9.903538,1.0,2.0,6.11,6.11,0.0,0.0,0.316004,0.2767,0
Q-01121,REP-01,Gold,3,0.0,0.0,3.0,0.0,0.0,10.401866,0.868773,2.0,5.640194,7.75,0.0,0.0,0.064347,0.3122,0
Q-01122,REP-06,Silver,5,1.583016,3.69,5.0,1.0,0.429002,10.593154,0.479177,1.0,8.849222,13.69,2.0,0.0,2.727761,1.5113,1
Q-01123,REP-08,Silver,1,0.0,0.0,1.0,0.0,0.0,11.724005,0.0,1.0,6.78,6.78,0.0,0.0,-2.908396,0.8092,0
Q-01124,REP-06,Gold,2,0.0,0.0,2.0,0.0,0.0,7.751905,0.0,2.0,6.214839,7.94,2.0,1.0,0.093377,0.0,0
Q-01125,REP-08,Bronze,2,4.838739,4.94,2.0,2.0,1.0,9.096724,0.0,0.0,9.838739,9.94,0.0,0.0,0.150343,2.65,2
Q-01126,REP-03,Bronze,2,5.304783,5.81,2.0,1.0,0.913043,10.785208,0.086957,0.0,10.271739,10.81,2.0,1.0,5.992903,3.1674,2
Q-01127,REP-04,Bronze,3,0.0,0.0,3.0,0.0,0.0,10.078533,0.944386,0.0,4.448562,4.55,0.0,0.0,-1.345433,0.718,0
Q-01128,REP-06,Gold,3,0.0,0.0,3.0,0.0,0.0,10.874285,1.0,2.0,4.470682,5.51,2.0,0.0,-1.65078,0.0,0
Q-01129,REP-03,Silver,5,0.0,0.0,5.0,0.0,0.0,10.854199,0.724638,1.0,4.423101,5.54,2.0,1.0,0.144265,0.4598,0
Q-01130,REP-01,Bronze,6,2.133961,4.11,6.0,3.0,0.625723,11.261267,0.47717,0.0,6.429203,9.11,0.0,0.0,0.853355,2.3616,2
Q-01131,REP-08,Silver,4,5.901754,8.41,4.0,1.0,0.701754,11.643962,0.79386,1.0,15.086114,18.41,0.0,0.0,5.397718,7.0492,2
Q-01132,REP-08,Gold,2,0.0,0.0,2.0,0.0,0.0,8.571871,0.0,2.0,6.939545,10.1,0.0,0.0,-2.748851,0.0,0
Q-01133,REP-01,Bronze,2,2.296957,7.29,2.0,2.0,1.0,9.244838,0.782609,0.0,7.296957,12.29,0.0,1.0,1.721109,3.0324,2
Q-01134,REP-04,Silver,5,0.023838,5.8,5.0,1.0,0.00411,11.84869,0.679056,1.0,5.227334,15.8,0.0,0.0,-0.566662,1.9673,2
Q-01135,REP-06,Gold,5,0.0,0.0,5.0,0.0,0.0,12.397482,0.229572,2.0,9.698682,10.43,2.0,1.0,3.57722,1.5545,1
Q-01136,REP-08,Silver,3,0.153616,3.93,3.0,1.0,0.039088,11.941462,0.068404,1.0,5.327622,13.93,0.0,0.0,-4.360774,1.6581,1
Q-01137,REP-05,Silver,5,2.33006,5.6,5.0,2.0,0.479078,10.977653,0.819812,1.0,8.642613,15.6,2.0,0.0,4.829835,2.6775,2
Q-01138,REP-06,Gold,6,0.0,0.0,6.0,0.0,0.0,11.773565,0.178,2.0,0.56606,4.67,2.0,0.0,-5.555401,0.1394,0
Q-01139,REP-04,Silver,2,0.0,0.0,2.0,0.0,0.0,9.549737,0.897436,1.0,2.560256,2.59,0.0,0.0,-3.233739,0.3906,0
Q-01140,REP-05,Gold,4,0.0,0.0,4.0,0.0,0.0,11.459746,0.887998,2.0,3.226661,3.36,2.0,1.0,-0.586117,0.6886,0
Q-01141,REP-02,Silver,1,0.0,0.0,1.0,0.0,0.0,11.870607,0.0,1.0,4.51,4.51,0.0,0.0,-1.67998,0.9717,0
Q-01142,REP-07,Bronze,2,4.670659,4.8,2.0,1.0,0.973054,11.514933,0.0,0.0,9.638323,9.8,1.0,1.0,0.49228,3.4747,2
Q-01143,REP-06,Silver,2,0.094286,0.28,2.0,1.0,0.336735,11.269592,0.0,1.0,6.612143,10.28,2.0,1.0,0.490681,0.3537,0
Q-01144,REP-08,Silver,4,0.002622,0.32,4.0,1.0,0.008193,11.009092,0.595829,1.0,4.919789,10.32,0.0,0.0,-4.768607,0.6475,0
Q-01145,REP-04,Silver,6,1.644217,4.73,6.0,1.0,0.347614,11.653305,0.992439,1.0,6.174982,14.73,0.0,0.0,0.380986,3.1862,2
Q-01146,REP-03,Silver,3,0.0,0.0,3.0,0.0,0.0,9.183586,0.0,1.0,5.462018,7.0,2.0,0.0,1.183182,0.0,0
Q-01147,REP-05,Bronze,4,0.312796,0.88,4.0,1.0,0.35545,10.139389,0.49763,0.0,3.83346,5.88,2.0,1.0,0.020682,0.6942,0
Q-01148,REP-08,Bronze,4,4.182917,6.18,4.0,3.0,0.9375,10.268165,0.833333,0.0,9.103542,11.18,0.0,0.0,-0.584855,4.7945,2
Q-01149,REP-05,Silver,4,0.0,0.0,4.0,0.0,0.0,11.579003,0.862117,1.0,8.201486,9.98,2.0,1.0,4.388708,0.9944,1
Q-01150,REP-07,Gold,5,0.261595,3.19,5.0,1.0,0.082005,11.942439,0.394403,2.0,8.736691,15.19,1.0,0.0,-0.409352,1.328,1
Q-01151,REP-06,Silver,6,0.0,0.0,6.0,0.0,0.0,11.998747,0.559828,1.0,4.262135,7.76,2.0,0.0,-1.859327,0.8425,0
Q-01152,REP-04,Bronze,2,0.0,0.0,2.0,0.0,0.0,8.810012,0.597015,0.0,2.788358,3.26,0.0,0.0,-3.005638,0.3842,0
Q-01153,REP-08,Gold,4,0.0,0.0,4.0,0.0,0.0,10.562975,0.982547,2.0,7.960213,9.95,0.0,0.0,-1.728183,0.4227,0
Q-01154,REP-05,Silver,4,0.0,0.0,4.0,0.0,0.0,10.220704,0.262152,1.0,3.922103,9.01,2.0,0.0,0.109325,0.0,0
Q-01155,REP-03,Gold,1,0.0,0.0,1.0,0.0,0.0,8.699681,0.0,2.0,4.22,4.22,2.0,1.0,-0.058836,0.0,0
Q-01156,REP-04,Gold,3,0.0,0.0,3.0,0.0,0.0,11.827744,0.671533,2.0,2.159752,5.04,0.0,0.0,-3.634244,1.071,1
Q-01157,REP-08,Bronze,2,10.760854,11.63,2.0,1.0,0.925267,10.649014,0.0,0.0,15.642776,16.63,0.0,0.0,5.95438,6.1501,2
Q-01158,REP-01,Silver,2,0.0,0.0,2.0,0.0,0.0,8.083637,0.0,1.0,0.507222,1.66,0.0,0.0,-5.068625,0.0,0
Q-01159,REP-03,Bronze,3,2.215586,2.42,3.0,1.0,0.915531,10.733697,0.915531,0.0,7.019488,7.42,2.0,0.0,2.740652,2.4131,2
Q-01160,REP-04,Bronze,3,0.001181,0.08,3.0,1.0,0.014757,9.83285,0.869332,0.0,4.263408,5.08,0.0,0.0,-1.530588,0.6427,1
Q-01161,REP-06,Bronze,1,0.0,0.0,1.0,0.0,0.0,8.962007,1.0,0.0,2.11,2.11,2.0,0.0,-4.011462,0.015,0
Q-01162,REP-05,Silver,5,0.0,0.0,5.0,0.0,0.0,10.624882,0.415603,1.0,3.391032,7.4,2.0,1.0,-0.421746,0.2015,0
Q-01163,REP-06,Silver,3,0.873493,1.63,3.0,1.0,0.535885,11.046133,0.464115,1.0,8.545263,11.63,2.0,1.0,2.423802,0.9539,1
Q-01164,REP-03,Bronze,6,1.347081,3.67,6.0,4.0,0.648158,12.111218,0.460693,0.0,4.963463,8.67,2.0,1.0,0.684627,2.6385,2
Q-01165,REP-02,Bronze,3,0.820323,1.86,3.0,1.0,0.441034,11.033292,0.558966,0.0,4.841002,6.86,0.0,0.0,-1.348978,1.3724,1
Q-01166,REP-08,Silver,2,0.365846,1.17,2.0,1.0,0.312689,11.100451,0.312689,1.0,8.400136,11.17,0.0,0.0,-1.28826,0.9397,1
Q-01167,REP-07,Silver,6,8.510245,11.67,6.0,4.0,0.946916,11.858541,0.944899,1.0,18.491347,21.67,1.0,1.0,9.345304,10.0454,2
Q-01168,REP-07,Silver,4,0.0,0.0,4.0,0.0,0.0,10.241958,0.784174,1.0,9.013513,9.8,1.0,0.0,-0.13253,0.1451,0
Q-01169,REP-06,Silver,2,0.0,0.0,2.0,0.0,0.0,11.264477,1.0,1.0,4.826923,8.25,2.0,1.0,-1.294538,0.83,0
Q-01170,REP-02,Bronze,4,1.005028,1.93,4.0,3.0,0.75641,10.465985,0.740741,0.0,5.79067,6.93,0.0,0.0,-0.39931,1.751,1
Q-01171,REP-02,Gold,5,0.0,0.0,5.0,0.0,0.0,11.285222,0.998305,2.0,4.027755,7.27,0.0,0.0,-2.162224,0.7727,0
Q-01172,REP-04,Gold,4,0.0,0.0,4.0,0.0,0.0,10.36851,0.992462,2.0,7.242286,9.57,0.0,1.0,1.448291,0.8212,0
Q-01173,REP-01,Silver,1,0.0,0.0,1.0,0.0,0.0,11.385103,1.0,1.0,0.0,0.0,0.0,0.0,-5.575847,1.0633,1
Q-01174,REP-05,Bronze,6,1.371046,6.56,6.0,2.0,0.373994,11.299126,0.585759,0.0,4.754149,11.56,2.0,1.0,0.941371,2.7184,2
Q-01175,REP-02,Bronze,3,1.664426,2.08,3.0,2.0,0.868852,10.220158,0.131148,0.0,6.621148,7.08,0.0,0.0,0.431168,1.2287,1
Q-01176,REP-07,Bronze,3,2.685652,4.34,3.0,2.0,0.847826,10.225607,0.152174,0.0,7.673478,9.34,1.0,0.0,-1.472565,1.6191,1
Q-01177,REP-04,Bronze,2,0.0,0.0,2.0,0.0,0.0,10.58661,0.045455,0.0,1.901818,2.78,0.0,0.0,-3.892178,0.355,0
Q-01178,REP-04,Gold,4,0.0,0.0,4.0,0.0,0.0,12.140739,0.49106,2.0,8.634331,11.13,0.0,1.0,2.840336,1.8413,1
Q-01179,REP-01,Bronze,6,0.090152,0.49,6.0,1.0,0.183984,11.596402,0.93004,0.0,3.70563,5.49,0.0,0.0,-1.870217,1.547,1
Q-01180,REP-06,Gold,4,0.0,0.0,4.0,0.0,0.0,10.932053,0.96532,2.0,6.207462,9.15,2.0,1.0,0.086,0.4071,0
Q-01181,REP-07,Silver,2,0.553579,4.84,2.0,2.0,1.0,11.981685,0.0,1.0,10.553579,14.84,1.0,1.0,1.407537,2.0266,2
Q-01182,REP-07,Gold,4,0.0,0.0,4.0,0.0,0.0,9.775711,0.102273,2.0,7.290227,9.77,1.0,0.0,-1.855816,0.0,0
Q-01183,REP-05,Gold,1,0.0,0.0,1.0,0.0,0.0,7.09091,0.0,2.0,1.53,1.53,2.0,1.0,-2.282778,0.0,0
Q-01184,REP-08,Bronze,3,6.724369,13.44,3.0,3.0,1.0,11.031675,0.533981,0.0,11.724369,18.44,0.0,0.0,2.035973,7.7555,2
Q-01185,REP-08,Silver,5,1.130491,1.43,5.0,3.0,0.852776,10.526507,0.297667,1.0,10.420965,11.43,0.0,0.0,0.732569,0.9555,0
Q-01186,REP-02,Bronze,1,0.6,0.6,1.0,1.0,1.0,9.998843,1.0,0.0,5.6,5.6,0.0,0.0,-0.58998,1.3033,0
Q-01187,REP-05,Silver,4,0.0,0.0,4.0,0.0,0.0,10.786242,0.210962,1.0,1.161437,4.21,2.0,0.0,-2.65134,0.0,0
Q-01188,REP-01,Bronze,4,1.128894,3.87,4.0,3.0,0.680702,11.738275,0.999401,0.0,5.263598,8.87,0.0,0.0,-0.312249,2.9666,2
Q-01189,REP-05,Silver,2,0.0,0.0,2.0,0.0,0.0,10.896758,0.066667,1.0,7.567333,7.77,2.0,1.0,3.754556,0.1167,0
Q-01190,REP-05,Bronze,2,1.654617,1.68,2.0,1.0,0.984891,10.196381,0.0,0.0,6.582395,6.68,2.0,0.0,2.769617,0.5031,0
Q-01191,REP-04,Gold,1,0.0,0.0,1.0,0.0,0.0,9.259226,1.0,2.0,1.51,1.51,0.0,0.0,-4.283996,0.1975,0
Q-01192,REP-08,Gold,2,0.0,0.0,2.0,0.0,0.0,8.922792,1.0,2.0,6.468,6.84,0.0,0.0,-3.220396,0.1725,0
Q-01193,REP-03,Bronze,4,0.365468,1.27,4.0,1.0,0.28777,10.733588,0.994114,0.0,2.955069,6.27,2.0,0.0,-1.323768,0.7757,1
Q-01194,REP-06,Silver,3,0.809707,3.08,3.0,1.0,0.262892,9.604812,0.262892,1.0,8.069484,13.08,2.0,1.0,1.948023,0.9172,1
Q-01195,REP-01,Silver,5,0.0,0.0,5.0,0.0,0.0,11.40167,0.296189,1.0,3.582898,6.01,0.0,0.0,-1.992949,0.6885,0
Q-01196,REP-05,Silver,1,0.0,0.0,1.0,0.0,0.0,6.216606,0.0,1.0,8.42,8.42,2.0,0.0,4.607222,0.0,0
Q-01197,REP-06,Bronze,1,0.73,0.73,1.0,1.0,1.0,7.496097,1.0,0.0,5.73,5.73,2.0,1.0,-0.391462,1.1085,1
Q-01198,REP-04,Silver,4,0.0,0.0,4.0,0.0,0.0,10.318936,0.257426,1.0,6.799901,8.39,0.0,1.0,1.005905,0.6241,0
Q-01199,REP-07,Silver,2,0.0,0.0,2.0,0.0,0.0,10.797553,0.0,1.0,7.245399,7.4,1.0,0.0,-1.900644,0.0,0
Q-01200,REP-03,Gold,1,0.0,0.0,1.0,0.0,0.0,6.054439,0.0,2.0,4.07,4.07,2.0,0.0,-0.208836,0.0,0
Q-01201,REP-08,Bronze,2,2.06197,4.86,2.0,2.0,1.0,10.611548,0.985222,0.0,7.06197,9.86,0.0,0.0,-2.626426,3.1167,2
Q-01202,REP-02,Silver,2,0.0,0.0,2.0,0.0,0.0,8.942592,0.588235,1.0,4.778235,4.84,0.0,0.0,-1.411745,0.1673,0
Q-01203,REP-02,Bronze,2,4.007618,4.6,2.0,2.0,1.0,11.243751,0.149215,0.0,9.007618,9.6,0.0,1.0,2.817638,3.3974,2
Q-01204,REP-02,Bronze,3,0.0,0.0,3.0,0.0,0.0,9.071193,0.931034,0.0,1.48,2.18,0.0,0.0,-4.70998,0.5846,0
Q-01205,REP-01,Bronze,3,0.385507,3.8,3.0,1.0,0.101449,11.324195,0.898551,0.0,1.307246,8.8,0.0,0.0,-4.268601,1.7641,2
Q-01206,REP-01,Silver,4,0.0,0.0,4.0,0.0,0.0,11.74579,0.235303,1.0,7.021619,7.6,0.0,1.0,1.445772,1.4113,1
Q-01207,REP-07,Bronze,3,3.999602,4.28,3.0,3.0,1.0,10.919642,0.119457,0.0,8.999602,9.28,1.0,0.0,-0.146441,2.5714,2
Q-01208,REP-02,Silver,5,0.0,0.0,5.0,0.0,0.0,10.501664,0.89622,1.0,6.96279,7.68,0.0,0.0,0.77281,0.576,0
Q-01209,REP-04,Silver,4,0.0,0.0,4.0,0.0,0.0,11.990407,0.657568,1.0,8.150943,9.37,0.0,1.0,2.356947,1.935,1
Q-01210,REP-03,Bronze,3,0.082171,1.64,3.0,1.0,0.050104,10.95921,0.219207,0.0,3.333633,6.64,2.0,0.0,-0.945204,0.2145,0
Q-01211,REP-07,Silver,2,0.0,0.0,2.0,0.0,0.0,9.18615,0.409836,1.0,8.191148,9.06,1.0,0.0,-0.954895,0.0,0
Q-01212,REP-06,Silver,3,0.0,0.0,3.0,0.0,0.0,10.894904,0.916512,1.0,4.342208,6.15,2.0,0.0,-1.779254,0.1332,0
Q-01213,REP-06,Silver,4,0.0,0.0,4.0,0.0,0.0,10.981914,0.183673,1.0,1.842602,2.88,2.0,0.0,-4.278859,0.0,0
Q-01214,REP-02,Gold,2,0.0,0.0,2.0,0.0,0.0,10.594157,0.338346,2.0,6.619699,7.99,0.0,0.0,0.429719,0.0786,0
Q-01215,REP-05,Silver,3,0.0,0.0,3.0,0.0,0.0,10.876178,1.0,1.0,3.933932,4.77,2.0,1.0,0.121154,0.6208,0
Q-01216,REP-02,Gold,3,0.0,0.0,3.0,0.0,0.0,10.234265,0.12931,2.0,7.443017,7.56,0.0,0.0,1.253037,0.0,0
Q-01217,REP-01,Bronze,3,3.145094,4.37,3.0,3.0,1.0,8.219057,0.727763,0.0,8.145094,9.37,0.0,1.0,2.569247,3.878,2
Q-01218,REP-04,Gold,2,0.0,0.0,2.0,0.0,0.0,10.162809,0.833333,2.0,3.786667,3.85,0.0,0.0,-2.007329,0.2343,0
Q-01219,REP-02,Silver,5,0.001923,0.05,5.0,1.0,0.038454,11.264669,0.038454,1.0,4.209817,10.05,0.0,0.0,-1.980163,0.4584,0
Q-01220,REP-02,Silver,2,0.0,0.0,2.0,0.0,0.0,10.868587,0.485714,1.0,1.414286,2.75,0.0,0.0,-4.775694,0.4846,0
Q-01221,REP-01,Silver,2,0.0,0.0,2.0,0.0,0.0,10.073273,1.0,1.0,1.231772,3.89,0.0,0.0,-4.344075,0.5275,0
Q-01222,REP-04,Bronze,6,0.065844,1.12,6.0,3.0,0.204951,11.839138,0.750523,0.0,3.24191,6.12,0.0,0.0,-2.552086,1.732,2
Q-01223,REP-03,Bronze,1,1.93,1.93,1.0,1.0,1.0,9.036106,0.0,0.0,6.93,6.93,2.0,0.0,2.651164,0.4929,0
Q-01224,REP-05,Silver,3,0.0,0.0,3.0,0.0,0.0,10.619154,0.0,1.0,3.679113,4.31,2.0,1.0,-0.133665,0.0,0
Q-01225,REP-04,Silver,1,0.0,0.0,1.0,0.0,0.0,9.287394,0.0,1.0,0.0,0.0,0.0,0.0,-5.793996,0.0,0
Q-01226,REP-01,Bronze,1,1.57,1.57,1.0,1.0,1.0,7.2086,0.0,0.0,6.57,6.57,0.0,1.0,0.994153,1.2933,1
Q-01227,REP-04,Gold,3,0.0,0.0,3.0,0.0,0.0,10.313973,0.119403,2.0,2.675522,3.1,0.0,0.0,-3.118474,0.0,0
Q-01228,REP-03,Bronze,2,0.0,0.0,2.0,0.0,0.0,8.299286,0.820896,0.0,0.519403,2.9,2.0,0.0,-3.759433,0.0,0
Q-01229,REP-06,Silver,1,0.0,0.0,1.0,0.0,0.0,10.085851,0.0,1.0,0.0,0.0,2.0,0.0,-6.121462,0.0,0
Q-01230,REP-02,Bronze,2,0.009495,0.07,2.0,1.0,0.135638,11.22792,0.135638,0.0,4.35258,5.07,0.0,0.0,-1.8374,0.7169,0
Q-01231,REP-05,Bronze,3,0.0,0.0,3.0,0.0,0.0,10.680424,0.919646,0.0,0.977363,1.86,2.0,0.0,-2.835415,0.2683,0
Q-01232,REP-01,Bronze,2,9.598808,9.86,2.0,1.0,0.97351,10.721084,0.02649,0.0,14.517219,14.86,0.0,1.0,8.941371,5.9582,2
Q-01233,REP-08,Silver,4,0.985687,3.64,4.0,1.0,0.270793,11.258691,0.270793,1.0,10.164855,13.64,0.0,0.0,0.476459,1.8036,1
Q-01234,REP-04,Silver,3,0.0,0.0,3.0,0.0,0.0,11.437135,0.728155,1.0,5.506214,7.33,0.0,0.0,-0.287782,0.953,0
Q-01235,REP-03,Silver,6,0.0,0.0,6.0,0.0,0.0,10.686041,0.411523,1.0,1.961349,4.49,2.0,0.0,-2.317487,0.0,0
Q-01236,REP-06,Bronze,3,0.352411,1.12,3.0,1.0,0.314653,10.791914,0.993316,0.0,4.756062,6.12,2.0,0.0,-1.3654,0.7708,0
Q-01237,REP-08,Silver,3,2.110786,2.56,3.0,2.0,0.97985,10.544446,0.268669,1.0,12.011849,12.56,0.0,0.0,2.323453,1.5341,0
Q-01238,REP-08,Silver,5,0.625164,1.77,5.0,2.0,0.507042,10.708422,0.402414,1.0,8.982106,11.77,0.0,0.0,-0.70629,0.8313,0
Q-01239,REP-07,Silver,3,1.089261,2.17,3.0,2.0,0.507095,10.418584,0.492905,1.0,10.463271,12.17,1.0,0.0,1.317228,0.7262,0
Q-01240,REP-08,Gold,6,0.200515,2.06,6.0,1.0,0.097338,11.559723,0.898941,2.0,8.47803,14.06,0.0,1.0,-1.210366,1.7727,1
Q-01241,REP-01,Gold,2,0.0,0.0,2.0,0.0,0.0,8.306719,0.888889,2.0,8.515556,9.09,0.0,0.0,2.939708,0.0826,0
Q-01242,REP-03,Gold,2,0.0,0.0,2.0,0.0,0.0,9.79317,0.954774,2.0,0.897186,10.76,2.0,0.0,-3.38165,0.0,0
Q-01243,REP-02,Bronze,5,1.821355,4.2,5.0,3.0,0.591446,11.80366,0.47854,0.0,6.178316,9.2,0.0,0.0,-0.011664,2.6352,2
Q-01244,REP-06,Bronze,4,0.217474,1.05,4.0,3.0,0.719298,10.663148,0.989474,0.0,4.105895,6.05,2.0,0.0,-2.015567,0.5966,0
Q-01245,REP-04,Silver,2,0.0,0.0,2.0,0.0,0.0,10.992066,0.222222,1.0,6.116667,6.35,0.0,0.0,0.322671,0.3972,0
Q-01246,REP-04,Silver,1,0.0,0.0,1.0,0.0,0.0,8.748464,0.0,1.0,8.29,8.29,0.0,1.0,2.496004,0.2825,0
Q-01247,REP-07,Bronze,2,2.338636,3.3,2.0,2.0,1.0,9.893488,0.681818,0.0,7.338636,8.3,1.0,0.0,-1.807407,2.1265,2
Q-01248,REP-01,Gold,4,4.678845,4.86,4.0,1.0,0.962725,11.707925,0.032091,2.0,19.305604,19.86,0.0,0.0,13.729756,3.0901,2
Q-01249,REP-07,Bronze,5,5.575651,8.75,5.0,5.0,1.0,11.727561,0.811683,0.0,10.575651,13.75,1.0,1.0,1.429608,6.595,2
Q-01250,REP-01,Silver,3,0.0,0.0,3.0,0.0,0.0,10.104835,0.960752,1.0,7.161676,9.4,0.0,1.0,1.585829,0.9622,1
Q-01251,REP-08,Bronze,3,1.958066,10.08,3.0,2.0,0.245648,11.951832,0.052224,0.0,6.58089,15.08,0.0,0.0,-3.107506,3.2559,2
Q-01252,REP-01,Bronze,3,0.0,0.0,3.0,0.0,0.0,10.747229,0.63871,0.0,1.563097,3.78,0.0,0.0,-4.01275,0.7388,0
Q-01253,REP-08,Silver,1,4.03,4.03,1.0,1.0,1.0,9.680406,1.0,1.0,14.03,14.03,0.0,0.0,4.341604,4.2918,2
Q-01254,REP-07,Gold,1,0.0,0.0,1.0,0.0,0.0,7.901377,0.0,2.0,8.63,8.63,1.0,1.0,-0.516043,0.0,0
Q-01255,REP-02,Silver,5,2.787067,5.2,5.0,1.0,0.535974,11.360077,0.598893,1.0,11.190687,15.2,0.0,1.0,5.000708,4.1877,2
Q-01256,REP-02,Bronze,3,1.481053,3.35,3.0,1.0,0.442105,10.663148,0.505263,0.0,4.502,8.35,0.0,0.0,-1.68798,1.6247,1
Q-01257,REP-07,Bronze,1,0.0,0.0,1.0,0.0,0.0,9.105091,0.0,0.0,4.56,4.56,1.0,1.0,-4.586043,0.225,0
Q-01258,REP-04,Bronze,3,2.44172,2.86,3.0,2.0,0.923567,10.354595,0.923567,0.0,7.424904,7.86,0.0,1.0,1.630909,3.5853,2
Q-01259,REP-03,Bronze,4,0.52486,0.86,4.0,1.0,0.610303,11.671262,0.239,0.0,4.417324,5.86,2.0,0.0,0.138487,0.8228,0
Q-01260,REP-01,Bronze,1,0.0,0.0,1.0,0.0,0.0,8.343078,1.0,0.0,2.76,2.76,0.0,0.0,-2.815847,0.585,0
Q-01261,REP-08,Bronze,1,4.28,4.28,1.0,1.0,1.0,10.060534,0.0,0.0,9.28,9.28,0.0,0.0,-0.408396,2.4634,2
Q-01262,REP-01,Silver,1,1.01,1.01,1.0,1.0,1.0,5.620401,0.0,1.0,11.01,11.01,0.0,0.0,5.434153,0.3176,0
Q-01263,REP-05,Silver,6,0.219419,1.25,6.0,1.0,0.175535,11.420273,0.277564,1.0,5.067235,11.25,2.0,0.0,1.254458,0.4141,0
Q-01264,REP-01,Silver,5,1.3422,3.45,5.0,2.0,0.410256,11.415048,0.577888,1.0,8.344411,13.45,0.0,0.0,2.768564,1.9002,2
Q-01265,REP-06,Silver,2,3.3088,7.52,2.0,1.0,0.44,9.328212,0.0,1.0,12.6424,17.52,2.0,0.0,6.520938,1.4906,1
Q-01266,REP-03,Gold,3,0.0,0.0,3.0,0.0,0.0,11.078459,0.948116,2.0,0.269907,3.37,2.0,0.0,-4.008929,0.0211,0
Q-01267,REP-03,Bronze,1,0.0,0.0,1.0,0.0,0.0,7.09091,0.0,0.0,0.0,0.0,2.0,0.0,-4.278836,0.0,0
Q-01268,REP-04,Silver,6,0.0,0.0,6.0,0.0,0.0,11.531364,0.059886,1.0,2.061834,7.99,0.0,0.0,-3.732162,0.6618,0
Q-01269,REP-01,Silver,3,0.0,0.0,3.0,0.0,0.0,9.233178,0.879765,1.0,5.931994,9.81,0.0,1.0,0.356147,0.7991,0
Q-01270,REP-03,Gold,2,0.0,0.0,2.0,0.0,0.0,9.852247,0.315789,2.0,4.167895,5.42,2.0,0.0,-0.110941,0.0,0
Q-01271,REP-07,Silver,3,0.0,0.0,3.0,0.0,0.0,10.169729,0.816092,1.0,5.087471,7.1,1.0,0.0,-4.058572,0.1464,0
Q-01272,REP-07,Silver,2,0.0,0.0,2.0,0.0,0.0,11.811184,0.0,1.0,7.689647,7.88,1.0,0.0,-1.456395,0.6029,0
Q-01273,REP-01,Silver,4,0.103057,0.33,4.0,1.0,0.312295,11.421479,0.470085,1.0,6.459993,10.33,0.0,0.0,0.884146,0.9219,1
Q-01274,REP-04,Gold,1,0.0,0.0,1.0,0.0,0.0,10.134639,0.0,2.0,5.85,5.85,0.0,1.0,0.056004,0.22,0
Q-01275,REP-05,Silver,3,0.0,0.0,3.0,0.0,0.0,10.025307,0.584329,1.0,5.417052,9.38,2.0,1.0,1.604274,0.1396,0
Q-01276,REP-06,Silver,3,0.148892,1.72,3.0,1.0,0.086565,11.657208,0.952216,1.0,8.84912,11.72,2.0,0.0,2.727659,0.9807,1
Q-01277,REP-02,Silver,1,0.0,0.0,1.0,0.0,0.0,8.779711,0.0,1.0,4.54,4.54,0.0,1.0,-1.64998,0.2842,0
Q-01278,REP-03,Gold,1,0.0,0.0,1.0,0.0,0.0,6.206576,0.0,2.0,0.59,0.59,2.0,0.0,-3.688836,0.0,0
Q-01279,REP-03,Silver,2,0.005853,3.81,2.0,1.0,0.001536,11.489155,0.0,1.0,0.500476,13.81,2.0,0.0,-3.77836,0.4153,0
Q-01280,REP-03,Silver,3,0.017555,2.74,3.0,1.0,0.006407,10.834194,0.372597,1.0,3.83244,12.74,2.0,0.0,-0.446397,0.1164,0
Q-01281,REP-05,Silver,1,0.0,0.0,1.0,0.0,0.0,8.922792,1.0,1.0,2.69,2.69,2.0,1.0,-1.122778,0.2425,0
Q-01282,REP-03,Bronze,3,0.045048,3.03,3.0,1.0,0.014867,10.562975,0.116354,0.0,4.164247,8.03,2.0,0.0,-0.114589,0.1385,0
Q-01283,REP-06,Bronze,5,1.97699,4.96,5.0,2.0,0.483765,10.32009,0.405472,0.0,4.514172,9.96,2.0,0.0,-1.60729,1.2517,0
Q-01284,REP-04,Gold,5,0.0,0.0,5.0,0.0,0.0,12.00056,0.009211,2.0,8.203501,14.57,0.0,0.0,2.409505,0.9221,0
Q-01285,REP-06,Gold,6,1.955695,5.26,6.0,2.0,0.392063,11.328414,0.074564,2.0,8.068809,20.26,2.0,0.0,1.947348,1.1023,1
Q-01286,REP-08,Gold,1,0.0,0.0,1.0,0.0,0.0,6.111467,0.0,2.0,10.56,10.56,0.0,0.0,0.871604,0.0,0
Q-01287,REP-07,Gold,3,0.0,0.0,3.0,0.0,0.0,10.772708,0.006289,2.0,7.165535,9.66,1.0,0.0,-1.980508,0.0,0
Q-01288,REP-07,Silver,2,0.0,0.0,2.0,0.0,0.0,10.659633,0.112676,1.0,9.807183,9.85,1.0,1.0,0.66114,0.347,0
Q-01289,REP-08,Bronze,3,0.066711,9.31,3.0,2.0,0.020439,11.978268,0.0,0.0,3.185954,14.31,0.0,0.0,-6.502443,2.3792,2
Q-01290,REP-07,Silver,1,0.0,0.0,1.0,0.0,0.0,6.398595,1.0,1.0,8.17,8.17,1.0,0.0,-0.976043,0.035,0
Q-01291,REP-06,Silver,2,0.0,0.0,2.0,0.0,0.0,11.478344,1.0,1.0,7.446832,7.46,2.0,0.0,1.325371,0.535,0
Q-01292,REP-07,Bronze,3,5.583448,10.01,3.0,2.0,0.704433,10.611548,0.689655,0.0,10.477044,15.01,1.0,0.0,1.331001,5.5206,2
Q-01293,REP-01,Bronze,1,0.0,0.0,1.0,0.0,0.0,8.47658,0.0,0.0,4.66,4.66,0.0,0.0,-0.915847,0.04,0
Q-01294,REP-04,Bronze,4,2.323214,4.18,4.0,2.0,0.625,10.933125,0.839286,0.0,6.724286,9.18,0.0,0.0,0.93029,3.1789,2
Q-01295,REP-05,Gold,5,0.0,0.0,5.0,0.0,0.0,10.94898,0.274189,2.0,1.541956,10.08,2.0,0.0,-2.270822,0.0,0
Q-01296,REP-01,Silver,6,0.0,0.0,6.0,0.0,0.0,11.597735,0.410657,1.0,3.137079,6.96,0.0,0.0,-2.438769,0.9129,1
Q-01297,REP-07,Silver,5,0.295885,2.35,5.0,2.0,0.15311,11.046133,0.760766,1.0,9.263923,12.35,1.0,1.0,0.117881,1.2537,1
Q-01298,REP-02,Silver,6,3.909974,6.93,6.0,2.0,0.567326,11.268954,0.691768,1.0,13.102942,16.93,0.0,1.0,6.912962,5.3024,2
Q-01299,REP-01,Bronze,6,0.0,0.0,6.0,0.0,0.0,10.76005,0.719745,0.0,2.716369,4.51,0.0,0.0,-2.859478,0.7884,1
Q-01300,REP-01,Bronze,1,0.0,0.0,1.0,0.0,0.0,10.060534,0.0,0.0,3.78,3.78,0.0,0.0,-1.795847,0.195,0
Q-01301,REP-05,Silver,2,0.0,0.0,2.0,0.0,0.0,9.093919,1.0,1.0,4.376742,4.58,2.0,0.0,0.563964,0.0,0
Q-01302,REP-08,Silver,2,0.0,0.0,2.0,0.0,0.0,10.367253,1.0,1.0,6.471887,8.07,0.0,0.0,-3.216509,0.595,0
Q-01303,REP-06,Silver,5,0.0,0.0,5.0,0.0,0.0,11.511935,0.294294,1.0,4.386156,8.03,2.0,0.0,-1.735305,0.1744,0
Q-01304,REP-04,Silver,2,0.0,0.0,2.0,0.0,0.0,7.838343,0.0,1.0,5.445976,6.23,0.0,1.0,-0.34802,0.2511,0
Q-01305,REP-02,Silver,2,0.0,0.0,2.0,0.0,0.0,10.328788,1.0,1.0,5.028824,6.37,0.0,1.0,-1.161156,1.035,1
Q-01306,REP-04,Silver,2,0.0,0.0,2.0,0.0,0.0,10.208617,0.0,1.0,8.872289,8.89,0.0,0.0,3.078293,0.0061,0
Q-01307,REP-06,Silver,2,0.0,0.0,2.0,0.0,0.0,9.550449,0.711744,1.0,4.200427,5.61,2.0,0.0,-1.921034,0.0,0
Q-01308,REP-08,Bronze,2,7.169756,8.56,2.0,2.0,1.0,10.110542,0.0,0.0,12.169756,13.56,0.0,0.0,2.48136,4.1579,2
Q-01309,REP-04,Gold,3,0.0,0.0,3.0,0.0,0.0,10.785208,0.099379,2.0,5.886273,6.09,0.0,1.0,0.092277,0.4672,0
Q-01310,REP-01,Gold,6,0.499945,2.6,6.0,1.0,0.192287,12.340717,0.270949,2.0,6.677285,12.6,0.0,0.0,1.101438,2.3219,2
Q-01311,REP-06,Bronze,2,0.0,0.0,2.0,0.0,0.0,10.673619,0.0,0.0,3.35,4.93,2.0,0.0,-2.771462,0.0,0
Q-01312,REP-02,Silver,2,0.0,0.0,2.0,0.0,0.0,9.31479,1.0,1.0,2.072432,6.39,0.0,0.0,-4.117547,0.4225,0
Q-01313,REP-08,Silver,4,1.908261,3.38,4.0,3.0,0.93913,11.141876,0.269565,1.0,11.806,13.38,0.0,1.0,2.117604,2.343,2
Q-01314,REP-06,Bronze,3,3.607143,12.64,3.0,2.0,0.303571,10.933125,0.303571,0.0,5.939821,17.64,2.0,1.0,-0.18164,4.904,2
Q-01315,REP-01,Bronze,2,0.158537,1.3,2.0,1.0,0.121951,8.031385,0.878049,0.0,0.768293,6.3,0.0,0.0,-4.807554,0.7181,0
Q-01316,REP-08,Gold,5,0.2047,1.73,5.0,1.0,0.118324,11.421643,0.006574,2.0,8.887461,16.73,0.0,0.0,-0.800935,0.6005,0
Q-01317,REP-05,Gold,2,0.0,0.0,2.0,0.0,0.0,10.073273,0.696203,2.0,0.905063,1.3,2.0,0.0,-2.907714,0.0,0
Q-01318,REP-06,Bronze,4,1.854486,11.74,4.0,2.0,0.211505,11.867455,0.058927,0.0,4.788853,16.74,2.0,0.0,-1.332609,2.6906,2
Q-01319,REP-01,Bronze,3,0.0,0.0,3.0,0.0,0.0,8.946505,0.820312,0.0,0.866699,4.48,0.0,0.0,-4.709148,0.5152,0
Q-01320,REP-06,Bronze,3,0.027811,0.55,3.0,1.0,0.050566,9.851457,0.948117,0.0,5.003384,5.55,2.0,0.0,-1.118077,0.1519,0
Q-01321,REP-03,Silver,4,0.0,0.0,4.0,0.0,0.0,10.700341,0.081136,1.0,3.952421,6.32,2.0,1.0,-0.326416,0.0444,0
Q-01322,REP-03,Gold,4,0.0,0.0,4.0,0.0,0.0,11.284279,0.452489,2.0,4.572338,5.62,2.0,0.0,0.293502,0.0,0
Q-01323,REP-05,Silver,2,0.0,0.0,2.0,0.0,0.0,11.785248,0.059406,1.0,6.54802,6.69,2.0,1.0,2.735242,0.7568,0
Q-01324,REP-01,Silver,3,0.0,0.0,3.0,0.0,0.0,10.696503,0.183258,1.0,3.789955,4.67,0.0,0.0,-1.785892,0.2491,0
Q-01325,REP-03,Gold,2,0.0,0.0,2.0,0.0,0.0,10.270766,0.0,2.0,2.65387,2.66,2.0,1.0,-1.624966,0.0,0
Q-01326,REP-01,Silver,5,0.28097,1.26,5.0,1.0,0.222992,12.285812,0.174054,1.0,7.609788,11.26,0.0,0.0,2.033941,1.9373,1
Q-01327,REP-07,Bronze,5,7.654353,9.85,5.0,5.0,1.0,11.201988,0.382122,0.0,12.654353,14.85,1.0,1.0,3.508311,6.7945,2
Q-01328,REP-06,Bronze,2,4.248777,4.59,2.0,2.0,1.0,9.945157,0.633094,0.0,9.248777,9.59,2.0,1.0,3.127315,3.8818,2
Q-01329,REP-08,Silver,3,2.034147,2.11,3.0,2.0,0.974222,11.376945,0.962365,1.0,11.956556,12.11,0.0,1.0,2.26816,3.426,2
Q-01330,REP-02,Silver,6,0.0,0.0,6.0,0.0,0.0,11.208314,0.475997,1.0,4.231945,5.94,0.0,0.0,-1.958035,0.6563,1
Q-01331,REP-07,Bronze,2,1.927059,2.73,2.0,1.0,0.705882,10.839601,1.0,0.0,6.468235,7.73,1.0,0.0,-2.677808,2.594,2
Q-01332,REP-08,Bronze,1,4.91,4.91,1.0,1.0,1.0,10.085851,1.0,0.0,9.91,9.91,0.0,0.0,0.221604,5.4145,2
Q-01333,REP-03,Silver,5,0.0,0.0,5.0,0.0,0.0,11.082773,0.668819,1.0,6.402795,8.59,2.0,0.0,2.123959,0.0899,0
Q-01334,REP-04,Silver,2,0.0,0.0,2.0,0.0,0.0,10.247113,0.0,1.0,7.74,7.98,0.0,1.0,1.946004,0.465,0
Q-01335,REP-03,Silver,3,0.017859,0.19,3.0,1.0,0.093995,9.167015,0.971279,1.0,3.034282,10.19,2.0,0.0,-1.244554,0.0,0
Q-01336,REP-04,Bronze,2,5.959091,6.9,2.0,1.0,0.863636,10.181157,0.136364,0.0,10.28,11.9,0.0,0.0,4.486004,3.5568,2
Q-01337,REP-03,Bronze,3,2.926829,4.4,3.0,1.0,0.665188,10.71666,0.665188,0.0,6.342129,9.4,2.0,0.0,2.063292,3.0842,2
Q-01338,REP-02,Gold,5,0.0,0.0,5.0,0.0,0.0,11.339476,0.380613,2.0,5.961948,7.36,0.0,0.0,-0.228032,0.47,0
Q-01339,REP-04,Gold,4,0.0,0.0,4.0,0.0,0.0,11.480413,0.975207,2.0,8.799504,11.85,0.0,1.0,3.005508,1.353,1
Q-01340,REP-08,Silver,2,0.155294,2.64,2.0,1.0,0.058824,8.249575,0.941176,1.0,8.545882,12.64,0.0,0.0,-1.142514,0.6851,0
Q-01341,REP-05,Gold,3,0.0,0.0,3.0,0.0,0.0,9.908525,0.223881,2.0,2.479552,2.99,2.0,0.0,-1.333226,0.0,0
Q-01342,REP-01,Gold,2,0.0,0.0,2.0,0.0,0.0,8.501267,0.853659,2.0,3.852195,6.84,0.0,0.0,-1.723652,0.0705,0
Q-01343,REP-06,Gold,2,0.0,0.0,2.0,0.0,0.0,10.085851,0.0,2.0,0.702,0.78,2.0,0.0,-5.419462,0.0,0
Q-01344,REP-03,Silver,2,0.0,0.0,2.0,0.0,0.0,10.152338,0.0,1.0,0.350351,1.49,2.0,0.0,-3.928485,0.0,0
Q-01345,REP-06,Bronze,3,0.001568,0.47,3.0,1.0,0.003336,11.706896,0.626004,0.0,4.691943,5.47,2.0,0.0,-1.429518,0.8084,0
Q-01346,REP-04,Silver,4,0.810395,6.15,4.0,1.0,0.131772,10.620864,0.329429,1.0,6.333089,16.15,0.0,1.0,0.539093,1.7696,2
Q-01347,REP-06,Gold,3,0.0,0.0,3.0,0.0,0.0,10.92145,0.162602,2.0,2.731138,9.92,2.0,1.0,-3.390323,0.0,0
Q-01348,REP-06,Gold,3,0.937829,1.88,3.0,1.0,0.498845,11.081388,0.0,2.0,10.678753,16.88,2.0,0.0,4.557291,0.1019,0
Q-01349,REP-04,Silver,3,4.263195,4.66,3.0,1.0,0.914849,11.576614,0.0,1.0,13.70102,14.66,0.0,0.0,7.907025,2.9713,2
Q-01350,REP-07,Silver,5,0.168935,2.38,5.0,1.0,0.070981,11.87549,0.93389,1.0,7.502512,12.38,1.0,0.0,-1.643531,1.5948,1
Q-01351,REP-08,Gold,2,0.0,0.0,2.0,0.0,0.0,10.186823,0.779661,2.0,5.672712,6.38,0.0,0.0,-4.015684,0.2101,0
Q-01352,REP-01,Silver,6,0.461818,3.26,6.0,1.0,0.141662,11.008016,0.394334,1.0,7.074693,13.26,0.0,0.0,1.498846,1.0524,1
Q-01353,REP-01,Silver,3,0.0,0.0,3.0,0.0,0.0,10.371959,0.957746,1.0,0.283239,1.52,0.0,0.0,-5.292608,0.573,0
Q-01354,REP-04,Gold,1,0.0,0.0,1.0,0.0,0.0,8.2943,1.0,2.0,10.82,10.82,0.0,1.0,5.026004,0.5933,0
Q-01355,REP-05,Silver,3,0.0,0.0,3.0,0.0,0.0,11.068995,0.0,1.0,3.487334,3.85,2.0,1.0,-0.325443,0.1646,0
Q-01356,REP-01,Bronze,3,1.331313,1.53,3.0,2.0,0.988067,10.643065,0.0,0.0,6.302076,6.53,0.0,0.0,0.726229,1.0766,1
Q-01357,REP-03,Gold,3,0.0,0.0,3.0,0.0,0.0,11.606061,0.947522,2.0,7.052843,8.16,2.0,1.0,2.774006,0.8458,1
Q-01358,REP-02,Silver,5,0.0,0.0,5.0,0.0,0.0,10.701242,0.857915,1.0,6.988521,7.56,0.0,0.0,0.798541,0.6219,0
Q-01359,REP-02,Silver,3,0.0,0.0,3.0,0.0,0.0,10.616462,0.0,1.0,8.645588,9.74,0.0,1.0,2.455608,0.57,0
Q-01360,REP-02,Silver,3,0.0,0.0,3.0,0.0,0.0,11.33411,0.992526,1.0,5.22719,5.76,0.0,0.0,-0.96279,1.0228,1
Q-01361,REP-06,Gold,4,0.0,0.0,4.0,0.0,0.0,11.392124,0.822613,2.0,8.712695,10.35,2.0,1.0,2.591233,0.6009,0
Q-01362,REP-01,Silver,2,0.0,0.0,2.0,0.0,0.0,10.727685,0.0,1.0,7.961447,8.91,0.0,0.0,2.3856,0.16,0
Q-01363,REP-07,Silver,2,4.582329,9.07,2.0,2.0,1.0,10.687412,1.0,1.0,14.582329,19.07,1.0,1.0,5.436286,5.6919,2
Q-01364,REP-03,Bronze,2,0.0,0.0,2.0,0.0,0.0,9.692828,0.987654,0.0,3.365432,3.37,2.0,0.0,-0.913404,0.0782,0
Q-01365,REP-05,Silver,4,0.0,0.0,4.0,0.0,0.0,12.020351,0.746538,1.0,3.327616,5.88,2.0,0.0,-0.485162,0.9748,0
Q-01366,REP-06,Bronze,2,0.0,0.0,2.0,0.0,0.0,11.021919,0.245098,0.0,0.492647,2.01,2.0,0.0,-5.628814,0.0448,0
Q-01367,REP-07,Gold,5,0.0,0.0,5.0,0.0,0.0,10.904781,0.573161,2.0,7.758272,13.73,1.0,1.0,-1.387771,0.4789,0
Q-01368,REP-07,Bronze,2,11.185194,11.9,2.0,2.0,1.0,10.720643,0.883392,0.0,16.185194,16.9,1.0,1.0,7.039151,11.4352,2
Q-01369,REP-07,Bronze,3,1.783112,2.72,3.0,3.0,1.0,9.69437,0.0,0.0,6.783112,7.72,1.0,0.0,-2.36293,0.8833,1
Q-01370,REP-03,Silver,4,0.0,0.0,4.0,0.0,0.0,12.388398,0.322917,1.0,2.466438,5.11,2.0,0.0,-1.812399,1.3576,1
Q-01371,REP-03,Bronze,4,0.023738,2.38,4.0,1.0,0.009974,11.458955,0.358858,0.0,2.828477,7.38,2.0,0.0,-1.450359,0.6587,0
Q-01372,REP-08,Gold,3,0.208942,3.87,3.0,1.0,0.05399,11.344045,0.473597,2.0,9.45005,18.87,0.0,1.0,-0.238346,1.4878,1
Q-01373,REP-08,Silver,5,0.0,0.0,5.0,0.0,0.0,11.421917,0.612267,1.0,3.897579,8.68,0.0,0.0,-5.790817,0.8776,0
Q-01374,REP-04,Bronze,6,0.117619,4.21,6.0,2.0,0.031605,11.572665,0.552965,0.0,2.131306,9.21,0.0,0.0,-3.66269,1.7013,1
Q-01375,REP-02,Gold,2,0.0,0.0,2.0,0.0,0.0,10.551925,0.0,2.0,6.117882,6.78,0.0,0.0,-0.072098,0.0,0
Q-01376,REP-05,Bronze,3,2.268656,3.96,3.0,2.0,0.583901,11.299126,0.544892,0.0,5.238093,8.96,2.0,0.0,1.425315,2.649,2
Q-01377,REP-03,Bronze,2,1.508098,1.54,2.0,1.0,0.979284,9.493713,0.0,0.0,6.481582,6.54,2.0,0.0,2.202746,0.3134,0
Q-01378,REP-02,Silver,2,0.0,0.0,2.0,0.0,0.0,10.896758,0.0,1.0,2.48,4.64,0.0,0.0,-3.70998,0.23,0
Q-01379,REP-08,Bronze,4,4.715949,7.36,4.0,2.0,0.98504,11.084847,0.013809,0.0,9.707146,12.36,0.0,0.0,0.01875,3.341,2
Q-01380,REP-08,Silver,4,0.017098,2.59,4.0,1.0,0.006602,10.773022,0.201195,1.0,9.074376,12.59,0.0,0.0,-0.61402,0.5804,0
Q-01381,REP-06,Silver,3,0.0,0.0,3.0,0.0,0.0,11.525852,0.813425,1.0,3.348233,6.16,2.0,0.0,-2.773229,0.4716,0
Q-01382,REP-07,Bronze,3,2.061667,12.37,3.0,1.0,0.166667,10.491302,0.166667,0.0,5.488,17.37,1.0,0.0,-3.658043,3.1842,2
Q-01383,REP-03,Bronze,1,0.0,0.0,1.0,0.0,0.0,11.957618,0.0,0.0,0.71,0.71,2.0,0.0,-3.568836,0.7,0
Q-01384,REP-01,Bronze,5,2.000258,3.05,5.0,4.0,0.993185,10.605495,0.53525,0.0,6.968434,8.05,0.0,0.0,1.392587,2.4404,2
Q-01385,REP-03,Bronze,3,0.056757,0.28,3.0,1.0,0.202703,9.78476,0.608108,0.0,1.07027,5.28,2.0,0.0,-3.208566,0.0,0
Q-01386,REP-08,Gold,2,5.604135,12.53,2.0,2.0,1.0,11.013715,1.0,2.0,16.922092,22.53,0.0,1.0,7.233696,7.1516,2
Q-01387,REP-04,Silver,4,0.0,0.0,4.0,0.0,0.0,10.63106,0.318841,1.0,4.504928,6.13,0.0,0.0,-1.289068,0.3004,0
Q-01388,REP-08,Gold,2,0.0,0.0,2.0,0.0,0.0,9.883591,0.0,2.0,8.215562,13.22,0.0,0.0,-1.472834,0.0,0
Q-01389,REP-08,Silver,1,0.0,0.0,1.0,0.0,0.0,10.404293,1.0,1.0,8.91,8.91,0.0,0.0,-0.778396,0.605,0
Q-01390,REP-04,Bronze,2,0.0,0.0,2.0,0.0,0.0,11.604602,0.693431,0.0,1.232409,4.02,0.0,0.0,-4.561587,1.2947,1
Q-01391,REP-07,Gold,3,6.715053,7.3,3.0,2.0,0.992603,11.278291,0.910413,2.0,18.926265,19.3,1.0,1.0,9.780223,7.2844,2
Q-01392,REP-08,Bronze,3,1.831743,6.57,3.0,3.0,1.0,9.811427,0.049342,0.0,6.831743,11.57,0.0,0.0,-2.856653,1.8073,1
Q-01393,REP-07,Bronze,3,4.869638,5.07,3.0,3.0,1.0,11.876186,0.0,0.0,9.869638,10.07,1.0,1.0,0.723596,3.9513,2
Q-01394,REP-05,Silver,4,0.0,0.0,4.0,0.0,0.0,9.980958,0.629338,1.0,1.68019,2.72,2.0,0.0,-2.132588,0.0,0
Q-01395,REP-08,Gold,2,0.0,0.0,2.0,0.0,0.0,9.862718,0.9375,2.0,9.1225,9.41,0.0,0.0,-0.565896,0.2356,0
Q-01396,REP-05,Silver,2,0.0,0.0,2.0,0.0,0.0,10.63106,0.086957,1.0,0.006957,0.08,2.0,0.0,-3.805821,0.0,0
Q-01397,REP-05,Gold,4,0.0,0.0,4.0,0.0,0.0,10.062668,0.707889,2.0,1.655565,2.31,2.0,0.0,-2.157213,0.0,0
Q-01398,REP-07,Gold,3,0.196283,1.2,3.0,1.0,0.163569,10.382234,0.0,2.0,8.005204,16.2,1.0,0.0,-1.140838,0.0,0
Q-01399,REP-01,Bronze,4,1.659778,5.4,4.0,4.0,1.0,11.015773,0.04439,0.0,6.659778,10.4,0.0,1.0,1.083931,2.3153,2
Q-01400,REP-05,Silver,1,0.0,0.0,1.0,0.0,0.0,9.105091,1.0,1.0,2.22,2.22,2.0,0.0,-1.592778,0.0,0
Q-01401,REP-08,Bronze,1,0.96,0.96,1.0,1.0,1.0,9.84697,1.0,0.0,5.96,5.96,0.0,0.0,-3.728396,1.6195,1
Q-01402,REP-05,Gold,2,0.0,0.0,2.0,0.0,0.0,7.099202,0.0,2.0,0.735372,1.86,2.0,0.0,-3.077406,0.0,0
Q-01403,REP-05,Silver,2,0.0,0.0,2.0,0.0,0.0,9.272,0.0,1.0,0.998152,1.04,2.0,0.0,-2.814625,0.0,0
Q-01404,REP-02,Silver,1,1.09,1.09,1.0,1.0,1.0,6.803505,1.0,1.0,11.09,11.09,0.0,1.0,4.90002,1.823,1
Q-01405,REP-04,Bronze,1,0.0,0.0,1.0,0.0,0.0,11.066654,1.0,0.0,3.37,3.37,0.0,0.0,-2.423996,1.0833,1
Q-01406,REP-04,Silver,2,0.0,0.0,2.0,0.0,0.0,9.453365,0.0,1.0,4.344118,7.42,0.0,0.0,-1.449878,0.0,0
Q-01407,REP-07,Silver,2,0.0,0.0,2.0,0.0,0.0,10.465985,0.0,1.0,8.470769,8.73,1.0,0.0,-0.675274,0.0,0
Q-01408,REP-01,Bronze,1,0.0,0.0,1.0,0.0,0.0,7.650169,0.0,0.0,1.75,1.75,0.0,0.0,-3.825847,0.0175,0
Q-01409,REP-04,Gold,2,0.0,0.0,2.0,0.0,0.0,11.829202,0.0,2.0,5.638134,7.41,0.0,1.0,-0.155862,1.1533,0
Q-01410,REP-01,Gold,4,0.0,0.0,4.0,0.0,0.0,10.71444,0.1,2.0,3.238547,3.34,0.0,0.0,-2.3373,0.0,0
Q-01411,REP-05,Gold,2,0.0,0.0,2.0,0.0,0.0,9.746892,1.0,2.0,1.857368,3.53,2.0,1.0,-1.955409,0.1025,0
Q-01412,REP-08,Silver,1,0.0,0.0,1.0,0.0,0.0,10.859018,1.0,1.0,3.96,3.96,0.0,1.0,-5.728396,1.2133,1
Q-01413,REP-05,Silver,4,0.381557,4.04,4.0,1.0,0.094445,11.241589,0.039352,1.0,6.77661,14.04,2.0,1.0,2.963833,0.8916,0
Q-01414,REP-08,Bronze,5,3.863177,14.96,5.0,4.0,0.664711,10.890908,0.402347,0.0,8.189246,19.96,0.0,0.0,-1.499151,4.3581,2
Q-01415,REP-07,Silver,3,2.01697,2.45,3.0,2.0,0.996334,11.361125,0.535413,1.0,11.996145,12.45,1.0,0.0,2.850102,2.158,1
Q-01416,REP-05,Gold,1,0.0,0.0,1.0,0.0,0.0,10.434145,1.0,2.0,3.19,3.19,2.0,0.0,-0.622778,0.0,0
Q-01417,REP-06,Gold,2,0.0,0.0,2.0,0.0,0.0,10.094149,1.0,2.0,9.225124,9.39,2.0,1.0,3.103662,0.1617,0
Q-01418,REP-03,Bronze,3,2.0264,3.41,3.0,2.0,0.6,9.328212,0.0,0.0,5.2904,8.41,2.0,1.0,1.011564,1.1699,0
Q-01419,REP-06,Bronze,4,4.316117,7.24,4.0,3.0,0.64869,10.792941,0.35131,0.0,7.559569,12.24,2.0,1.0,1.438107,3.058,2
Q-01420,REP-08,Silver,1,0.0,0.0,1.0,0.0,0.0,10.146473,1.0,1.0,9.59,9.59,0.0,0.0,-0.098396,0.5425,1
Q-01421,REP-04,Silver,4,0.0,0.0,4.0,0.0,0.0,10.543656,0.680111,1.0,5.120815,8.83,0.0,0.0,-0.673181,0.4702,0
Q-01422,REP-05,Silver,3,0.0,0.0,3.0,0.0,0.0,9.138952,0.708915,1.0,4.124597,5.18,2.0,0.0,0.311819,0.0,0
Q-01423,REP-04,Gold,5,0.0,0.0,5.0,0.0,0.0,11.666084,0.0,2.0,4.509151,8.17,0.0,0.0,-1.284845,0.5312,0
Q-01424,REP-08,Silver,2,0.0,0.0,2.0,0.0,0.0,9.067739,0.968858,1.0,1.50308,7.51,0.0,0.0,-8.185317,0.3851,0
Q-01425,REP-07,Silver,4,1.481707,3.15,4.0,1.0,0.470383,10.264687,0.700348,1.0,9.873955,13.15,1.0,0.0,0.727912,1.6955,1
Q-01426,REP-08,Gold,4,0.000937,0.01,4.0,1.0,0.093652,11.473155,0.255983,2.0,12.199948,13.02,0.0,1.0,2.511552,0.9535,1
Q-01427,REP-05,Bronze,4,0.600793,4.21,4.0,1.0,0.142706,10.253475,0.073996,0.0,5.146628,9.21,2.0,1.0,1.33385,0.8426,1
Q-01428,REP-02,Gold,3,0.0,0.0,3.0,0.0,0.0,10.529453,0.518717,2.0,4.816578,6.76,0.0,0.0,-1.373402,0.157,0
Q-01429,REP-06,Gold,2,0.0,0.0,2.0,0.0,0.0,6.908755,0.6,2.0,2.344,3.76,2.0,0.0,-3.777462,0.0,0
Q-01430,REP-05,Silver,3,0.0,0.0,3.0,0.0,0.0,9.830971,1.0,1.0,4.304194,5.43,2.0,0.0,0.491416,0.0,0
Q-01431,REP-06,Gold,4,0.0,0.0,4.0,0.0,0.0,10.629247,0.871143,2.0,3.408029,13.81,2.0,0.0,-2.713433,0.0,0
Q-01432,REP-06,Gold,2,0.0,0.0,2.0,0.0,0.0,10.491996,0.999306,2.0,5.38626,5.39,2.0,1.0,-0.735202,0.2598,0
Q-01433,REP-03,Gold,4,0.0,0.0,4.0,0.0,0.0,11.274998,0.992071,2.0,5.19241,5.89,2.0,0.0,0.913574,0.1625,0
Q-01434,REP-05,Bronze,3,0.0,0.0,3.0,0.0,0.0,11.91372,0.13061,0.0,1.078205,4.37,2.0,0.0,-2.734573,0.716,1
Q-01435,REP-06,Bronze,5,0.0,0.0,5.0,0.0,0.0,10.891187,0.793296,0.0,3.526034,4.02,2.0,0.0,-2.595428,0.2838,0
Q-01436,REP-08,Bronze,6,7.93032,10.61,6.0,5.0,0.953693,11.820785,0.112459,0.0,12.698787,15.61,0.0,0.0,3.010391,5.8404,2
Q-01437,REP-06,Silver,1,0.0,0.0,1.0,0.0,0.0,8.594339,1.0,1.0,0.68,0.68,2.0,0.0,-5.441462,0.0,0
Q-01438,REP-08,Silver,1,4.56,4.56,1.0,1.0,1.0,8.2943,1.0,1.0,14.56,14.56,0.0,0.0,4.871604,4.6953,2
Q-01439,REP-07,Bronze,2,1.536914,2.09,2.0,2.0,1.0,8.488999,0.308642,0.0,6.536914,7.09,1.0,0.0,-2.609129,1.0566,1
Q-01440,REP-08,Silver,3,3.411744,3.71,3.0,2.0,0.930233,10.158169,0.034884,1.0,13.365,13.71,0.0,1.0,3.676604,2.343,1
Q-01441,REP-03,Gold,3,0.0,0.0,3.0,0.0,0.0,8.895767,0.945205,2.0,4.149178,4.72,2.0,0.0,-0.129658,0.0,0
Q-01442,REP-01,Gold,3,0.0,0.0,3.0,0.0,0.0,11.491712,0.0,2.0,5.713075,6.25,0.0,1.0,0.137227,0.8258,0
Q-01443,REP-08,Gold,2,0.0,0.0,2.0,0.0,0.0,9.604138,0.0,2.0,13.88656,14.06,0.0,1.0,4.198164,0.1335,0
Q-01444,REP-06,Silver,3,0.0,0.0,3.0,0.0,0.0,12.359656,0.188679,1.0,7.668585,9.32,2.0,1.0,1.547123,1.6771,1
Q-01445,REP-01,Silver,3,0.0,0.0,3.0,0.0,0.0,10.370393,1.0,1.0,2.648997,2.71,0.0,0.0,-2.92685,0.5958,0
Q-01446,REP-02,Silver,3,0.0,0.0,3.0,0.0,0.0,11.237185,0.873518,1.0,5.407194,8.02,0.0,0.0,-0.782786,0.8929,1
Q-01447,REP-07,Gold,3,0.0,0.0,3.0,0.0,0.0,11.362114,0.930233,2.0,9.206744,10.5,1.0,0.0,0.060701,0.4883,0
Q-01448,REP-06,Silver,3,0.131207,0.32,3.0,1.0,0.410023,10.466555,0.569476,1.0,7.979134,10.32,2.0,0.0,1.857673,0.0,0
Q-01449,REP-06,Silver,3,0.0,0.0,3.0,0.0,0.0,11.940093,0.0,1.0,6.238252,8.16,2.0,0.0,0.116791,0.4574,0
Q-01450,REP-07,Gold,2,0.0,0.0,2.0,0.0,0.0,8.999743,0.0,2.0,6.555556,7.35,1.0,0.0,-2.590487,0.0,0
Q-01451,REP-03,Gold,2,0.0,0.0,2.0,0.0,0.0,10.831727,0.0,2.0,14.294427,14.35,2.0,1.0,10.015591,0.0,0
Q-01452,REP-01,Gold,2,0.0,0.0,2.0,0.0,0.0,9.575053,0.958333,2.0,0.847917,3.1,0.0,0.0,-4.72793,0.2071,0
Q-01453,REP-06,Silver,5,0.0,0.0,5.0,0.0,0.0,11.074746,0.49597,1.0,4.802821,6.29,2.0,0.0,-1.318641,0.0,0
Q-01454,REP-05,Silver,5,0.665971,1.39,5.0,1.0,0.479115,12.559897,0.512461,1.0,5.90562,11.39,2.0,0.0,2.092842,2.2686,2
Q-01455,REP-06,Gold,3,0.0,0.0,3.0,0.0,0.0,10.509196,0.99045,2.0,3.292224,3.35,2.0,0.0,-2.829238,0.0,0
Q-01456,REP-07,Silver,1,0.0,0.0,1.0,0.0,0.0,4.51086,0.0,1.0,9.26,9.26,1.0,1.0,0.113957,0.0,0
Q-01457,REP-03,Gold,1,0.0,0.0,1.0,0.0,0.0,8.987322,1.0,2.0,5.54,5.54,2.0,0.0,1.261164,0.0,0
Q-01458,REP-02,Gold,3,1.155206,4.41,3.0,1.0,0.261952,11.648557,0.261952,2.0,10.387507,14.41,0.0,1.0,4.197527,2.5639,2
Q-01459,REP-02,Bronze,2,3.034962,3.28,2.0,2.0,1.0,11.43929,0.09042,0.0,8.034962,8.28,0.0,1.0,1.844982,2.931,2
Q-01460,REP-07,Gold,2,0.021333,0.04,2.0,1.0,0.533333,10.203629,0.533333,2.0,11.106667,12.04,1.0,1.0,1.960624,0.2507,0
Q-01461,REP-07,Gold,2,0.0,0.0,2.0,0.0,0.0,9.200391,0.545455,2.0,5.18,5.33,1.0,0.0,-3.966043,0.0,0
Q-01462,REP-06,Bronze,4,2.815384,5.42,4.0,3.0,0.690905,11.077609,0.309095,0.0,6.541912,10.42,2.0,1.0,0.42045,2.3379,2
Q-01463,REP-05,Silver,2,0.0,0.0,2.0,0.0,0.0,8.111028,0.0,1.0,3.733243,7.85,2.0,1.0,-0.079535,0.0,0
Q-01464,REP-06,Bronze,4,2.118926,8.27,4.0,3.0,0.885906,10.707751,0.557047,0.0,6.782349,13.27,2.0,1.0,0.660887,2.9115,2
Q-01465,REP-04,Bronze,2,2.161429,5.59,2.0,2.0,1.0,9.259226,0.085714,0.0,7.161429,10.59,0.0,0.0,1.367433,1.8586,1
Q-01466,REP-05,Bronze,3,5.361128,8.73,3.0,2.0,0.782101,11.252872,0.210117,0.0,9.855603,13.73,2.0,0.0,6.042825,3.5245,2
Q-01467,REP-08,Gold,3,0.0,0.0,3.0,0.0,0.0,9.499347,0.426966,2.0,7.364045,9.58,0.0,0.0,-2.324351,0.0,0
Q-01468,REP-01,Silver,2,0.0,0.0,2.0,0.0,0.0,10.582815,0.874525,1.0,9.639962,9.65,0.0,1.0,4.064115,1.0397,1
Q-01469,REP-01,Silver,1,0.0,0.0,1.0,0.0,0.0,5.484797,0.0,1.0,3.08,3.08,0.0,0.0,-2.495847,0.0,0
Q-01470,REP-07,Silver,2,8.983448,10.02,2.0,1.0,0.896552,8.155075,0.0,1.0,18.622414,20.02,1.0,1.0,9.476371,4.8342,2
Q-01471,REP-03,Bronze,2,1.562723,5.73,2.0,2.0,1.0,10.075169,0.0,0.0,6.562723,10.73,2.0,0.0,2.283886,0.8845,1
Q-01472,REP-01,Bronze,3,0.0,0.0,3.0,0.0,0.0,10.376642,0.242991,0.0,2.977757,3.38,0.0,0.0,-2.59809,0.4011,0
Q-01473,REP-02,Gold,4,0.0,0.0,4.0,0.0,0.0,10.013731,0.765786,2.0,3.896055,7.45,0.0,1.0,-2.293925,0.6173,0
Q-01474,REP-05,Bronze,4,0.0,0.0,4.0,0.0,0.0,11.974431,0.0,0.0,1.860684,4.13,2.0,1.0,-1.952094,1.172,1
Q-01475,REP-06,Silver,2,0.0,0.0,2.0,0.0,0.0,9.079776,0.0,1.0,6.673077,6.76,2.0,0.0,0.551615,0.0,0
Q-01476,REP-03,Silver,3,0.0,0.0,3.0,0.0,0.0,9.965335,0.752056,1.0,5.065029,9.26,2.0,1.0,0.786193,0.2209,0
Q-01477,REP-08,Gold,5,0.0,0.0,5.0,0.0,0.0,12.435898,0.403298,2.0,6.204965,6.61,0.0,0.0,-3.483431,1.8791,1
Q-01478,REP-03,Bronze,1,0.0,0.0,1.0,0.0,0.0,9.84697,1.0,0.0,0.0,0.0,2.0,0.0,-4.278836,0.1075,0
Q-01479,REP-04,Silver,2,0.0,0.0,2.0,0.0,0.0,10.904138,0.0,1.0,2.987353,3.08,0.0,0.0,-2.806643,0.2333,0
Q-01480,REP-01,Silver,4,0.0,0.0,4.0,0.0,0.0,11.096364,0.667374,1.0,7.064845,8.12,0.0,1.0,1.488997,1.1465,1
Q-01481,REP-04,Silver,2,0.29625,0.79,2.0,1.0,0.375,10.085851,0.625,1.0,6.4275,10.79,0.0,1.0,0.633504,0.9851,1
Q-01482,REP-01,Gold,3,0.0,0.0,3.0,0.0,0.0,10.879951,0.355932,2.0,6.459718,6.75,0.0,1.0,0.88387,0.6483,0
Q-01483,REP-07,Gold,2,0.0,0.0,2.0,0.0,0.0,10.616462,0.073529,2.0,9.328235,9.64,1.0,0.0,0.182192,0.0,0
Q-01484,REP-05,Silver,5,0.047473,0.82,5.0,1.0,0.057893,12.13646,0.010721,1.0,5.775031,10.82,2.0,0.0,1.962253,0.8506,1
Q-01485,REP-08,Bronze,6,2.374724,3.6,6.0,5.0,0.817003,11.784105,0.369806,0.0,7.341784,8.6,0.0,0.0,-2.346612,3.1067,2
Q-01486,REP-04,Bronze,2,0.467638,0.47,2.0,1.0,0.994975,9.898525,0.994975,0.0,5.443719,5.47,0.0,0.0,-0.350277,1.1576,1
Q-01487,REP-05,Bronze,1,3.45,3.45,1.0,1.0,1.0,5.170484,0.0,0.0,8.45,8.45,2.0,1.0,4.637222,1.68,2
Q-01488,REP-02,Bronze,2,3.167572,3.2,2.0,2.0,1.0,11.550231,1.0,0.0,8.167572,8.2,0.0,1.0,1.977592,4.8778,2
Q-01489,REP-03,Gold,3,0.0,0.0,3.0,0.0,0.0,8.20958,0.979592,2.0,6.866327,6.98,2.0,1.0,2.58749,0.0,0
Q-01490,REP-02,Gold,2,0.0,0.0,2.0,0.0,0.0,9.025937,0.962117,2.0,4.772201,5.59,0.0,0.0,-1.417779,0.1585,0
Q-01491,REP-08,Silver,3,0.273601,1.01,3.0,1.0,0.270892,12.091228,0.145822,1.0,9.909047,11.01,0.0,0.0,0.22065,1.572,2
Q-01492,REP-02,Silver,5,0.0,0.0,5.0,0.0,0.0,10.937046,0.016009,1.0,3.931857,7.08,0.0,0.0,-2.258123,0.2573,0
Q-01493,REP-07,Silver,3,0.0,0.0,3.0,0.0,0.0,10.246048,0.0,1.0,6.41125,9.69,1.0,0.0,-2.734793,0.0,0
Q-01494,REP-05,Bronze,1,0.0,0.0,1.0,0.0,0.0,6.580639,0.0,0.0,0.0,0.0,2.0,0.0,-3.812778,0.0,0
Q-01495,REP-06,Bronze,3,0.0,0.0,3.0,0.0,0.0,9.888425,0.502538,0.0,2.663426,4.91,2.0,1.0,-3.458035,0.2906,0
Q-01496,REP-02,Bronze,2,7.970302,9.04,2.0,1.0,0.881671,11.364437,1.0,0.0,12.40942,14.04,0.0,0.0,6.21944,8.9578,2
Q-01497,REP-06,Silver,3,0.0,0.0,3.0,0.0,0.0,11.887251,0.316369,1.0,5.53033,6.62,2.0,0.0,-0.591131,0.5657,0
Q-01498,REP-06,Silver,5,1.328049,4.07,5.0,2.0,0.365854,11.026809,0.409756,1.0,8.361073,14.07,2.0,0.0,2.239612,1.4487,1
Q-01499,REP-07,Gold,4,0.965385,2.51,4.0,1.0,0.384615,10.907807,0.384615,2.0,8.128022,12.51,1.0,1.0,-1.018021,1.4636,1
Q-01500,REP-03,Bronze,1,0.0,0.0,1.0,0.0,0.0,7.496097,1.0,0.0,4.31,4.31,2.0,0.0,0.031164,0.0,0
Q-01501,REP-03,Bronze,2,0.0,0.0,2.0,0.0,0.0,9.417436,0.609756,0.0,1.823171,2.99,2.0,0.0,-2.455665,0.0,0
Q-01502,REP-05,Bronze,1,0.0,0.0,1.0,0.0,0.0,8.47658,1.0,0.0,1.11,1.11,2.0,1.0,-2.702778,0.44,0
Q-01503,REP-06,Gold,1,0.0,0.0,1.0,0.0,0.0,11.998439,0.0,2.0,7.2,7.2,2.0,1.0,1.078538,0.7642,0
Q-01504,REP-06,Bronze,6,2.115702,7.15,6.0,4.0,0.690083,11.192734,0.938017,0.0,6.191529,12.15,2.0,0.0,0.070067,3.0846,2
Q-01505,REP-06,Bronze,2,5.220612,6.99,2.0,2.0,1.0,9.595671,0.693878,0.0,10.220612,11.99,2.0,1.0,4.099151,5.3528,2
Q-01506,REP-08,Silver,2,0.0,0.0,2.0,0.0,0.0,10.268165,0.6875,1.0,5.876875,6.64,0.0,0.0,-3.811521,0.3981,0
Q-01507,REP-06,Silver,4,0.0,0.0,4.0,0.0,0.0,12.398761,0.081649,1.0,5.138689,6.65,2.0,0.0,-0.982773,1.2457,1
Q-01508,REP-07,Silver,4,0.017814,5.54,4.0,1.0,0.003215,11.338227,0.589496,1.0,9.13732,15.54,1.0,1.0,-0.008722,1.5709,1
Q-01509,REP-06,Gold,4,0.0,0.0,4.0,0.0,0.0,11.102337,0.067848,2.0,4.336321,6.63,2.0,0.0,-1.78514,0.0,0
Q-01510,REP-07,Bronze,4,5.626533,7.8,4.0,4.0,1.0,11.456789,0.581764,0.0,10.626533,12.8,1.0,1.0,1.48049,5.5178,2
Q-01511,REP-08,Gold,4,0.058413,0.69,4.0,1.0,0.084656,10.945547,0.746032,2.0,5.856455,12.69,0.0,1.0,-3.831941,1.0178,1
Q-01512,REP-02,Silver,6,0.0,0.0,6.0,0.0,0.0,11.036759,0.795299,1.0,6.073241,7.87,0.0,0.0,-0.116739,0.735,0
Q-01513,REP-03,Gold,2,0.0,0.0,2.0,0.0,0.0,10.021315,1.0,2.0,0.276,2.07,2.0,0.0,-4.002836,0.0,0
Q-01514,REP-07,Silver,4,0.0,0.0,4.0,0.0,0.0,10.983613,0.169779,1.0,8.215008,9.96,1.0,0.0,-0.931034,0.0642,0
Q-01515,REP-03,Gold,2,0.0,0.0,2.0,0.0,0.0,8.748464,0.238095,2.0,3.717143,3.81,2.0,0.0,-0.561693,0.0,0
Q-01516,REP-04,Silver,2,0.0,0.0,2.0,0.0,0.0,9.501591,0.986547,1.0,5.040762,5.06,0.0,0.0,-0.753234,0.4341,0
Q-01517,REP-04,Silver,3,0.946216,3.89,3.0,1.0,0.243243,10.855165,0.501931,1.0,7.222278,13.89,0.0,1.0,1.428282,1.763,1
Q-01518,REP-05,Silver,4,0.0,0.0,4.0,0.0,0.0,10.536248,0.053114,1.0,2.168518,9.94,2.0,1.0,-1.64426,0.0,0
Q-01519,REP-04,Bronze,3,0.120779,0.31,3.0,1.0,0.38961,11.146215,0.61039,0.0,4.67329,5.31,0.0,0.0,-1.120706,0.998,1
Q-01520,REP-06,Bronze,5,1.592155,4.88,5.0,3.0,0.692487,11.360369,0.307513,0.0,5.685271,9.88,2.0,0.0,-0.436191,1.4901,1
Q-01521,REP-07,Silver,3,1.352703,1.54,3.0,1.0,0.878378,11.548302,0.043436,1.0,11.080357,11.54,1.0,0.0,1.934314,1.1048,1
Q-01522,REP-04,Silver,2,0.0,0.0,2.0,0.0,0.0,10.981914,0.0,1.0,7.625714,8.19,0.0,1.0,1.831718,0.72,0
Q-01523,REP-04,Gold,2,3.390646,3.46,2.0,1.0,0.979955,10.01909,0.979955,2.0,13.269577,13.46,0.0,1.0,7.475581,3.9648,2
Q-01524,REP-04,Silver,5,0.0,0.0,5.0,0.0,0.0,12.450786,0.44314,1.0,5.431468,7.26,0.0,0.0,-0.362528,2.1525,2
Q-01525,REP-08,Silver,5,0.909482,1.42,5.0,2.0,0.640527,11.710513,0.17235,1.0,10.531198,11.42,0.0,0.0,0.842802,1.4283,1
Q-01526,REP-03,Gold,2,0.0,0.0,2.0,0.0,0.0,11.419724,0.072448,2.0,3.348463,3.61,2.0,0.0,-0.930373,0.0,0
Q-01527,REP-05,Silver,3,0.0,0.0,3.0,0.0,0.0,9.453365,0.235294,1.0,0.535529,3.74,2.0,0.0,-3.277248,0.0,0
Q-01528,REP-03,Gold,2,0.0,0.0,2.0,0.0,0.0,10.388718,0.0,2.0,6.214349,8.58,2.0,0.0,1.935513,0.0,0
Q-01529,REP-07,Silver,6,2.222167,4.44,6.0,4.0,0.692036,11.672797,0.635786,1.0,12.076331,14.44,1.0,1.0,2.930288,2.9539,2
Q-01530,REP-01,Bronze,3,0.317266,1.96,3.0,1.0,0.161871,10.925956,0.611511,0.0,3.779928,6.96,0.0,0.0,-1.795919,1.1485,1
Q-01531,REP-08,Silver,6,0.283089,6.86,6.0,2.0,0.04659,12.38108,0.180902,1.0,7.35655,16.86,0.0,0.0,-2.331846,2.8573,2
Q-01532,REP-01,Gold,5,0.0,0.0,5.0,0.0,0.0,11.909827,0.979021,2.0,5.662477,11.28,0.0,0.0,0.08663,1.3378,1
Q-01533,REP-07,Silver,1,0.0,0.0,1.0,0.0,0.0,10.976799,0.0,1.0,5.29,5.29,1.0,0.0,-3.856043,0.0,0
Q-01534,REP-05,Gold,3,0.0,0.0,3.0,0.0,0.0,9.693754,0.832562,2.0,4.600305,5.73,2.0,0.0,0.787527,0.0,0
Q-01535,REP-06,Bronze,5,2.413235,6.98,5.0,2.0,0.703822,11.397357,0.161643,0.0,6.409222,11.98,2.0,0.0,0.287761,2.4865,1
Q-01536,REP-02,Bronze,2,3.459706,3.82,2.0,2.0,1.0,6.928538,0.0,0.0,8.459706,8.82,0.0,1.0,2.269726,2.3318,2
Q-01537,REP-04,Silver,2,0.0,0.0,2.0,0.0,0.0,11.153404,0.0,1.0,7.993725,9.94,0.0,0.0,2.199729,0.3617,0
Q-01538,REP-08,Bronze,3,5.541062,8.48,3.0,3.0,1.0,11.124332,0.0,0.0,10.541062,13.48,0.0,0.0,0.852666,3.825,2
Q-01539,REP-04,Silver,1,0.0,0.0,1.0,0.0,0.0,6.641182,0.0,1.0,3.37,3.37,0.0,1.0,-2.423996,0.2364,0
Q-01540,REP-07,Bronze,3,1.744743,7.55,3.0,2.0,0.245714,9.076923,0.754286,0.0,6.541086,12.55,1.0,0.0,-2.604957,1.7511,1
Q-01541,REP-06,Gold,2,0.0,0.0,2.0,0.0,0.0,7.960673,0.0,2.0,3.015079,3.03,2.0,0.0,-3.106383,0.0,0
Q-01542,REP-04,Gold,3,0.0,0.0,3.0,0.0,0.0,10.824786,0.901493,2.0,2.683672,4.41,0.0,0.0,-3.110324,0.4746,0
Q-01543,REP-06,Silver,3,3.469825,8.99,3.0,1.0,0.385965,10.845466,0.614035,1.0,9.157251,18.99,2.0,1.0,3.03579,2.8414,2
Q-01544,REP-07,Silver,2,0.008809,0.3,2.0,1.0,0.029364,10.512737,0.0,1.0,8.193719,10.3,1.0,0.0,-0.952323,0.0,0
Q-01545,REP-06,Gold,6,0.0,0.0,6.0,0.0,0.0,12.514663,0.1917,2.0,4.700323,10.49,2.0,0.0,-1.421138,1.3346,1
Q-01546,REP-08,Silver,2,0.555455,6.11,2.0,1.0,0.090909,9.893488,1.0,1.0,9.846364,16.11,0.0,0.0,0.157967,1.6337,1
Q-01547,REP-03,Bronze,3,0.003619,0.14,3.0,1.0,0.025852,10.597534,0.494567,0.0,0.864841,5.14,2.0,0.0,-3.413995,0.0226,0
Q-01548,REP-07,Gold,3,0.0,0.0,3.0,0.0,0.0,10.923255,0.0,2.0,8.891082,10.74,1.0,0.0,-0.254961,0.0,0
Q-01549,REP-07,Silver,2,0.235833,2.83,2.0,1.0,0.083333,10.268165,0.0,1.0,9.9975,12.83,1.0,1.0,0.851457,0.5803,0
Q-01550,REP-04,Gold,6,0.0,0.0,6.0,0.0,0.0,11.335723,0.680516,2.0,2.909542,7.17,0.0,0.0,-2.884454,0.6323,0
Q-01551,REP-01,Bronze,5,0.111068,1.22,5.0,2.0,0.44962,10.80722,0.631899,0.0,2.830091,6.22,0.0,0.0,-2.745756,0.9834,1
Q-01552,REP-03,Bronze,3,0.287677,3.01,3.0,1.0,0.095574,10.393478,0.0,0.0,3.952533,8.01,2.0,0.0,-0.326303,0.124,0
Q-01553,REP-01,Gold,6,0.002848,0.4,6.0,1.0,0.00712,11.254815,0.550162,2.0,7.687948,15.4,0.0,1.0,2.112101,1.0015,0
Q-01554,REP-02,Silver,4,0.0,0.0,4.0,0.0,0.0,11.285975,0.527009,1.0,7.079413,9.7,0.0,0.0,0.889433,0.734,0
Q-01555,REP-04,Gold,3,0.0,0.0,3.0,0.0,0.0,11.966393,0.005719,2.0,5.911295,5.95,0.0,0.0,0.117299,0.8746,0
Q-01556,REP-04,Bronze,1,0.0,0.0,1.0,0.0,0.0,7.783641,0.0,0.0,4.38,4.38,0.0,0.0,-1.413996,0.02,0
Q-01557,REP-03,Silver,2,0.0,0.0,2.0,0.0,0.0,11.564388,0.949848,1.0,6.456976,6.63,2.0,0.0,2.178139,0.5797,1
Q-01558,REP-01,Gold,3,0.0,0.0,3.0,0.0,0.0,9.371694,0.434043,2.0,3.962681,6.71,0.0,0.0,-1.613166,0.0,0
Q-01559,REP-07,Silver,6,0.123589,1.93,6.0,2.0,0.067535,11.414441,0.932465,1.0,7.557477,11.93,1.0,0.0,-1.588566,1.0122,1
Q-01560,REP-05,Gold,3,0.0,0.0,3.0,0.0,0.0,11.299249,0.594354,2.0,7.337905,10.67,2.0,1.0,3.525127,0.4099,0
Q-01561,REP-08,Silver,3,7.10977,11.88,3.0,1.0,0.598465,9.880782,0.598465,1.0,16.510205,21.88,0.0,1.0,6.821808,8.0011,2
Q-01562,REP-03,Silver,3,0.0,0.0,3.0,0.0,0.0,8.939319,0.865574,1.0,8.311836,9.33,2.0,0.0,4.033,0.0,0
Q-01563,REP-03,Bronze,3,0.374,0.68,3.0,1.0,0.55,11.289794,1.0,0.0,5.12875,5.68,2.0,0.0,0.849914,1.0056,1
Q-01564,REP-03,Silver,5,0.0,0.0,5.0,0.0,0.0,12.163927,0.195572,1.0,1.636935,7.86,2.0,0.0,-2.641901,0.8854,1
Q-01565,REP-02,Gold,6,0.267172,4.1,6.0,2.0,0.066338,11.278986,0.519333,2.0,6.724989,16.56,0.0,1.0,0.535009,1.6293,1
Q-01566,REP-01,Silver,4,0.700493,7.11,4.0,1.0,0.098522,12.316276,0.098522,1.0,5.787264,17.11,0.0,0.0,0.211417,3.0655,2
Q-01567,REP-06,Bronze,2,0.0,0.0,2.0,0.0,0.0,8.787373,0.0,0.0,3.19626,3.2,2.0,1.0,-2.925202,0.0,0
Q-01568,REP-04,Bronze,2,1.604091,3.58,2.0,2.0,1.0,8.794976,0.0,0.0,6.604091,8.58,0.0,1.0,0.810095,1.5725,1
Q-01569,REP-04,Silver,3,0.0,0.0,3.0,0.0,0.0,11.512185,0.88066,1.0,5.426297,7.13,0.0,0.0,-0.367699,1.0971,1
Q-01570,REP-08,Bronze,3,5.590741,6.21,3.0,3.0,1.0,11.889998,0.098765,0.0,10.590741,11.21,0.0,0.0,0.902345,4.4669,2
Q-01571,REP-07,Silver,2,0.0,0.0,2.0,0.0,0.0,10.459698,0.917431,1.0,4.763303,6.8,1.0,0.0,-4.38274,0.2753,0
Q-01572,REP-03,Gold,2,0.0,0.0,2.0,0.0,0.0,8.304247,0.0,2.0,4.8,5.05,2.0,0.0,0.521164,0.0,0
Q-01573,REP-06,Silver,3,0.234666,1.37,3.0,2.0,0.22496,12.212457,0.198728,1.0,9.234865,11.37,2.0,1.0,3.113403,1.7494,1
Q-01574,REP-07,Gold,5,0.0,0.0,5.0,0.0,0.0,10.35348,0.153037,2.0,7.862128,9.99,1.0,0.0,-1.283915,0.0,0
Q-01575,REP-01,Silver,5,0.0,0.0,5.0,0.0,0.0,11.111193,0.358664,1.0,2.645297,7.03,0.0,0.0,-2.93055,0.5349,0
Q-01576,REP-01,Silver,1,0.0,0.0,1.0,0.0,0.0,11.487618,0.0,1.0,1.54,1.54,0.0,0.0,-4.035847,0.5925,1
Q-01577,REP-05,Gold,4,0.0,0.0,4.0,0.0,0.0,10.757924,0.408511,2.0,1.831787,4.31,2.0,0.0,-1.980991,0.0,0
Q-01578,REP-08,Gold,3,0.361885,0.64,3.0,1.0,0.565445,9.857496,0.565445,2.0,10.437016,10.64,0.0,1.0,0.748619,0.8545,0
Q-01579,REP-05,Silver,3,0.722793,2.2,3.0,1.0,0.328542,10.50578,0.657084,1.0,8.07655,12.2,2.0,1.0,4.263773,0.8413,0
Q-01580,REP-08,Silver,3,1.921043,2.63,3.0,1.0,0.730435,10.448744,0.217391,1.0,11.183217,12.63,0.0,0.0,1.494821,1.2832,1
Q-01581,REP-08,Silver,4,1.318412,10.62,4.0,2.0,0.984117,11.273411,0.879288,1.0,11.220343,20.62,0.0,0.0,1.531947,2.6595,2
Q-01582,REP-07,Silver,5,0.586158,2.32,5.0,3.0,0.594737,10.545368,0.594737,1.0,9.700947,12.32,1.0,1.0,0.554904,1.2598,1
Q-01583,REP-02,Gold,2,0.0,0.0,2.0,0.0,0.0,11.279744,0.015152,2.0,2.787424,5.22,0.0,0.0,-3.402556,0.2283,0
Q-01584,REP-05,Silver,2,0.0,0.0,2.0,0.0,0.0,11.980432,0.022556,1.0,8.822406,8.96,2.0,1.0,5.009628,0.9724,1
Q-01585,REP-04,Bronze,3,0.061748,2.12,3.0,1.0,0.029126,9.645429,0.15534,0.0,4.036117,7.12,0.0,1.0,-1.757879,0.9233,0
Q-01586,REP-02,Silver,4,0.0,0.0,4.0,0.0,0.0,12.142312,0.234485,1.0,5.454149,8.03,0.0,0.0,-0.735831,1.4727,1
Q-01587,REP-02,Gold,3,0.0,0.0,3.0,0.0,0.0,9.592605,0.900716,2.0,10.015855,10.58,0.0,0.0,3.825875,0.1775,0
Q-01588,REP-04,Gold,1,0.0,0.0,1.0,0.0,0.0,10.257694,1.0,2.0,6.98,6.98,0.0,1.0,1.186004,0.7975,1
Q-01589,REP-08,Bronze,4,0.51689,11.78,4.0,3.0,0.635203,11.094238,0.091199,0.0,5.235996,16.78,0.0,0.0,-4.4524,2.1439,1
Q-01590,REP-05,Bronze,4,0.639355,2.0,4.0,2.0,0.322581,9.830971,0.483871,0.0,2.709032,7.0,2.0,1.0,-1.103746,0.9198,0
Q-01591,REP-08,Gold,4,0.040767,1.82,4.0,1.0,0.022399,10.60115,0.719263,2.0,7.237521,13.82,0.0,1.0,-2.450875,0.9749,0
Q-01592,REP-02,Bronze,5,2.484202,7.58,5.0,4.0,0.95092,11.49069,0.168712,0.0,7.469969,12.58,0.0,0.0,1.279989,3.1658,2
Q-01593,REP-02,Gold,3,0.0,0.0,3.0,0.0,0.0,11.620892,1.0,2.0,8.735135,10.55,0.0,0.0,2.545155,1.0383,0
Q-01594,REP-07,Silver,3,0.160743,5.77,3.0,1.0,0.027858,10.447584,0.972142,1.0,8.889994,15.77,1.0,0.0,-0.256049,1.0041,0
Q-01595,REP-02,Silver,2,0.0,0.0,2.0,0.0,0.0,8.962007,0.846154,1.0,7.272308,7.56,0.0,1.0,1.082328,0.7604,0
Q-01596,REP-02,Gold,1,0.0,0.0,1.0,0.0,0.0,7.783641,0.0,2.0,3.66,3.66,0.0,0.0,-2.52998,0.0,0
Q-01597,REP-07,Silver,2,4.696,6.79,2.0,2.0,1.0,7.313887,0.0,1.0,14.696,16.79,1.0,1.0,5.549957,2.6617,2
Q-01598,REP-02,Silver,3,1.651845,2.91,3.0,1.0,0.567644,10.182104,0.567644,1.0,9.962469,12.91,0.0,0.0,3.772489,2.0201,2
Q-01599,REP-08,Bronze,5,2.217013,3.44,5.0,3.0,0.892746,11.474403,0.415714,0.0,6.871031,8.44,0.0,0.0,-2.817365,2.6438,2
Q-01600,REP-02,Bronze,4,0.706995,2.99,4.0,1.0,0.236453,9.81307,0.541872,0.0,4.119557,7.99,0.0,0.0,-2.070423,1.0761,0
Q-01601,REP-07,Silver,5,2.462497,5.07,5.0,2.0,0.676608,11.629161,0.534164,1.0,11.50866,15.07,1.0,0.0,2.362617,2.3502,2
Q-01602,REP-02,Silver,6,0.0,0.0,6.0,0.0,0.0,11.924909,0.079481,1.0,7.69525,8.7,0.0,1.0,1.50527,1.5319,1
Q-01603,REP-01,Gold,4,0.0,0.0,4.0,0.0,0.0,11.122856,1.0,2.0,1.687932,6.49,0.0,0.0,-3.887915,0.6742,0
Q-01604,REP-06,Gold,4,0.09,3.36,4.0,1.0,0.026786,10.933125,1.0,2.0,3.073214,13.36,2.0,0.0,-3.048247,0.4219,1
Q-01605,REP-03,Silver,2,0.0,0.0,2.0,0.0,0.0,9.808132,0.0,1.0,0.037129,3.75,2.0,0.0,-4.241707,0.0,0
Q-01606,REP-02,Bronze,2,0.0,0.0,2.0,0.0,0.0,10.318936,1.0,0.0,2.623663,2.79,0.0,0.0,-3.566317,0.8025,0
Q-01607,REP-01,Bronze,5,5.693631,14.18,5.0,4.0,0.998833,11.252742,0.066156,0.0,10.692288,19.18,0.0,1.0,5.116441,5.4739,2
Q-01608,REP-05,Silver,2,0.0,0.0,2.0,0.0,0.0,10.169729,0.862069,1.0,0.0,0.0,2.0,0.0,-3.812778,0.0,0
Q-01609,REP-04,Silver,3,0.0,0.0,3.0,0.0,0.0,10.104426,0.110429,1.0,5.243742,6.9,0.0,0.0,-0.550254,0.0445,0
Q-01610,REP-08,Gold,3,0.0,0.0,3.0,0.0,0.0,9.722026,0.719424,2.0,9.171421,10.47,0.0,1.0,-0.516975,0.5447,1
Q-01611,REP-02,Gold,4,0.0,0.0,4.0,0.0,0.0,10.908265,0.043936,2.0,6.268027,7.04,0.0,0.0,0.078048,0.0394,0
Q-01612,REP-07,Bronze,2,3.408095,4.77,2.0,2.0,1.0,9.441531,1.0,0.0,8.408095,9.77,1.0,1.0,-0.737948,4.1925,2
Q-01613,REP-05,Silver,3,0.0,0.0,3.0,0.0,0.0,9.200391,0.545455,1.0,0.211818,2.33,2.0,0.0,-3.60096,0.0,0
Q-01614,REP-04,Silver,5,0.468776,1.42,5.0,1.0,0.330124,9.807857,0.874828,1.0,6.902572,11.42,0.0,0.0,1.108576,0.9626,0
Q-01615,REP-03,Silver,1,0.0,0.0,1.0,0.0,0.0,10.778977,1.0,1.0,7.25,7.25,2.0,0.0,2.971164,0.13,0
Q-01616,REP-07,Silver,4,8.651566,11.5,4.0,2.0,0.755034,9.503831,0.0,1.0,18.249116,21.5,1.0,1.0,9.103073,4.9404,2
Q-01617,REP-06,Bronze,3,2.737485,3.54,3.0,3.0,1.0,11.253325,0.726,0.0,7.737485,8.54,2.0,0.0,1.616023,3.0607,2
Q-01618,REP-02,Silver,3,0.0,0.0,3.0,0.0,0.0,11.709322,0.706656,1.0,6.551972,8.95,0.0,0.0,0.361992,1.1828,1
Q-01619,REP-03,Silver,5,0.225223,1.36,5.0,1.0,0.165605,11.453186,0.286624,1.0,4.182484,11.36,2.0,1.0,-0.096352,0.8168,0
Q-01620,REP-03,Silver,3,0.0,0.0,3.0,0.0,0.0,11.501875,0.444894,1.0,6.433094,8.22,2.0,1.0,2.154258,0.6989,0
Q-01621,REP-03,Bronze,1,0.0,0.0,1.0,0.0,0.0,9.036106,0.0,0.0,0.0,0.0,2.0,0.0,-4.278836,0.0,0
Q-01622,REP-05,Silver,2,0.0,0.0,2.0,0.0,0.0,10.348205,1.0,1.0,0.0,0.0,2.0,1.0,-3.812778,0.44,0
Q-01623,REP-05,Silver,4,0.0,0.0,4.0,0.0,0.0,8.8778,0.41841,1.0,0.494351,3.37,2.0,0.0,-3.318426,0.0,0
Q-01624,REP-06,Bronze,3,1.424335,2.83,3.0,2.0,0.988593,10.87049,1.0,0.0,6.406426,7.83,2.0,0.0,0.284964,1.8961,2
Q-01625,REP-05,Silver,1,0.0,0.0,1.0,0.0,0.0,7.09091,1.0,1.0,0.0,0.0,2.0,0.0,-3.812778,0.0,0
Q-01626,REP-04,Bronze,4,0.0,0.0,4.0,0.0,0.0,10.597909,0.71161,0.0,0.949438,3.4,0.0,0.0,-4.844558,0.7251,0
Q-01627,REP-08,Bronze,3,1.26662,1.59,3.0,3.0,1.0,9.966509,0.830986,0.0,6.26662,6.59,0.0,0.0,-3.421777,1.7605,2
Q-01628,REP-05,Gold,6,0.0,0.0,6.0,0.0,0.0,11.764975,0.424358,2.0,5.080784,9.98,2.0,0.0,1.268006,0.2656,0
Q-01629,REP-07,Silver,5,0.243709,0.92,5.0,1.0,0.264901,10.615726,0.676968,1.0,7.826299,10.92,1.0,0.0,-1.319744,0.3956,0
Q-01630,REP-03,Gold,1,0.0,0.0,1.0,0.0,0.0,10.181157,0.0,2.0,3.2,3.2,2.0,0.0,-1.078836,0.0,0
Q-01631,REP-04,Silver,6,0.0,0.0,6.0,0.0,0.0,11.552781,0.913852,1.0,4.883967,5.47,0.0,0.0,-0.910029,1.1498,1
Q-01632,REP-03,Silver,3,0.0,0.0,3.0,0.0,0.0,10.920546,0.962025,1.0,0.383544,3.38,2.0,0.0,-3.895292,0.1699,0
Q-01633,REP-07,Gold,2,0.0,0.0,2.0,0.0,0.0,6.338594,0.0,2.0,9.419204,9.49,1.0,1.0,0.273161,0.0,0
Q-01634,REP-04,Silver,3,0.084666,0.9,3.0,1.0,0.094073,11.57403,0.997178,1.0,5.470931,10.9,0.0,1.0,-0.323065,1.8344,1
Q-01635,REP-01,Silver,1,0.0,0.0,1.0,0.0,0.0,10.134639,0.0,1.0,5.33,5.33,0.0,1.0,-0.245847,0.44,1
Q-01636,REP-03,Silver,2,0.0,0.0,2.0,0.0,0.0,10.503724,0.0,1.0,2.103704,2.13,2.0,0.0,-2.175133,0.0,0
Q-01637,REP-08,Gold,3,0.0,0.0,3.0,0.0,0.0,9.703877,0.824176,2.0,6.703846,9.55,0.0,0.0,-2.98455,0.1498,0
Q-01638,REP-01,Gold,3,0.0,0.0,3.0,0.0,0.0,9.913487,0.891089,2.0,4.229703,4.68,0.0,0.0,-1.346144,0.2184,0
Q-01639,REP-06,Bronze,2,4.796531,5.47,2.0,2.0,1.0,10.981914,0.234694,0.0,9.796531,10.47,2.0,1.0,3.675069,3.6245,2
Q-01640,REP-01,Silver,1,0.0,0.0,1.0,0.0,0.0,5.303305,0.0,1.0,3.78,3.78,0.0,1.0,-1.795847,0.2317,0
Q-01641,REP-05,Silver,3,0.0,0.0,3.0,0.0,0.0,10.064373,0.957854,1.0,2.545594,3.16,2.0,0.0,-1.267184,0.0,0
Q-01642,REP-01,Gold,3,0.196078,0.3,3.0,1.0,0.653595,11.9382,1.0,2.0,10.61549,12.3,0.0,1.0,5.039643,2.0327,1
Q-01643,REP-07,Gold,1,0.0,0.0,1.0,0.0,0.0,10.357775,0.0,2.0,7.67,7.67,1.0,0.0,-1.476043,0.0,0
Q-01644,REP-05,Silver,4,0.0,0.0,4.0,0.0,0.0,10.991224,0.045493,1.0,1.170185,3.47,2.0,1.0,-2.642592,0.1496,0
Q-01645,REP-01,Silver,2,0.0,0.0,2.0,0.0,0.0,9.396488,0.996264,1.0,0.956538,2.7,0.0,0.0,-4.619309,0.4283,0
Q-01646,REP-04,Silver,2,0.0,0.0,2.0,0.0,0.0,10.843514,0.859375,1.0,2.343125,6.09,0.0,1.0,-3.450871,1.1293,0
Q-01647,REP-07,Bronze,2,3.745947,3.76,2.0,2.0,1.0,9.958733,0.0,0.0,8.745947,8.76,1.0,1.0,-0.400095,2.313,2
Q-01648,REP-08,Gold,3,0.0,0.0,3.0,0.0,0.0,10.821796,0.0,2.0,10.672814,11.19,0.0,1.0,0.984418,0.4275,0
Q-01649,REP-05,Bronze,4,0.375629,1.2,4.0,1.0,0.313024,12.094588,0.373393,0.0,2.582873,6.2,2.0,0.0,-1.229905,1.5437,1
Q-01650,REP-02,Gold,1,0.0,0.0,1.0,0.0,0.0,8.412055,1.0,2.0,3.98,3.98,0.0,0.0,-2.20998,0.1475,0
Q-01651,REP-05,Gold,4,0.0,0.0,4.0,0.0,0.0,10.774802,0.533473,2.0,2.445711,3.31,2.0,0.0,-1.367066,0.0,0
Q-01652,REP-05,Silver,6,0.346903,1.71,6.0,1.0,0.202867,10.923345,0.7736,1.0,6.39478,11.71,2.0,0.0,2.582002,0.4014,0
Q-01653,REP-07,Bronze,3,1.994667,5.04,3.0,3.0,1.0,9.798183,0.066667,0.0,6.994667,10.04,1.0,1.0,-2.151376,1.8699,2
Q-01654,REP-02,Bronze,2,0.432689,7.62,2.0,2.0,1.0,11.975911,0.0,0.0,5.432689,12.62,0.0,0.0,-0.757291,2.3439,2
Q-01655,REP-06,Bronze,1,3.64,3.64,1.0,1.0,1.0,8.779711,0.0,0.0,8.64,8.64,2.0,1.0,2.518538,1.8334,1
Q-01656,REP-08,Silver,4,1.727195,3.81,4.0,2.0,0.834868,11.307757,0.834868,1.0,11.278103,13.81,0.0,1.0,1.589707,3.2379,2
Q-01657,REP-03,Silver,3,0.0,0.0,3.0,0.0,0.0,9.344959,0.979021,1.0,3.139021,8.2,2.0,1.0,-1.139815,0.2638,0
Q-01658,REP-07,Gold,3,0.0,0.0,3.0,0.0,0.0,11.555995,0.758621,2.0,9.928966,10.87,1.0,0.0,0.782923,0.5472,0
Q-01659,REP-03,Bronze,4,0.433101,3.4,4.0,3.0,0.329609,9.687258,0.27933,0.0,2.081145,8.4,2.0,1.0,-2.197691,0.8217,0
Q-01660,REP-01,Bronze,1,0.0,0.0,1.0,0.0,0.0,8.881975,1.0,0.0,0.0,0.0,0.0,0.0,-5.575847,0.61,0
Q-01661,REP-08,Bronze,3,4.269504,6.68,3.0,3.0,1.0,11.702727,0.297767,0.0,9.269504,11.68,0.0,1.0,-0.418893,4.9847,2
Q-01662,REP-04,Silver,1,0.0,0.0,1.0,0.0,0.0,4.51086,0.0,1.0,5.57,5.57,0.0,0.0,-0.223996,0.0,0
Q-01663,REP-06,Silver,5,0.0,0.0,5.0,0.0,0.0,11.369644,0.870167,1.0,3.61577,6.94,2.0,0.0,-2.505691,0.3807,0
Q-01664,REP-06,Bronze,2,0.0,0.0,2.0,0.0,0.0,10.821796,0.413174,0.0,1.71521,3.64,2.0,0.0,-4.406252,0.0447,0
Q-01665,REP-07,Silver,3,0.0,0.0,3.0,0.0,0.0,11.749191,0.272404,1.0,6.196901,7.55,1.0,0.0,-2.949142,0.6852,1
Q-01666,REP-04,Bronze,6,0.326908,1.67,6.0,3.0,0.272308,11.082158,0.813846,0.0,3.668092,6.67,0.0,0.0,-2.125904,1.3958,1
Q-01667,REP-05,Gold,4,0.0,0.0,4.0,0.0,0.0,11.929535,0.356013,2.0,5.653062,7.73,2.0,0.0,1.840284,0.4198,0
Q-01668,REP-06,Gold,3,0.0,0.0,3.0,0.0,0.0,11.57403,0.135466,2.0,6.915682,9.62,2.0,0.0,0.79422,0.0,0
Q-01669,REP-07,Gold,4,0.0,0.0,4.0,0.0,0.0,10.850618,0.793174,2.0,6.565802,7.08,1.0,0.0,-2.58024,0.126,0
Q-01670,REP-04,Bronze,1,0.0,0.0,1.0,0.0,0.0,10.404293,1.0,0.0,0.81,0.81,0.0,0.0,-4.983996,0.825,0
Q-01671,REP-07,Silver,3,1.84266,2.37,3.0,1.0,0.777494,10.797042,0.777494,1.0,11.007325,12.37,1.0,0.0,1.861282,2.1234,2
Q-01672,REP-04,Silver,6,0.0,0.0,6.0,0.0,0.0,10.861131,0.949914,1.0,5.742827,9.57,0.0,1.0,-0.051169,1.1867,1
Q-01673,REP-08,Silver,2,0.0,0.0,2.0,0.0,0.0,5.545177,0.0,1.0,6.553529,7.73,0.0,0.0,-3.134867,0.0,0
Q-01674,REP-07,Silver,2,0.0,0.0,2.0,0.0,0.0,10.918736,0.869565,1.0,8.737826,9.06,1.0,0.0,-0.408217,0.4183,0
Q-01675,REP-04,Gold,4,0.0,0.0,4.0,0.0,0.0,11.955693,0.722543,2.0,7.821734,9.42,0.0,1.0,2.027738,1.7049,1
Q-01676,REP-01,Silver,2,0.0,0.0,2.0,0.0,0.0,10.845466,1.0,1.0,4.760351,4.99,0.0,0.0,-0.815496,0.7575,1
Q-01677,REP-05,Silver,5,0.0,0.0,5.0,0.0,0.0,11.536554,0.079109,1.0,1.831606,9.72,2.0,1.0,-1.981172,0.5268,0
Q-01678,REP-05,Gold,3,0.0,0.0,3.0,0.0,0.0,11.449996,0.894569,2.0,1.205623,4.37,2.0,0.0,-2.607155,0.2345,0
Q-01679,REP-06,Silver,5,0.0,0.0,5.0,0.0,0.0,11.086686,0.702963,1.0,2.669697,9.06,2.0,0.0,-3.451765,0.1108,0
Q-01680,REP-03,Bronze,2,0.023746,1.31,2.0,1.0,0.018127,11.975911,0.0,0.0,2.303958,6.31,2.0,1.0,-1.974879,1.3281,1
Q-01681,REP-07,Bronze,4,2.122628,7.48,4.0,2.0,0.480519,9.88512,0.0,0.0,6.865027,12.48,1.0,0.0,-2.281016,1.5779,1
Q-01682,REP-03,Silver,3,0.0,0.0,3.0,0.0,0.0,10.859018,0.884615,1.0,0.926538,2.19,2.0,0.0,-3.352298,0.0999,0
Q-01683,REP-06,Silver,5,0.0,0.0,5.0,0.0,0.0,11.263001,0.564935,1.0,3.401461,8.45,2.0,0.0,-2.72,0.1398,0
Q-01684,REP-01,Gold,3,0.0,0.0,3.0,0.0,0.0,10.811262,0.0,2.0,7.114357,10.95,0.0,1.0,1.53851,0.4231,0
Q-01685,REP-01,Bronze,4,0.599575,0.69,4.0,2.0,0.946606,11.751793,0.021263,0.0,5.556051,5.69,0.0,0.0,-0.019796,1.3976,1
Q-01686,REP-06,Silver,2,0.0,0.0,2.0,0.0,0.0,10.96649,1.0,1.0,5.46772,5.69,2.0,1.0,-0.653741,0.6625,0
Q-01687,REP-06,Bronze,3,0.29342,8.77,3.0,1.0,0.033457,10.382234,0.966543,0.0,0.460706,13.77,2.0,0.0,-5.660755,1.2885,1
Q-01688,REP-07,Silver,5,1.590764,3.21,5.0,4.0,0.792576,11.319838,0.614993,1.0,11.298297,13.21,1.0,1.0,2.152254,2.1286,1
Q-01689,REP-08,Silver,4,0.0,0.0,4.0,0.0,0.0,12.078699,0.406633,1.0,6.213771,9.71,0.0,0.0,-3.474625,1.471,1
Q-01690,REP-02,Silver,5,0.799873,4.84,5.0,1.0,0.165263,11.455254,0.006356,1.0,8.897707,14.84,0.0,1.0,2.707727,1.8885,1
Q-01691,REP-02,Silver,1,0.0,0.0,1.0,0.0,0.0,9.287394,1.0,1.0,0.97,0.97,0.0,0.0,-5.21998,0.42,0
Q-01692,REP-07,Silver,2,0.08801,1.0,2.0,1.0,0.08801,11.962733,0.08801,1.0,1.041071,11.0,1.0,0.0,-8.104971,1.019,0
Q-01693,REP-08,Bronze,3,5.699148,6.32,3.0,3.0,1.0,11.018646,0.0,0.0,10.699148,11.32,0.0,1.0,1.010751,4.0472,2
Q-01694,REP-05,Bronze,6,0.0,0.0,6.0,0.0,0.0,12.17159,0.153711,0.0,0.196364,4.7,2.0,0.0,-3.616414,1.0947,0
Q-01695,REP-07,Gold,2,0.0,0.0,2.0,0.0,0.0,10.474495,0.186441,2.0,5.433898,6.45,1.0,0.0,-3.712145,0.0,0
Q-01696,REP-05,Silver,1,0.0,0.0,1.0,0.0,0.0,10.146473,1.0,1.0,1.98,1.98,2.0,0.0,-1.832778,0.0,0
Q-01697,REP-02,Bronze,1,6.32,6.32,1.0,1.0,1.0,10.571343,0.0,0.0,11.32,11.32,0.0,1.0,5.13002,4.1246,2
Q-01698,REP-03,Silver,2,0.0,0.0,2.0,0.0,0.0,11.098939,0.332829,1.0,5.180212,7.52,2.0,1.0,0.901376,0.3639,0
Q-01699,REP-05,Silver,2,0.0,0.0,2.0,0.0,0.0,9.974924,0.921788,1.0,0.0,0.0,2.0,0.0,-3.812778,0.0,0
Q-01700,REP-02,Bronze,4,13.21722,15.89,4.0,4.0,1.0,11.623357,0.993956,0.0,18.21722,20.89,0.0,1.0,12.02724,14.7762,2
Q-01701,REP-07,Silver,3,1.507601,1.75,3.0,1.0,0.861486,10.477879,0.0,1.0,11.266723,11.75,1.0,0.0,2.12068,0.6017,0
Q-01702,REP-02,Bronze,3,2.916113,3.31,3.0,2.0,0.88181,11.998132,0.0,0.0,7.782558,8.31,0.0,0.0,1.592578,2.9426,2
Q-01703,REP-08,Silver,2,7.391273,7.41,2.0,2.0,1.0,10.270766,0.0,1.0,17.391273,17.41,0.0,0.0,7.702877,3.9401,2
Q-01704,REP-02,Silver,3,0.258486,9.0,3.0,1.0,0.028721,9.86011,0.971279,1.0,5.671227,19.0,0.0,1.0,-0.518753,2.0224,2
Q-01705,REP-06,Gold,3,0.0,0.0,3.0,0.0,0.0,9.9952,0.091241,2.0,11.781533,12.28,2.0,1.0,5.660071,0.0,0
Q-01706,REP-01,Gold,4,0.0,0.0,4.0,0.0,0.0,12.238157,0.095874,2.0,10.93796,12.02,0.0,0.0,5.362113,1.3337,1
Q-01707,REP-03,Silver,1,0.0,0.0,1.0,0.0,0.0,6.580639,0.0,1.0,5.13,5.13,2.0,0.0,0.851164,0.0,0
Q-01708,REP-04,Silver,1,0.0,0.0,1.0,0.0,0.0,7.313887,1.0,1.0,2.69,2.69,0.0,0.0,-3.103996,0.3425,0
Q-01709,REP-03,Bronze,5,1.549335,5.04,5.0,2.0,0.500391,11.759012,0.699765,0.0,5.56412,10.04,2.0,0.0,1.285284,2.3093,2
Q-01710,REP-06,Gold,2,0.0,0.0,2.0,0.0,0.0,6.943122,0.0,2.0,0.413768,5.71,2.0,0.0,-5.707693,0.0,0
Q-01711,REP-02,Bronze,2,5.185552,5.23,2.0,1.0,0.991501,10.653983,0.991501,0.0,10.155552,10.23,0.0,0.0,3.965573,5.8295,2
Q-01712,REP-06,Gold,3,0.0,0.0,3.0,0.0,0.0,10.507831,0.122951,2.0,7.83041,10.54,2.0,0.0,1.708948,0.0,0
Q-01713,REP-05,Gold,1,0.0,0.0,1.0,0.0,0.0,10.868587,0.0,2.0,4.76,4.76,2.0,0.0,0.947222,0.0,0
Q-01714,REP-06,Bronze,3,0.464601,1.15,3.0,2.0,0.414449,11.275949,0.414449,0.0,2.536844,6.15,2.0,0.0,-3.584617,0.8022,0
Q-01715,REP-08,Silver,2,2.322,3.87,2.0,1.0,0.6,10.357775,0.4,1.0,9.306,13.87,0.0,0.0,-0.382396,1.6634,1
Q-01716,REP-08,Silver,3,0.0,0.0,3.0,0.0,0.0,10.456107,0.0,1.0,6.655736,7.1,0.0,0.0,-3.03266,0.0696,0
Q-01717,REP-02,Silver,2,0.0,0.0,2.0,0.0,0.0,7.884577,0.677966,1.0,1.880847,2.19,0.0,0.0,-4.309132,0.175,0
Q-01718,REP-06,Gold,2,1.538752,1.55,2.0,1.0,0.992743,10.447293,0.0,2.0,16.447896,16.55,2.0,0.0,10.326434,0.0639,0
Q-01719,REP-06,Silver,3,0.0,0.0,3.0,0.0,0.0,10.882772,0.247887,1.0,2.718028,7.18,2.0,0.0,-3.403433,0.0,0
Q-01720,REP-07,Silver,3,0.0,0.0,3.0,0.0,0.0,9.167015,0.939948,1.0,5.362742,5.88,1.0,0.0,-3.783301,0.0768,0
Q-01721,REP-07,Gold,3,0.0,0.0,3.0,0.0,0.0,10.146473,0.505882,2.0,6.431647,8.11,1.0,0.0,-2.714396,0.0,0
Q-01722,REP-08,Silver,4,1.327638,6.76,4.0,2.0,0.574803,11.24113,0.425197,1.0,10.231575,16.76,0.0,0.0,0.543179,1.9501,1
Q-01723,REP-03,Bronze,2,1.124737,1.15,2.0,2.0,1.0,11.399768,0.053751,0.0,6.124737,6.15,2.0,1.0,1.845901,1.238,1
Q-01724,REP-01,Gold,2,0.0,0.0,2.0,0.0,0.0,10.697407,0.994575,2.0,2.664774,3.54,0.0,0.0,-2.911073,0.4757,0
Q-01725,REP-08,Silver,4,1.068659,3.17,4.0,2.0,0.349128,10.556099,0.10414,1.0,9.921822,13.17,0.0,0.0,0.233426,0.9549,1
Q-01726,REP-02,Gold,4,0.0,0.0,4.0,0.0,0.0,10.583575,0.471125,2.0,2.829179,8.86,0.0,0.0,-3.360801,0.1481,0
Q-01727,REP-06,Gold,5,0.0,0.0,5.0,0.0,0.0,10.664317,0.700935,2.0,6.353808,11.68,2.0,0.0,0.232347,0.0,0
Q-01728,REP-03,Silver,3,0.0,0.0,3.0,0.0,0.0,10.192456,0.224719,1.0,0.306742,1.82,2.0,0.0,-3.972095,0.0,0
Q-01729,REP-08,Gold,2,0.0,0.0,2.0,0.0,0.0,10.550617,0.0,2.0,10.505969,10.54,0.0,0.0,0.817572,0.0,0
Q-01730,REP-01,Bronze,2,0.0,0.0,2.0,0.0,0.0,9.301186,0.0,0.0,4.580274,4.72,0.0,0.0,-0.995573,0.0912,0
Q-01731,REP-02,Silver,2,0.0,0.0,2.0,0.0,0.0,9.357121,0.0,1.0,4.531192,7.08,0.0,0.0,-1.658788,0.0,0
Q-01732,REP-07,Silver,2,0.032653,0.04,2.0,1.0,0.816327,10.981914,0.816327,1.0,9.766327,10.04,1.0,0.0,0.620284,0.4508,0
Q-01733,REP-05,Bronze,5,1.850365,3.24,5.0,2.0,0.774839,10.779185,0.218704,0.0,6.433012,8.24,2.0,1.0,2.620234,1.5039,1
Q-01734,REP-05,Silver,2,0.0,0.0,2.0,0.0,0.0,8.527342,0.0,1.0,0.030495,1.54,2.0,0.0,-3.782283,0.0,0
Q-01735,REP-02,Silver,3,0.0,0.0,3.0,0.0,0.0,9.323758,0.839286,1.0,6.63625,9.85,0.0,0.0,0.44627,0.3349,0
Q-01736,REP-04,Bronze,3,0.869281,1.05,3.0,1.0,0.827887,10.223431,0.076253,0.0,5.517146,6.05,0.0,1.0,-0.27685,1.202,0
Q-01737,REP-06,Gold,1,0.0,0.0,1.0,0.0,0.0,8.699681,1.0,2.0,2.15,2.15,2.0,0.0,-3.971462,0.0,0
Q-01738,REP-03,Gold,3,0.0,0.0,3.0,0.0,0.0,10.03456,0.052632,2.0,8.814737,10.82,2.0,0.0,4.535901,0.0,0
Q-01739,REP-03,Silver,1,0.0,0.0,1.0,0.0,0.0,8.412055,1.0,1.0,0.0,0.0,2.0,0.0,-4.278836,0.0,0
Q-01740,REP-08,Silver,5,2.175739,4.91,5.0,3.0,0.49012,11.40563,0.576677,1.0,12.092154,14.91,0.0,1.0,2.403758,2.8335,2
Q-01741,REP-05,Bronze,4,1.994097,8.04,4.0,2.0,0.726284,11.898535,0.911255,0.0,6.020143,13.04,2.0,0.0,2.207365,3.438,2
Q-01742,REP-01,Silver,1,0.0,0.0,1.0,0.0,0.0,10.59666,1.0,1.0,5.87,5.87,0.0,1.0,0.294153,1.1133,1
Q-01743,REP-03,Silver,6,0.0,0.0,6.0,0.0,0.0,10.713106,0.614152,1.0,7.106909,9.83,2.0,0.0,2.828073,0.0,0
Q-01744,REP-05,Silver,3,0.0,0.0,3.0,0.0,0.0,10.110542,0.658537,1.0,3.977805,7.06,2.0,0.0,0.165027,0.0,0
Q-01745,REP-08,Gold,3,0.0,0.0,3.0,0.0,0.0,11.719134,0.153784,2.0,8.613312,11.04,0.0,1.0,-1.075085,1.1187,1
Q-01746,REP-01,Gold,4,0.0,0.0,4.0,0.0,0.0,10.800412,0.40783,2.0,4.860016,6.73,0.0,1.0,-0.715831,0.643,0
Q-01747,REP-05,Gold,5,0.0,0.0,5.0,0.0,0.0,11.249363,0.292854,2.0,1.114299,5.11,2.0,0.0,-2.698479,0.0,0
Q-01748,REP-01,Silver,2,0.0,0.0,2.0,0.0,0.0,8.616314,0.434783,1.0,3.579565,4.97,0.0,0.0,-1.996282,0.0651,0
Q-01749,REP-04,Silver,5,0.000427,1.18,5.0,1.0,0.000362,11.730421,0.923609,1.0,4.463418,11.18,0.0,0.0,-1.330577,1.4538,1
Q-01750,REP-04,Silver,2,0.0,0.0,2.0,0.0,0.0,9.677904,0.864662,1.0,9.090451,9.33,0.0,1.0,3.296455,0.8386,0
Q-01751,REP-08,Bronze,2,10.101423,10.17,2.0,2.0,1.0,10.795404,0.0,0.0,15.101423,15.17,0.0,1.0,5.413027,6.2179,2
Q-01752,REP-06,Silver,4,0.0,0.0,4.0,0.0,0.0,10.532123,0.584,1.0,5.81856,8.12,2.0,0.0,-0.302902,0.0,0
Q-01753,REP-02,Bronze,4,1.401495,3.05,4.0,3.0,0.775701,11.762913,0.280374,0.0,5.798131,8.05,0.0,1.0,-0.391849,2.9575,2
Q-01754,REP-02,Silver,1,0.0,0.0,1.0,0.0,0.0,11.512935,1.0,1.0,4.0,4.0,0.0,0.0,-2.18998,1.1633,1
Q-01755,REP-02,Gold,4,0.0,0.0,4.0,0.0,0.0,11.368489,0.953206,2.0,5.634662,6.4,0.0,0.0,-0.555318,0.8055,0
Q-01756,REP-06,Gold,2,0.0,0.0,2.0,0.0,0.0,9.499347,0.0,2.0,3.65618,3.8,2.0,0.0,-2.465282,0.0,0
Q-01757,REP-07,Silver,4,0.60287,10.14,4.0,3.0,0.529148,11.621789,0.496861,1.0,10.183812,20.14,1.0,0.0,1.037769,2.1667,2
Q-01758,REP-07,Silver,4,2.360672,5.92,4.0,2.0,0.40094,11.217896,0.51041,1.0,10.416145,15.92,1.0,0.0,1.270102,2.8199,2
Q-01759,REP-02,Silver,6,0.0,0.0,6.0,0.0,0.0,11.087375,0.700949,1.0,3.559636,9.63,0.0,0.0,-2.630344,0.71,0
Q-01760,REP-08,Bronze,2,5.320051,7.95,2.0,2.0,1.0,8.496174,0.0,0.0,10.320051,12.95,0.0,1.0,0.631655,3.5997,2
Q-01761,REP-08,Gold,3,3.990458,6.97,3.0,1.0,0.572519,9.662753,0.954198,2.0,12.742366,16.97,0.0,0.0,3.05397,4.3345,2
Q-01762,REP-07,Silver,3,1.773067,4.74,3.0,1.0,0.374065,10.781474,0.374065,1.0,11.241521,14.74,1.0,0.0,2.095478,2.0975,2
Q-01763,REP-05,Bronze,3,0.0,0.0,3.0,0.0,0.0,10.879951,0.152542,0.0,2.619322,2.93,2.0,0.0,-1.193456,0.0,0
Q-01764,REP-08,Silver,2,0.323396,2.14,2.0,1.0,0.151119,11.582461,0.151119,1.0,6.036549,12.14,0.0,0.0,-3.651848,1.2635,1
Q-01765,REP-02,Silver,4,0.0,0.0,4.0,0.0,0.0,9.940832,0.0,1.0,2.265029,4.22,0.0,0.0,-3.924951,0.0,0
Q-01766,REP-04,Silver,3,0.356034,1.07,3.0,1.0,0.332742,11.632494,0.423248,1.0,4.891313,11.07,0.0,0.0,-0.902683,1.3687,1
Q-01767,REP-01,Bronze,2,5.066667,5.18,2.0,2.0,1.0,9.980495,0.833333,0.0,10.066667,10.18,0.0,1.0,4.49082,5.5991,2
Q-01768,REP-02,Silver,6,0.0,0.0,6.0,0.0,0.0,9.887155,0.487929,1.0,8.886417,9.93,0.0,0.0,2.696437,0.2123,0
Q-01769,REP-02,Bronze,2,8.627368,9.22,2.0,2.0,1.0,10.545368,1.0,0.0,13.627368,14.22,0.0,1.0,7.437389,9.5779,2
Q-01770,REP-06,Bronze,1,0.57,0.57,1.0,1.0,1.0,8.922792,1.0,0.0,5.57,5.57,2.0,0.0,-0.551462,0.554,0
Q-01771,REP-08,Silver,2,2.633161,3.57,2.0,2.0,1.0,10.561033,1.0,1.0,12.633161,13.57,0.0,0.0,2.944764,3.2562,2
Q-01772,REP-05,Silver,1,0.0,0.0,1.0,0.0,0.0,9.532496,1.0,1.0,0.66,0.66,2.0,1.0,-3.152778,0.295,0
Q-01773,REP-07,Bronze,5,8.220748,15.83,5.0,4.0,0.991104,11.619904,0.0,0.0,13.218702,20.83,1.0,1.0,4.072659,6.2714,2
Q-01774,REP-02,Bronze,4,0.08158,0.22,4.0,1.0,0.370818,11.586185,0.629182,0.0,3.746914,5.22,0.0,0.0,-2.443065,1.3012,0
Q-01775,REP-04,Bronze,2,2.79283,3.72,2.0,2.0,1.0,9.451009,0.0,0.0,7.79283,8.72,0.0,0.0,1.998834,1.6882,1
Q-01776,REP-06,Gold,2,1.052381,2.21,2.0,1.0,0.47619,7.544861,0.47619,2.0,11.979524,12.21,2.0,0.0,5.858062,0.3648,0
Q-01777,REP-05,Gold,5,0.0,0.0,5.0,0.0,0.0,11.433893,0.457792,2.0,4.22974,4.99,2.0,0.0,0.416962,0.0,0
Q-01778,REP-05,Bronze,6,1.48638,11.76,6.0,3.0,0.288551,11.414883,0.539378,0.0,4.957756,16.76,2.0,1.0,1.144979,3.3197,2
Q-01779,REP-01,Silver,2,0.0,0.0,2.0,0.0,0.0,9.692828,0.611111,1.0,7.754444,9.82,0.0,0.0,2.178597,0.2511,0
Q-01780,REP-05,Silver,2,0.0,0.0,2.0,0.0,0.0,10.103403,0.0,1.0,5.181771,8.67,2.0,1.0,1.368993,0.0,0
Q-01781,REP-05,Silver,3,0.0,0.0,3.0,0.0,0.0,11.500863,0.009109,1.0,8.565648,8.62,2.0,0.0,4.75287,0.0083,0
Q-01782,REP-04,Silver,5,3.611856,4.62,5.0,1.0,0.781787,11.664796,0.079038,1.0,12.295979,14.62,0.0,0.0,6.501983,2.8187,2
Q-01783,REP-06,Gold,2,0.0,0.0,2.0,0.0,0.0,11.673351,0.058773,2.0,3.306516,3.36,2.0,0.0,-2.814945,0.0,0
Q-01784,REP-06,Silver,3,0.008669,0.04,3.0,1.0,0.21673,11.275949,0.21673,1.0,8.772776,10.04,2.0,1.0,2.651314,0.4184,0
Q-01785,REP-03,Silver,2,0.0,0.0,2.0,0.0,0.0,11.340962,0.997625,1.0,1.715914,1.72,2.0,0.0,-2.562922,0.4304,0
Q-01786,REP-05,Gold,2,0.0,0.0,2.0,0.0,0.0,10.594157,0.18797,2.0,4.14188,4.39,2.0,0.0,0.329102,0.0,0
Q-01787,REP-06,Gold,2,0.0,0.0,2.0,0.0,0.0,11.94925,0.07563,2.0,3.796555,4.61,2.0,0.0,-2.324907,0.2908,0
Q-01788,REP-04,Bronze,1,3.2,3.2,1.0,1.0,1.0,9.392745,1.0,0.0,8.2,8.2,0.0,1.0,2.406004,4.14,2
Q-01789,REP-07,Bronze,4,3.728608,6.76,4.0,4.0,1.0,10.00134,0.340059,0.0,8.728608,11.76,1.0,0.0,-0.417435,2.4704,2
Q-01790,REP-05,Silver,4,0.0,0.0,4.0,0.0,0.0,12.014313,0.760145,1.0,3.202604,7.38,2.0,0.0,-0.610173,0.9739,1
Q-01791,REP-02,Silver,2,0.0,0.0,2.0,0.0,0.0,10.859018,1.0,1.0,7.732308,8.05,0.0,0.0,1.542328,0.7633,1
Q-01792,REP-06,Bronze,2,0.0,0.0,2.0,0.0,0.0,9.392745,0.6,0.0,4.408,4.9,2.0,0.0,-1.713462,0.0,0
Q-01793,REP-07,Bronze,3,7.819762,14.88,3.0,3.0,1.0,12.094141,0.067107,0.0,12.819762,19.88,1.0,1.0,3.673719,7.0176,2
Q-01794,REP-04,Silver,6,1.072795,2.54,6.0,1.0,0.42236,11.296025,0.873292,1.0,6.843242,12.54,0.0,0.0,1.049246,2.1117,1
Q-01795,REP-07,Bronze,6,5.178132,6.32,6.0,6.0,1.0,11.09515,0.628702,0.0,10.178132,11.32,1.0,1.0,1.032089,5.1198,2
Q-01796,REP-06,Gold,1,0.0,0.0,1.0,0.0,0.0,7.901377,1.0,2.0,7.29,7.29,2.0,0.0,1.168538,0.0,0
Q-01797,REP-04,Gold,4,0.0,0.0,4.0,0.0,0.0,12.064515,0.192972,2.0,5.322863,5.83,0.0,0.0,-0.471133,1.1128,1
Q-01798,REP-08,Silver,3,1.138069,2.84,3.0,1.0,0.400729,10.114801,0.582878,1.0,6.670073,12.84,0.0,0.0,-3.018323,1.0968,1
Q-01799,REP-07,Gold,3,0.058667,0.44,3.0,1.0,0.133333,10.71444,0.346667,2.0,7.2448,12.44,1.0,0.0,-1.901243,0.0,0
Q-01800,REP-02,Gold,2,0.0,0.0,2.0,0.0,0.0,9.510519,1.0,2.0,3.873333,4.0,0.0,0.0,-2.316647,0.2225,0
Q-01801,REP-01,Bronze,1,3.73,3.73,1.0,1.0,1.0,8.674368,0.0,0.0,8.73,8.73,0.0,0.0,3.154153,2.0257,2
Q-01802,REP-02,Silver,6,0.0,0.0,6.0,0.0,0.0,11.890684,0.41878,1.0,4.511018,9.15,0.0,0.0,-1.678962,1.2262,1
Q-01803,REP-06,Gold,6,0.0,0.0,6.0,0.0,0.0,11.819903,0.558376,2.0,9.389594,10.85,2.0,1.0,3.268132,0.8499,0
Q-01804,REP-01,Silver,6,0.017922,0.09,6.0,1.0,0.199129,11.29416,0.647169,1.0,4.183454,10.09,0.0,0.0,-1.392393,0.8305,0
Q-01805,REP-06,Bronze,1,0.0,0.0,1.0,0.0,0.0,9.259226,0.0,0.0,3.31,3.31,2.0,1.0,-2.811462,0.0,0
Q-01806,REP-08,Bronze,3,2.313053,6.2,3.0,3.0,1.0,11.563153,0.798859,0.0,7.313053,11.2,0.0,0.0,-2.375343,3.4489,2
Q-01807,REP-02,Silver,6,0.0,0.0,6.0,0.0,0.0,11.049953,0.714967,1.0,7.799752,9.19,0.0,1.0,1.609772,1.1477,1
Q-01808,REP-05,Silver,3,0.004065,1.01,3.0,1.0,0.004025,11.961009,0.0,1.0,2.054752,11.01,2.0,0.0,-1.758026,0.5972,0
Q-01809,REP-07,Gold,3,2.53481,4.45,3.0,1.0,0.56962,10.073273,0.696203,2.0,12.475316,14.45,1.0,0.0,3.329274,2.4592,2
Q-01810,REP-08,Bronze,2,13.312136,13.62,2.0,2.0,1.0,9.933095,1.0,0.0,18.312136,18.62,0.0,0.0,8.62374,13.4021,2
Q-01811,REP-07,Gold,1,3.59,3.59,1.0,1.0,1.0,9.153876,0.0,2.0,18.59,18.59,1.0,1.0,9.443957,1.6915,1
Q-01812,REP-07,Silver,3,0.42724,1.49,3.0,1.0,0.286738,12.028147,0.301075,1.0,9.076595,11.49,1.0,0.0,-0.069448,1.5634,1
Q-01813,REP-01,Silver,2,0.0,0.0,2.0,0.0,0.0,10.515994,0.560976,1.0,3.297805,3.93,0.0,0.0,-2.278042,0.396,0
Q-01814,REP-07,Bronze,5,9.959907,12.25,5.0,4.0,0.934529,12.381185,0.117511,0.0,14.917351,17.25,1.0,0.0,5.771308,7.504,2
Q-01815,REP-04,Bronze,2,1.608392,2.0,2.0,1.0,0.804196,10.66665,1.0,0.0,6.35972,7.0,0.0,0.0,0.565724,2.4785,2
Q-01816,REP-02,Gold,2,0.0,0.0,2.0,0.0,0.0,9.755625,0.4,2.0,0.26,0.65,0.0,0.0,-5.92998,0.0,0
Q-01817,REP-06,Silver,2,0.0,0.0,2.0,0.0,0.0,9.119978,0.985222,1.0,1.762562,4.6,2.0,1.0,-4.3589,0.248,0
Q-01818,REP-02,Silver,6,5.194474,9.4,6.0,1.0,0.552604,11.857586,0.272051,1.0,13.378072,19.4,0.0,0.0,7.188092,4.3216,2
Q-01819,REP-02,Gold,4,1.512394,4.22,4.0,1.0,0.358387,10.824288,0.609258,2.0,13.261508,14.22,0.0,1.0,7.071528,2.4982,2
Q-01820,REP-05,Silver,1,0.0,0.0,1.0,0.0,0.0,11.552156,0.0,1.0,4.85,4.85,2.0,1.0,1.037222,0.4967,0
Q-01821,REP-03,Silver,5,0.0,0.0,5.0,0.0,0.0,12.313698,0.406331,1.0,1.399792,2.82,2.0,0.0,-2.879044,1.2595,1
Q-01822,REP-05,Gold,3,0.0,0.0,3.0,0.0,0.0,11.742457,0.254372,2.0,1.170111,4.6,2.0,0.0,-2.642666,0.1482,0
Q-01823,REP-05,Gold,4,0.0,0.0,4.0,0.0,0.0,11.625727,0.954976,2.0,5.55477,6.74,2.0,0.0,1.741993,0.4181,0
Q-01824,REP-02,Silver,4,0.0,0.0,4.0,0.0,0.0,12.097574,0.211776,1.0,8.32849,9.41,0.0,1.0,2.13851,1.8418,1
Q-01825,REP-07,Silver,3,4.456186,5.32,3.0,1.0,0.837629,11.259336,0.162371,1.0,13.67982,15.32,1.0,0.0,4.533777,2.6728,2
Q-01826,REP-08,Gold,1,0.0,0.0,1.0,0.0,0.0,10.203629,0.0,2.0,7.95,7.95,0.0,0.0,-1.738396,0.0,0
Q-01827,REP-08,Gold,5,0.0,0.0,5.0,0.0,0.0,11.0251,0.141705,2.0,11.005009,11.96,0.0,1.0,1.316612,0.5996,0
Q-01828,REP-03,Gold,4,0.0,0.0,4.0,0.0,0.0,12.406361,0.360139,2.0,4.160442,6.31,2.0,0.0,-0.118394,1.1943,1
Q-01829,REP-05,Silver,1,0.0,0.0,1.0,0.0,0.0,8.881975,0.0,1.0,6.49,6.49,2.0,1.0,2.677222,0.0,0
Q-01830,REP-06,Gold,4,0.0,0.0,4.0,0.0,0.0,10.126271,0.348139,2.0,6.143409,9.18,2.0,0.0,0.021948,0.0,0
Q-01831,REP-08,Gold,2,6.027838,7.69,2.0,2.0,1.0,11.211834,1.0,2.0,16.027838,17.69,0.0,1.0,6.339442,7.086,2
Q-01832,REP-06,Bronze,1,0.0,0.0,1.0,0.0,0.0,7.71913,0.0,0.0,0.0,0.0,2.0,0.0,-6.121462,0.0,0
Q-01833,REP-04,Silver,2,0.0,0.0,2.0,0.0,0.0,9.118335,0.394737,1.0,1.536842,1.75,0.0,0.0,-4.257154,0.0731,0
Q-01834,REP-06,Silver,3,1.004372,1.34,3.0,1.0,0.749532,10.597285,0.0,1.0,10.07564,11.34,2.0,0.0,3.954179,0.0828,0
Q-01835,REP-08,Silver,3,1.377778,1.86,3.0,1.0,0.740741,11.079076,0.740741,1.0,9.947222,11.86,0.0,0.0,0.258826,2.0893,1
Q-01836,REP-07,Gold,2,0.0,0.0,2.0,0.0,0.0,9.664659,0.628571,2.0,8.870286,9.26,1.0,0.0,-0.275757,0.0,0
Q-01837,REP-01,Silver,3,0.0,0.0,3.0,0.0,0.0,10.668746,0.558269,1.0,7.014634,7.48,0.0,0.0,1.438787,0.4453,0
Q-01838,REP-03,Gold,4,0.0,0.0,4.0,0.0,0.0,11.260623,0.498069,2.0,1.301351,3.35,2.0,0.0,-2.977485,0.0,0
Q-01839,REP-02,Bronze,1,6.66,6.66,1.0,1.0,1.0,10.540091,0.0,0.0,11.66,11.66,0.0,0.0,5.47002,3.8448,2
Q-01840,REP-03,Gold,4,0.0,0.0,4.0,0.0,0.0,11.802763,0.718455,2.0,3.065828,3.5,2.0,0.0,-1.213008,0.4687,0
Q-01841,REP-01,Gold,2,0.694085,0.88,2.0,1.0,0.788732,10.477316,1.0,2.0,9.090563,10.88,0.0,0.0,3.514716,1.0857,0
Q-01842,REP-05,Silver,3,0.0,0.0,3.0,0.0,0.0,11.541523,0.860058,1.0,1.344898,3.55,2.0,1.0,-2.46788,0.9605,1
Q-01843,REP-08,Bronze,4,4.081782,6.56,4.0,4.0,1.0,11.012067,0.316832,0.0,9.081782,11.56,0.0,0.0,-0.606614,3.831,2
Q-01844,REP-08,Gold,2,0.112539,5.41,2.0,2.0,1.0,10.503038,0.988332,2.0,10.170879,20.41,0.0,1.0,0.482482,1.5202,1
Q-01845,REP-02,Silver,2,0.0,0.0,2.0,0.0,0.0,10.907807,0.0,1.0,5.968462,6.91,0.0,0.0,-0.221518,0.235,0
Q-01846,REP-07,Silver,2,2.137008,5.2,2.0,2.0,1.0,10.835671,1.0,1.0,12.137008,15.2,1.0,1.0,2.990965,3.2704,2
Q-01847,REP-02,Bronze,2,0.79686,0.89,2.0,1.0,0.895349,10.851296,0.0,0.0,5.273605,5.89,0.0,0.0,-0.916375,0.8626,0
Q-01848,REP-07,Gold,3,2.926891,6.45,3.0,1.0,0.453782,10.770609,1.0,2.0,12.494538,16.45,1.0,1.0,3.348495,3.8248,2
Q-01849,REP-02,Silver,3,0.0,0.0,3.0,0.0,0.0,11.710144,0.591133,1.0,8.034975,9.33,0.0,1.0,1.844995,1.5701,1
Q-01850,REP-03,Silver,1,0.0,0.0,1.0,0.0,0.0,8.188967,0.0,1.0,2.74,2.74,2.0,0.0,-1.538836,0.0,0
Q-01851,REP-01,Bronze,4,1.453294,7.42,4.0,3.0,0.998149,11.890478,0.850072,0.0,6.453146,12.42,0.0,0.0,0.877299,3.2586,2
Q-01852,REP-01,Bronze,2,3.494322,3.59,2.0,1.0,0.973349,10.567103,0.0,0.0,8.373059,8.59,0.0,0.0,2.797212,2.1861,1
Q-01853,REP-06,Silver,3,0.0,0.0,3.0,0.0,0.0,11.863589,0.746479,1.0,4.744789,6.11,2.0,0.0,-1.376673,0.7739,0
Q-01854,REP-03,Bronze,2,0.0,0.0,2.0,0.0,0.0,8.971575,0.914286,0.0,2.251429,2.29,2.0,1.0,-2.027408,0.4185,1
Q-01855,REP-02,Gold,2,0.0,0.0,2.0,0.0,0.0,10.878066,1.0,2.0,1.649811,4.36,0.0,0.0,-4.540169,0.5517,0
Q-01856,REP-08,Silver,4,0.029828,0.13,4.0,1.0,0.229446,10.864771,0.717017,1.0,6.405621,10.13,0.0,1.0,-3.282775,1.0995,1
Q-01857,REP-02,Bronze,1,0.0,0.0,1.0,0.0,0.0,9.65509,0.0,0.0,4.9,4.9,0.0,0.0,-1.28998,0.13,0
Q-01858,REP-03,Bronze,2,1.09604,2.46,2.0,1.0,0.445545,8.70963,0.445545,0.0,4.582376,7.46,2.0,1.0,0.30354,1.3368,1
Q-01859,REP-03,Gold,1,0.5,0.5,1.0,1.0,1.0,10.785208,0.0,2.0,15.5,15.5,2.0,0.0,11.221164,0.0,0
Q-01860,REP-02,Gold,4,0.0,0.0,4.0,0.0,0.0,11.304683,1.0,2.0,7.631946,9.98,0.0,1.0,1.441966,1.2367,1
Q-01861,REP-04,Silver,5,0.0,0.0,5.0,0.0,0.0,10.896758,0.505556,1.0,2.751389,4.95,0.0,0.0,-3.042607,0.5081,0
Q-01862,REP-02,Silver,1,0.0,0.0,1.0,0.0,0.0,9.392745,1.0,1.0,7.14,7.14,0.0,1.0,0.95002,0.88,0
Q-01863,REP-05,Silver,2,0.0,0.0,2.0,0.0,0.0,12.095147,0.201117,1.0,2.015475,8.79,2.0,0.0,-1.797303,0.7823,0
Q-01864,REP-03,Bronze,3,1.083689,4.23,3.0,1.0,0.256191,10.466839,0.725875,0.0,2.364646,9.23,2.0,0.0,-1.914191,1.0124,0
Q-01865,REP-08,Gold,2,0.0,0.0,2.0,0.0,0.0,10.5574,0.975039,2.0,6.743744,6.89,0.0,0.0,-2.944652,0.4168,0
Q-01866,REP-03,Silver,4,0.0,0.0,4.0,0.0,0.0,11.304929,0.0,1.0,6.212009,6.3,2.0,0.0,1.933173,0.0,0
Q-01867,REP-05,Gold,2,0.0,0.0,2.0,0.0,0.0,11.072884,1.0,2.0,5.914783,6.01,2.0,0.0,2.102005,0.0467,0
Q-01868,REP-07,Bronze,5,10.435075,16.35,5.0,5.0,1.0,10.972087,0.267926,0.0,15.435075,21.35,1.0,1.0,6.289032,8.6769,2
Q-01869,REP-08,Bronze,4,4.534305,6.4,4.0,3.0,0.928251,9.501591,0.067265,0.0,9.342018,11.4,0.0,0.0,-0.346378,2.8962,2
Q-01870,REP-07,Silver,5,1.218837,2.2,5.0,1.0,0.554017,9.983269,0.98338,1.0,10.223657,12.2,1.0,0.0,1.077614,1.4672,2
Q-01871,REP-07,Silver,5,1.500672,6.0,5.0,2.0,0.37514,10.483494,0.87346,1.0,10.62318,16.0,1.0,1.0,1.477137,2.6145,2
Q-01872,REP-08,Bronze,5,3.404761,7.07,5.0,3.0,0.557484,12.124868,0.366052,0.0,7.002766,12.07,0.0,0.0,-2.68563,3.9889,2
Q-01873,REP-08,Silver,4,1.85287,7.61,4.0,1.0,0.243478,11.141876,0.391304,1.0,9.396,17.61,0.0,0.0,-0.292396,2.1855,2
Q-01874,REP-06,Silver,3,0.0,0.0,3.0,0.0,0.0,11.87549,0.012526,1.0,8.717432,8.93,2.0,0.0,2.595971,0.3844,0
Q-01875,REP-08,Bronze,4,3.862677,4.47,4.0,4.0,1.0,11.75195,0.232283,0.0,8.862677,9.47,0.0,0.0,-0.825719,3.4811,2
Q-01876,REP-07,Silver,4,0.16209,0.28,4.0,2.0,0.689891,11.894105,0.519126,1.0,9.227964,10.28,1.0,0.0,0.081922,1.1133,1
Q-01877,REP-07,Gold,3,0.0,0.0,3.0,0.0,0.0,9.03789,0.962567,2.0,7.025134,7.18,1.0,0.0,-2.120909,0.0,0
Q-01878,REP-03,Silver,1,0.0,0.0,1.0,0.0,0.0,11.184435,1.0,1.0,5.15,5.15,2.0,0.0,0.871164,0.33,0
Q-01879,REP-08,Gold,1,0.0,0.0,1.0,0.0,0.0,7.901377,1.0,2.0,5.71,5.71,0.0,0.0,-3.978396,0.1325,0
Q-01880,REP-06,Silver,5,0.0,0.0,5.0,0.0,0.0,11.0022,0.0,1.0,8.585661,9.98,2.0,0.0,2.4642,0.0,0
Q-01881,REP-03,Silver,3,0.0,0.0,3.0,0.0,0.0,8.678632,0.680851,1.0,6.93366,8.51,2.0,1.0,2.654823,0.0534,0
Q-01882,REP-05,Gold,3,0.0,0.0,3.0,0.0,0.0,10.528115,0.361446,2.0,2.788193,6.84,2.0,1.0,-1.024585,0.0,0
Q-01883,REP-05,Silver,3,0.0,0.0,3.0,0.0,0.0,10.799086,0.986217,1.0,3.10487,3.43,2.0,0.0,-0.707908,0.1305,0
Q-01884,REP-02,Silver,5,0.0,0.0,5.0,0.0,0.0,12.381206,0.163673,1.0,1.324492,6.4,0.0,0.0,-4.865488,1.8557,1
Q-01885,REP-02,Silver,5,0.0,0.0,5.0,0.0,0.0,11.999362,0.851522,1.0,5.518515,8.79,0.0,0.0,-0.671465,1.6038,1
Q-01886,REP-01,Silver,1,0.0,0.0,1.0,0.0,0.0,9.169623,0.0,1.0,4.79,4.79,0.0,0.0,-0.785847,0.0,0
Q-01887,REP-03,Silver,2,0.0,0.0,2.0,0.0,0.0,9.105091,0.333333,1.0,7.28,8.72,2.0,1.0,3.001164,0.0,0
Q-01888,REP-01,Silver,4,0.285434,1.41,4.0,1.0,0.202436,11.46001,0.30049,1.0,6.081389,11.41,0.0,1.0,0.505541,1.4606,1
Q-01889,REP-04,Gold,3,3.897895,5.29,3.0,1.0,0.736842,11.133143,0.263158,2.0,16.621579,20.29,0.0,0.0,10.827583,2.4938,2
Q-01890,REP-04,Bronze,3,0.729987,5.36,3.0,1.0,0.136192,10.587871,0.807062,0.0,3.795561,10.36,0.0,0.0,-1.998435,1.6705,1
Q-01891,REP-04,Silver,1,0.0,0.0,1.0,0.0,0.0,8.47658,0.0,1.0,9.63,9.63,0.0,0.0,3.836004,0.0,0
Q-01892,REP-01,Silver,4,0.027094,3.17,4.0,1.0,0.008547,10.925507,0.991453,1.0,3.940922,13.17,0.0,0.0,-1.634925,1.1485,1
Q-01893,REP-02,Silver,4,0.101974,1.54,4.0,1.0,0.066217,10.615849,0.235438,1.0,5.863427,11.54,0.0,1.0,-0.326553,0.9543,0
Q-01894,REP-08,Bronze,5,5.671732,9.5,5.0,4.0,0.971743,12.160557,0.396651,0.0,10.650256,14.5,0.0,0.0,0.96186,6.3193,2
Q-01895,REP-03,Silver,3,0.0,0.0,3.0,0.0,0.0,11.409241,0.0,1.0,2.250982,3.3,2.0,0.0,-2.027855,0.0,0
Q-01896,REP-01,Silver,4,0.0,0.0,4.0,0.0,0.0,11.795854,0.227581,1.0,5.507121,7.11,0.0,0.0,-0.068726,1.011,0
Q-01897,REP-03,Gold,4,0.0,0.0,4.0,0.0,0.0,10.563621,0.023256,2.0,5.056512,10.69,2.0,1.0,0.777675,0.0,0
Q-01898,REP-04,Gold,3,0.0,0.0,3.0,0.0,0.0,11.205054,0.510204,2.0,5.202245,8.78,0.0,0.0,-0.591751,0.4531,0
Q-01899,REP-01,Gold,1,0.0,0.0,1.0,0.0,0.0,7.313887,1.0,2.0,7.74,7.74,0.0,0.0,2.164153,0.1225,0
Q-01900,REP-06,Silver,2,0.220548,0.23,2.0,1.0,0.958904,9.637632,0.0,1.0,10.013014,10.23,2.0,0.0,3.891552,0.0,0
Q-01901,REP-03,Gold,3,0.0,0.0,3.0,0.0,0.0,10.787276,0.328512,2.0,2.972872,6.43,2.0,1.0,-1.305964,0.0,0
Q-01902,REP-04,Silver,3,0.0,0.0,3.0,0.0,0.0,9.212438,0.748503,1.0,4.870359,7.4,0.0,0.0,-0.923637,0.2752,0
Q-01903,REP-03,Silver,1,0.0,0.0,1.0,0.0,0.0,7.783641,0.0,1.0,3.36,3.36,2.0,0.0,-0.918836,0.0,0
Q-01904,REP-05,Bronze,3,2.408734,6.0,3.0,2.0,0.541485,10.038936,0.633188,0.0,6.858515,11.0,2.0,1.0,3.045738,2.1481,2
Q-01905,REP-02,Bronze,2,0.0,0.0,2.0,0.0,0.0,10.975088,0.753425,0.0,1.693425,2.04,0.0,0.0,-4.496555,0.9011,1
Q-01906,REP-05,Bronze,6,2.880955,5.15,6.0,3.0,0.620893,12.232865,0.365088,0.0,7.02957,10.15,2.0,0.0,3.216792,3.0892,2
Q-01907,REP-03,Gold,2,0.0,0.0,2.0,0.0,0.0,11.396403,0.494382,2.0,3.591573,4.17,2.0,0.0,-0.687263,0.0,0
Q-01908,REP-08,Silver,2,0.0,0.0,2.0,0.0,0.0,12.052344,0.166181,1.0,7.022245,7.79,0.0,0.0,-2.666151,1.3006,1
Q-01909,REP-04,Bronze,3,0.0,0.0,3.0,0.0,0.0,10.78469,0.46608,0.0,4.27506,4.82,0.0,0.0,-1.518936,0.6586,0
Q-01910,REP-05,Gold,3,0.0,0.0,3.0,0.0,0.0,11.76447,0.59098,2.0,4.461524,5.52,2.0,0.0,0.648746,0.3567,0
Q-01911,REP-02,Silver,6,0.029002,0.18,6.0,2.0,0.173708,10.729438,0.952277,1.0,7.999898,10.18,0.0,1.0,1.809918,1.1778,1
Q-01912,REP-02,Silver,2,0.0,0.0,2.0,0.0,0.0,10.93669,0.391459,1.0,4.069466,4.32,0.0,0.0,-2.120514,0.4636,0
Q-01913,REP-04,Silver,3,0.0,0.0,3.0,0.0,0.0,9.975855,1.0,1.0,1.353721,5.75,0.0,0.0,-4.440275,0.5092,0
Q-01914,REP-05,Silver,3,0.0,0.0,3.0,0.0,0.0,11.013715,0.688633,1.0,5.721713,5.98,2.0,0.0,1.908936,0.0646,0
Q-01915,REP-03,Silver,5,0.0,0.0,5.0,0.0,0.0,12.225807,0.405912,1.0,2.740534,4.06,2.0,0.0,-1.538302,1.1031,1
Q-01916,REP-06,Silver,6,0.0,0.0,6.0,0.0,0.0,11.703389,0.373615,1.0,4.112569,7.82,2.0,0.0,-2.008893,0.3937,0
Q-01917,REP-02,Silver,2,0.0,0.0,2.0,0.0,0.0,11.413116,1.0,1.0,5.832652,6.31,0.0,0.0,-0.357328,1.0842,0
Q-01918,REP-05,Bronze,5,0.0,0.0,5.0,0.0,0.0,12.440753,0.439304,0.0,1.711423,3.51,2.0,0.0,-2.101354,1.7491,2
Q-01919,REP-02,Silver,2,3.788235,4.6,2.0,1.0,0.823529,11.06274,0.0,1.0,12.602353,14.6,0.0,0.0,6.412373,2.4083,2
Q-01920,REP-03,Silver,3,0.0,0.0,3.0,0.0,0.0,10.729875,0.986871,1.0,1.475646,4.38,2.0,0.0,-2.803191,0.1036,0
Q-01921,REP-06,Silver,3,0.0,0.0,3.0,0.0,0.0,10.060534,1.0,1.0,4.481538,4.79,2.0,0.0,-1.639923,0.0,0
Q-01922,REP-08,Bronze,3,3.082566,5.9,3.0,3.0,1.0,11.283525,0.65283,0.0,8.082566,10.9,0.0,1.0,-1.60583,4.7041,2
Q-01923,REP-01,Silver,3,0.0,0.0,3.0,0.0,0.0,10.514367,0.895765,1.0,0.759772,0.91,0.0,0.0,-4.816075,0.5797,0
Q-01924,REP-07,Silver,4,0.0,0.0,4.0,0.0,0.0,9.427144,0.869565,1.0,6.57913,8.04,1.0,0.0,-2.566912,0.0618,0
Q-01925,REP-01,Gold,2,0.0,0.0,2.0,0.0,0.0,9.41132,0.981595,2.0,5.791227,5.84,0.0,0.0,0.21538,0.2018,0
Q-01926,REP-04,Bronze,4,6.437725,10.51,4.0,4.0,1.0,9.582318,0.496381,0.0,11.437725,15.51,0.0,1.0,5.643729,5.4064,2
Q-01927,REP-02,Silver,4,0.0,0.0,4.0,0.0,0.0,10.674197,0.097166,1.0,4.028444,7.78,0.0,0.0,-2.161536,0.1936,0
Q-01928,REP-07,Silver,3,0.0,0.0,3.0,0.0,0.0,10.68627,0.082286,1.0,6.818034,7.03,1.0,0.0,-2.328009,0.0,0
Q-01929,REP-04,Silver,5,0.0,0.0,5.0,0.0,0.0,11.493243,0.015298,1.0,6.573248,9.08,0.0,0.0,0.779252,0.6055,0
Q-01930,REP-05,Gold,4,0.0,0.0,4.0,0.0,0.0,12.263308,0.094438,2.0,5.772474,8.07,2.0,1.0,1.959696,1.2268,1
Q-01931,REP-01,Bronze,1,2.95,2.95,1.0,1.0,1.0,10.357775,1.0,0.0,7.95,7.95,0.0,1.0,2.374153,4.065,2
Q-01932,REP-02,Silver,4,0.0,0.0,4.0,0.0,0.0,11.664796,0.762887,1.0,2.406082,5.09,0.0,0.0,-3.783897,1.1696,1
Q-01933,REP-03,Silver,2,0.0,0.0,2.0,0.0,0.0,10.098273,0.62963,1.0,3.337778,5.0,2.0,1.0,-0.941058,0.1788,0
Q-01934,REP-03,Silver,3,0.0,0.0,3.0,0.0,0.0,11.62537,0.357462,1.0,3.348633,4.74,2.0,0.0,-0.930203,0.3091,0
Q-01935,REP-06,Bronze,3,5.490227,6.37,3.0,3.0,1.0,9.669725,0.960202,0.0,10.490227,11.37,2.0,1.0,4.368766,5.8224,2
Q-01936,REP-07,Silver,4,0.0,0.0,4.0,0.0,0.0,10.493383,0.390852,1.0,6.120998,8.79,1.0,0.0,-3.025045,0.0,0
Q-01937,REP-06,Silver,4,3.646479,7.45,4.0,1.0,0.48946,11.246561,0.48946,1.0,11.663356,17.45,2.0,1.0,5.541894,4.4202,2
Q-01938,REP-06,Gold,2,0.0,0.0,2.0,0.0,0.0,10.798473,0.980693,2.0,9.160294,9.28,2.0,0.0,3.038833,0.0,0
Q-01939,REP-06,Bronze,3,7.030694,7.86,3.0,2.0,0.969152,11.66737,0.030848,0.0,11.960051,12.86,2.0,0.0,5.83859,4.207,2
Q-01940,REP-06,Silver,3,0.0,0.0,3.0,0.0,0.0,11.284154,0.926461,1.0,7.455959,7.99,2.0,0.0,1.334497,0.3525,1
Q-01941,REP-01,Gold,1,0.0,0.0,1.0,0.0,0.0,10.268165,0.0,2.0,2.09,2.09,0.0,0.0,-3.485847,0.0,0
Q-01942,REP-01,Silver,5,2.814941,7.65,5.0,2.0,0.540733,10.243916,0.284596,1.0,10.625379,17.65,0.0,1.0,5.049532,3.559,2
Q-01943,REP-07,Bronze,4,2.825391,3.37,4.0,3.0,0.898154,10.760686,0.986633,0.0,7.755118,8.37,1.0,0.0,-1.390925,3.3621,2
Q-01944,REP-08,Gold,4,0.0,0.0,4.0,0.0,0.0,10.336114,0.759124,2.0,7.304136,11.17,0.0,0.0,-2.38426,0.2344,0
Q-01945,REP-02,Silver,3,4.42608,4.95,3.0,1.0,0.894158,11.724652,0.0,1.0,14.107388,14.95,0.0,0.0,7.917408,3.2133,2
Q-01946,REP-03,Bronze,3,0.715414,1.95,3.0,1.0,0.366879,9.88461,0.978344,0.0,3.901146,6.95,2.0,0.0,-0.37769,0.9171,1
Q-01947,REP-07,Silver,1,5.9,5.9,1.0,1.0,1.0,8.412055,1.0,1.0,15.9,15.9,1.0,1.0,6.753957,6.1225,2
Q-01948,REP-02,Bronze,2,0.0,0.0,2.0,0.0,0.0,8.155075,0.862069,0.0,2.479655,4.79,0.0,0.0,-3.710325,0.5031,0
Q-01949,REP-08,Bronze,5,6.844883,10.88,5.0,5.0,1.0,11.435785,0.744261,0.0,11.844883,15.88,0.0,0.0,2.156486,6.9826,2
Q-01950,REP-01,Bronze,1,0.0,0.0,1.0,0.0,0.0,9.259226,1.0,0.0,4.63,4.63,0.0,0.0,-0.945847,0.6375,0
Q-01951,REP-07,Silver,1,0.0,0.0,1.0,0.0,0.0,8.101981,1.0,1.0,8.11,8.11,1.0,0.0,-1.036043,0.0575,0
Q-01952,REP-01,Bronze,5,2.091277,7.7,5.0,2.0,0.34134,11.278481,0.34134,0.0,6.174804,12.7,0.0,0.0,0.598957,3.4506,2
Q-01953,REP-04,Gold,4,0.0,0.0,4.0,0.0,0.0,10.658576,0.211491,2.0,2.538738,7.49,0.0,0.0,-3.255258,0.0309,0
Q-01954,REP-08,Bronze,2,3.713364,7.19,2.0,2.0,1.0,10.376642,0.747664,0.0,8.713364,12.19,0.0,1.0,-0.975032,4.2768,2
Q-01955,REP-02,Silver,6,0.0,0.0,6.0,0.0,0.0,11.375053,0.106749,1.0,6.716302,8.71,0.0,1.0,0.526322,1.0147,0
Q-01956,REP-06,Silver,2,0.0,0.0,2.0,0.0,0.0,8.962007,0.0,1.0,2.931538,4.39,2.0,0.0,-3.189923,0.0,0
Q-01957,REP-04,Gold,3,0.0,0.0,3.0,0.0,0.0,9.557187,0.339343,2.0,6.33281,9.28,0.0,0.0,0.538814,0.0,0
Q-01958,REP-04,Gold,3,0.0,0.0,3.0,0.0,0.0,11.404237,0.063545,2.0,3.440134,3.85,0.0,0.0,-2.353862,0.3424,0
Q-01959,REP-04,Bronze,4,1.054666,2.02,4.0,2.0,0.599185,11.286978,0.994046,0.0,4.240526,7.02,0.0,0.0,-1.553469,2.3196,2
Q-01960,REP-05,Silver,1,0.0,0.0,1.0,0.0,0.0,6.111467,0.0,1.0,1.5,1.5,2.0,0.0,-2.312778,0.0,0
Q-01961,REP-02,Silver,1,0.88,0.88,1.0,1.0,1.0,11.472114,1.0,1.0,10.88,10.88,0.0,1.0,4.69002,2.416,2
Q-01962,REP-07,Gold,4,1.259811,2.45,4.0,1.0,0.514208,11.210482,0.947226,2.0,10.463288,12.45,1.0,0.0,1.317245,1.7245,1
Q-01963,REP-06,Gold,1,0.0,0.0,1.0,0.0,0.0,8.412055,1.0,2.0,0.76,0.76,2.0,0.0,-5.361462,0.0,0
Q-01964,REP-04,Silver,5,0.0,0.0,5.0,0.0,0.0,11.515931,0.488534,1.0,3.942463,6.19,0.0,0.0,-1.851533,0.8845,1
Q-01965,REP-05,Silver,3,0.0,0.0,3.0,0.0,0.0,9.388152,0.920887,1.0,5.276618,7.34,2.0,0.0,1.46384,0.0,0
Q-01966,REP-05,Silver,3,0.242223,2.71,3.0,1.0,0.089381,11.089057,0.672269,1.0,4.188136,12.71,2.0,0.0,0.375358,0.495,0
Q-01967,REP-07,Silver,2,0.0,0.0,2.0,0.0,0.0,10.288784,0.663265,1.0,9.441429,9.63,1.0,0.0,0.295386,0.0898,0
Q-01968,REP-07,Silver,2,0.057522,1.3,2.0,1.0,0.044248,8.639588,0.0,1.0,9.828142,11.3,1.0,1.0,0.682099,0.1442,0
Q-01969,REP-03,Bronze,1,0.0,0.0,1.0,0.0,0.0,8.055475,0.0,0.0,0.0,0.0,2.0,0.0,-4.278836,0.0,0
Q-01970,REP-07,Gold,2,0.0,0.0,2.0,0.0,0.0,9.105091,1.0,2.0,7.48,11.06,1.0,1.0,-1.666043,0.335,0
Q-01971,REP-06,Gold,4,0.041981,0.62,4.0,1.0,0.067712,11.979805,0.067712,2.0,7.455235,10.62,2.0,1.0,1.333774,0.8799,1
Q-01972,REP-02,Bronze,1,3.83,3.83,1.0,1.0,1.0,9.798183,1.0,0.0,8.83,8.83,0.0,1.0,2.64002,4.7885,2
Q-01973,REP-02,Gold,4,0.0,0.0,4.0,0.0,0.0,11.289544,0.135034,2.0,8.1115,10.19,0.0,1.0,1.92152,0.7508,0
Q-01974,REP-03,Silver,4,0.0,0.0,4.0,0.0,0.0,11.233886,0.47191,1.0,2.886266,4.01,2.0,0.0,-1.392571,0.07,0
Q-01975,REP-03,Gold,3,0.0,0.0,3.0,0.0,0.0,10.419331,0.991045,2.0,3.160358,5.67,2.0,0.0,-1.118478,0.0,0
Q-01976,REP-05,Silver,1,0.0,0.0,1.0,0.0,0.0,11.066654,1.0,1.0,0.89,0.89,2.0,0.0,-2.922778,0.2633,0
Q-01977,REP-05,Bronze,3,4.923084,5.69,3.0,2.0,0.996309,11.806311,0.0,0.0,9.911715,10.69,2.0,1.0,6.098937,3.6611,2
Q-01978,REP-03,Silver,1,0.0,0.0,1.0,0.0,0.0,8.253488,0.0,1.0,4.53,4.53,2.0,0.0,0.251164,0.0,0
Q-01979,REP-01,Silver,6,0.594924,1.24,6.0,1.0,0.479777,11.365481,0.44617,1.0,7.975001,11.24,0.0,0.0,2.399153,1.1307,1
Q-01980,REP-08,Gold,6,0.196845,1.3,6.0,1.0,0.15142,11.750374,0.118297,2.0,9.019164,16.3,0.0,0.0,-0.669232,0.9074,1
Q-01981,REP-05,Gold,2,0.0,0.0,2.0,0.0,0.0,10.647233,0.998217,2.0,3.634296,6.04,2.0,0.0,-0.178482,0.0,0
Q-01982,REP-05,Bronze,3,0.0,0.0,3.0,0.0,0.0,11.573371,0.994069,0.0,2.006213,2.22,2.0,0.0,-1.806565,0.832,0
Q-01983,REP-07,Bronze,6,4.23806,14.72,6.0,6.0,1.0,11.206618,0.490389,0.0,9.23806,19.72,1.0,0.0,0.092017,5.0653,2
Q-01984,REP-04,Gold,2,0.0,0.0,2.0,0.0,0.0,11.187209,0.775623,2.0,5.791108,6.59,0.0,0.0,-0.002888,0.5883,0
Q-01985,REP-06,Silver,6,0.749238,3.01,6.0,2.0,0.252002,11.090965,0.875334,1.0,7.666866,13.01,2.0,1.0,1.545405,1.6121,1
Q-01986,REP-04,Bronze,2,0.387987,3.68,2.0,1.0,0.105431,9.147507,0.894569,0.0,4.672332,8.68,0.0,1.0,-1.121664,1.588,1
Q-01987,REP-07,Bronze,2,6.924914,7.39,2.0,2.0,1.0,11.304683,0.0,0.0,11.924914,12.39,1.0,1.0,2.778871,4.548,2
Q-01988,REP-02,Bronze,2,9.110769,9.87,2.0,1.0,0.923077,9.65509,1.0,0.0,13.884615,14.87,0.0,0.0,7.694636,9.4187,2
Q-01989,REP-04,Silver,3,0.0,0.0,3.0,0.0,0.0,11.251054,0.675676,1.0,1.709262,6.88,0.0,0.0,-4.084734,0.793,1
Q-01990,REP-06,Gold,5,0.0,0.0,5.0,0.0,0.0,11.218366,0.992146,2.0,4.978209,7.03,2.0,0.0,-1.143253,0.1264,0
Q-01991,REP-07,Silver,2,0.0,0.0,2.0,0.0,0.0,12.00286,0.0,1.0,8.990988,9.01,1.0,0.0,-0.155055,0.8402,0
Q-01992,REP-06,Bronze,3,1.601154,2.77,3.0,2.0,0.596154,9.65509,1.0,0.0,4.795962,7.77,2.0,0.0,-1.3255,1.7297,1
Q-01993,REP-07,Bronze,1,9.02,9.02,1.0,1.0,1.0,10.047631,0.0,0.0,14.02,14.02,1.0,0.0,4.873957,4.6731,2
Q-01994,REP-05,Bronze,3,0.880938,2.61,3.0,3.0,1.0,11.155121,0.371854,0.0,5.880938,7.61,2.0,0.0,2.06816,1.0395,1
Q-01995,REP-05,Gold,1,0.0,0.0,1.0,0.0,0.0,8.794976,1.0,2.0,4.78,4.78,2.0,0.0,0.967222,0.0,0
Q-01996,REP-06,Gold,3,0.0,0.0,3.0,0.0,0.0,10.953452,0.0,2.0,4.938189,8.25,2.0,0.0,-1.183273,0.0,0
Q-01997,REP-03,Gold,3,0.0,0.0,3.0,0.0,0.0,11.528809,0.079724,2.0,7.496604,8.97,2.0,0.0,3.217768,0.0,0
Q-01998,REP-06,Silver,3,0.0,0.0,3.0,0.0,0.0,10.348205,0.076923,1.0,6.7325,7.03,2.0,0.0,0.611038,0.0,0
Q-01999,REP-03,Silver,1,0.0,0.0,1.0,0.0,0.0,9.998843,1.0,1.0,1.43,1.43,2.0,0.0,-2.848836,0.0,0
Q-02000,REP-07,Gold,4,0.436946,0.82,4.0,2.0,0.689655,10.948013,0.54715,2.0,10.523336,15.53,1.0,1.0,1.377293,0.8431,0
Q-02001,REP-05,Bronze,2,0.0,0.0,2.0,0.0,0.0,12.052344,0.0,0.0,0.087638,1.67,2.0,0.0,-3.725139,0.8292,0
Q-02002,REP-05,Silver,4,0.0,0.0,4.0,0.0,0.0,10.1451,0.875712,1.0,5.436224,6.93,2.0,0.0,1.623446,0.0,0
Q-02003,REP-01,Silver,1,0.0,0.0,1.0,0.0,0.0,3.828641,0.0,1.0,5.72,5.72,0.0,1.0,0.144153,0.2304,0
Q-02004,REP-05,Silver,3,0.0,0.0,3.0,0.0,0.0,9.895506,0.31754,1.0,3.084728,6.62,2.0,0.0,-0.72805,0.0,0
Q-02005,REP-04,Silver,3,0.037573,0.72,3.0,1.0,0.052185,11.247018,0.052185,1.0,3.768487,10.72,0.0,0.0,-2.025509,0.5582,0
Q-02006,REP-08,Bronze,6,6.147358,13.68,6.0,5.0,0.826583,11.732511,0.0,0.0,10.994751,18.68,0.0,1.0,1.306354,5.5746,2
Q-02007,REP-07,Gold,2,0.0,0.0,2.0,0.0,0.0,8.268988,0.538462,2.0,8.774615,9.25,1.0,0.0,-0.371428,0.0,0
Q-02008,REP-06,Silver,4,0.0,0.0,4.0,0.0,0.0,11.289044,0.52039,1.0,7.121621,9.24,2.0,0.0,1.00016,0.1324,0
Q-02009,REP-08,Silver,3,7.466685,9.49,3.0,1.0,0.786795,11.417251,0.0,1.0,16.050396,19.49,0.0,0.0,6.362,4.7172,2
Q-02010,REP-06,Silver,4,0.640061,4.08,4.0,1.0,0.156878,11.097046,0.0,1.0,2.435529,14.08,2.0,0.0,-3.685933,0.4474,0
Q-02011,REP-03,Bronze,5,0.765063,1.26,5.0,1.0,0.607193,11.581061,0.189631,0.0,5.023428,6.26,2.0,0.0,0.744592,0.8563,0
Q-02012,REP-01,Silver,1,0.0,0.0,1.0,0.0,0.0,6.398595,1.0,1.0,5.68,5.68,0.0,1.0,0.104153,0.785,0
Q-02013,REP-07,Bronze,6,2.375917,3.12,6.0,5.0,0.92876,11.929007,0.168206,0.0,7.337447,8.12,1.0,0.0,-1.808596,2.4393,1
Q-02014,REP-04,Bronze,5,0.044448,6.48,5.0,2.0,0.057923,11.902336,0.08536,0.0,1.490749,11.48,0.0,0.0,-4.303247,2.0189,2
Q-02015,REP-04,Bronze,6,0.999801,4.15,6.0,4.0,0.479618,10.269033,0.249783,0.0,3.535898,9.15,0.0,0.0,-2.258098,1.3775,1
Q-02016,REP-04,Silver,2,0.0,0.0,2.0,0.0,0.0,10.218335,0.0,1.0,6.403723,7.03,0.0,0.0,0.609727,0.0083,0
Q-02017,REP-04,Gold,1,0.0,0.0,1.0,0.0,0.0,8.748464,1.0,2.0,2.22,2.22,0.0,1.0,-3.573996,0.6125,1
Q-02018,REP-06,Bronze,2,0.216264,3.28,2.0,1.0,0.065934,10.214679,1.0,0.0,4.235495,8.28,2.0,0.0,-1.885967,0.72,0
Q-02019,REP-03,Gold,3,0.0,0.0,3.0,0.0,0.0,11.420821,0.723684,2.0,5.790132,7.75,2.0,1.0,1.511295,0.568,0
Q-02020,REP-08,Silver,3,1.431942,3.11,3.0,1.0,0.460432,10.455964,0.935252,1.0,9.586619,13.11,0.0,0.0,-0.101778,2.1289,2
Q-02021,REP-04,Gold,3,0.0,0.0,3.0,0.0,0.0,10.617442,0.832517,2.0,3.363124,8.75,0.0,0.0,-2.430872,0.3582,0
Q-02022,REP-02,Silver,1,0.0,0.0,1.0,0.0,0.0,10.268165,0.0,1.0,4.97,4.97,0.0,0.0,-1.21998,0.02,0
Q-02023,REP-06,Gold,3,0.0,0.0,3.0,0.0,0.0,10.346602,0.317817,2.0,6.388636,7.12,2.0,1.0,0.267174,0.0,0
Q-02024,REP-01,Silver,2,0.0,0.0,2.0,0.0,0.0,10.939799,0.993348,1.0,8.943925,8.97,0.0,1.0,3.368078,1.2461,1
Q-02025,REP-06,Silver,6,0.0,0.0,6.0,0.0,0.0,11.593915,0.708258,1.0,5.244154,7.4,2.0,0.0,-0.877307,0.4732,1
Q-02026,REP-03,Gold,4,0.0,0.0,4.0,0.0,0.0,11.998439,0.338462,2.0,6.228585,8.09,2.0,0.0,1.949748,0.5003,1
Q-02027,REP-02,Silver,4,0.0,0.0,4.0,0.0,0.0,7.74327,0.650759,1.0,5.865141,8.11,0.0,1.0,-0.324839,0.6071,0
Q-02028,REP-07,Silver,5,0.094975,1.05,5.0,1.0,0.090452,10.997104,0.21608,1.0,8.571357,11.05,1.0,0.0,-0.574686,0.2517,0
Q-02029,REP-05,Silver,2,0.0,0.0,2.0,0.0,0.0,8.554682,0.809249,1.0,4.402312,5.44,2.0,0.0,0.589534,0.0,0
Q-02030,REP-08,Silver,3,0.0,0.0,3.0,0.0,0.0,10.987003,0.51269,1.0,8.429391,9.84,0.0,0.0,-1.259005,0.5545,0
Q-02031,REP-01,Bronze,1,0.47,0.47,1.0,1.0,1.0,6.698268,0.0,0.0,5.47,5.47,0.0,1.0,-0.105847,0.7058,0
Q-02032,REP-08,Silver,3,0.657212,2.45,3.0,2.0,0.36803,10.893047,0.821561,1.0,9.42487,12.45,0.0,1.0,-0.263526,1.8708,2
Q-02033,REP-01,Gold,2,0.0,0.0,2.0,0.0,0.0,8.47658,1.0,2.0,6.765,7.71,0.0,1.0,1.189153,0.6,0
Q-02034,REP-03,Silver,3,0.016156,0.38,3.0,1.0,0.042516,11.634267,0.193977,1.0,4.584269,10.38,2.0,1.0,0.305433,0.7329,0
Q-02035,REP-08,Silver,6,0.452325,3.83,6.0,2.0,0.403031,12.578674,0.45608,1.0,9.366094,13.83,0.0,0.0,-0.322303,3.2513,2
Q-02036,REP-08,Bronze,3,3.474459,6.2,3.0,2.0,0.844156,10.229946,0.151515,0.0,8.349784,11.2,0.0,0.0,-1.338613,2.8502,2
Q-02037,REP-06,Silver,3,0.0,0.0,3.0,0.0,0.0,9.830971,0.290323,1.0,6.448065,7.13,2.0,0.0,0.326603,0.0,0
Q-02038,REP-06,Bronze,2,0.028599,1.47,2.0,1.0,0.019455,8.768108,0.980545,0.0,4.567743,6.47,2.0,0.0,-1.553718,0.1666,0
Q-02039,REP-07,Gold,1,0.66,0.66,1.0,1.0,1.0,10.257694,1.0,2.0,10.66,10.66,1.0,0.0,1.513957,0.6745,0
Q-02040,REP-07,Silver,4,0.0,0.0,4.0,0.0,0.0,10.821796,0.790419,1.0,4.64976,8.96,1.0,0.0,-4.496282,0.3322,0
Q-02041,REP-04,Silver,4,0.016747,0.26,4.0,1.0,0.064412,10.238029,0.064412,1.0,8.305835,10.26,0.0,1.0,2.511839,0.541,0
Q-02042,REP-06,Silver,4,1.165274,2.54,4.0,2.0,0.662824,10.636841,0.511527,1.0,10.06621,12.54,2.0,0.0,3.944749,0.777,0
Q-02043,REP-07,Bronze,3,4.137062,5.14,3.0,3.0,1.0,9.680406,0.16875,0.0,9.137063,10.14,1.0,1.0,-0.00898,3.0434,2
Q-02044,REP-01,Bronze,4,8.334731,10.98,4.0,2.0,0.809961,10.731624,0.183486,0.0,13.081913,15.98,0.0,1.0,7.506066,5.6408,2
Q-02045,REP-06,Silver,2,0.0,0.0,2.0,0.0,0.0,9.31479,1.0,1.0,8.592162,9.54,2.0,1.0,2.470701,0.2725,0
Q-02046,REP-08,Gold,6,2.473247,4.39,6.0,2.0,0.728962,11.480929,0.440888,2.0,13.617274,19.39,0.0,0.0,3.928878,2.5874,2
Q-02047,REP-07,Silver,2,1.874074,2.53,2.0,1.0,0.740741,10.098273,0.0,1.0,11.443704,12.53,1.0,0.0,2.297661,0.7479,0
Q-02048,REP-04,Bronze,1,5.59,5.59,1.0,1.0,1.0,10.673619,0.0,0.0,10.59,10.59,0.0,0.0,4.796004,3.3227,2
Q-02049,REP-01,Silver,4,0.604073,0.91,4.0,2.0,0.701906,10.675353,0.693241,1.0,8.775095,10.91,0.0,1.0,3.199248,1.5761,2
Q-02050,REP-03,Silver,1,0.0,0.0,1.0,0.0,0.0,5.01728,0.0,1.0,1.67,1.67,2.0,1.0,-2.608836,0.0,0
Q-02051,REP-04,Bronze,3,0.143541,5.36,3.0,2.0,0.057008,10.462989,0.985855,0.0,0.890647,10.36,0.0,1.0,-4.903349,1.9622,2
Q-02052,REP-04,Silver,4,2.620405,5.63,4.0,1.0,0.465436,11.456736,0.465436,1.0,9.920496,15.63,0.0,0.0,4.1265,3.6442,2
Q-02053,REP-02,Silver,2,0.0,0.0,2.0,0.0,0.0,11.26191,1.0,1.0,9.739332,9.97,0.0,1.0,3.549352,1.4283,1
Q-02054,REP-04,Gold,1,0.0,0.0,1.0,0.0,0.0,8.839422,1.0,2.0,1.35,1.35,0.0,0.0,-4.443996,0.1675,0
Q-02055,REP-06,Gold,3,0.0,0.0,3.0,0.0,0.0,10.778977,0.0875,2.0,3.606625,4.84,2.0,0.0,-2.514837,0.0,0
Q-02056,REP-06,Silver,4,0.0,0.0,4.0,0.0,0.0,10.047631,0.441558,1.0,6.424026,9.3,2.0,0.0,0.302564,0.0,0
Q-02057,REP-04,Bronze,4,7.724481,10.37,4.0,4.0,1.0,10.220158,0.087432,0.0,12.724481,15.37,0.0,0.0,6.930485,4.9325,2
Q-02058,REP-08,Bronze,2,2.012991,3.27,2.0,2.0,1.0,11.159118,0.0,0.0,7.012991,8.27,0.0,0.0,-2.675405,1.7902,1
Q-02059,REP-04,Gold,3,0.0,0.0,3.0,0.0,0.0,11.225257,0.008,2.0,3.1052,5.85,0.0,0.0,-2.688796,0.1894,0
Q-02060,REP-04,Gold,2,0.0,0.0,2.0,0.0,0.0,11.582461,1.0,2.0,4.320597,7.94,0.0,0.0,-1.473399,1.0033,0
Q-02061,REP-07,Silver,2,0.0,0.0,2.0,0.0,0.0,9.31479,0.810811,1.0,6.032162,8.57,1.0,0.0,-3.113881,0.0184,0
Q-02062,REP-05,Silver,2,0.0,0.0,2.0,0.0,0.0,10.862857,1.0,1.0,4.958276,7.11,2.0,1.0,1.145498,0.615,0
Q-02063,REP-06,Silver,5,0.0,0.0,5.0,0.0,0.0,10.611302,0.295639,1.0,0.953788,7.53,2.0,0.0,-5.167674,0.0,0
Q-02064,REP-07,Gold,1,0.0,0.0,1.0,0.0,0.0,10.308986,1.0,2.0,6.86,6.86,1.0,0.0,-2.286043,0.06,0
Q-02065,REP-04,Silver,4,0.0,0.0,4.0,0.0,0.0,10.370393,0.134796,1.0,6.146207,7.85,0.0,1.0,0.352211,0.57,0
Q-02066,REP-08,Gold,4,0.0,0.0,4.0,0.0,0.0,11.383511,0.439335,2.0,6.091609,8.16,0.0,0.0,-3.596787,0.5338,0
Q-02067,REP-05,Silver,3,0.0,0.0,3.0,0.0,0.0,9.381854,0.977254,1.0,2.983985,4.37,2.0,0.0,-0.828793,0.0,0
Q-02068,REP-04,Silver,5,0.0,0.0,5.0,0.0,0.0,11.982935,0.7975,1.0,7.908925,9.81,0.0,1.0,2.114929,2.002,1
Q-02069,REP-02,Silver,3,0.0,0.0,3.0,0.0,0.0,11.188593,0.435685,1.0,3.452199,7.02,0.0,0.0,-2.737781,0.6221,0
Q-02070,REP-05,Bronze,2,0.106814,2.65,2.0,1.0,0.040307,10.860939,1.0,0.0,4.11833,7.65,2.0,1.0,0.305552,1.2154,1
Q-02071,REP-05,Silver,1,0.0,0.0,1.0,0.0,0.0,9.341456,1.0,1.0,2.3,2.3,2.0,0.0,-1.512778,0.0,0
Q-02072,REP-04,Bronze,1,11.53,11.53,1.0,1.0,1.0,9.575053,1.0,0.0,16.53,16.53,0.0,1.0,10.736004,12.0735,2
Q-02073,REP-07,Silver,4,5.749667,7.72,4.0,2.0,0.932235,11.590081,0.0611,1.0,15.550481,17.72,1.0,0.0,6.404439,3.6778,2
Q-02074,REP-04,Bronze,3,0.794953,1.26,3.0,1.0,0.630915,10.769558,0.895899,0.0,5.484448,6.26,0.0,0.0,-0.309548,1.6954,1
Q-02075,REP-05,Silver,3,0.0,0.0,3.0,0.0,0.0,10.085851,1.0,1.0,0.21675,1.85,2.0,0.0,-3.596028,0.0,0
Q-02076,REP-03,Silver,4,0.003952,0.15,4.0,1.0,0.026349,11.64269,0.079048,1.0,6.864441,10.15,2.0,1.0,2.585605,0.6421,0
Q-02077,REP-06,Silver,3,0.0,0.0,3.0,0.0,0.0,11.712604,0.06552,1.0,6.443473,6.84,2.0,0.0,0.322011,0.2335,0
Q-02078,REP-07,Silver,4,0.016572,0.41,4.0,1.0,0.04042,11.502481,0.953921,1.0,8.20861,10.41,1.0,1.0,-0.937433,1.3383,1
Q-02079,REP-03,Bronze,1,0.0,0.0,1.0,0.0,0.0,10.308986,1.0,0.0,2.8,2.8,2.0,0.0,-1.478836,0.2,0
Q-02080,REP-07,Silver,4,0.152982,6.37,4.0,1.0,0.024016,11.22459,0.290861,1.0,8.630574,16.37,1.0,0.0,-0.515469,1.0938,0
Q-02081,REP-02,Gold,2,0.0,0.0,2.0,0.0,0.0,9.635673,0.588235,2.0,4.641176,4.9,0.0,0.0,-1.548803,0.011,0
Q-02082,REP-03,Bronze,1,0.0,0.0,1.0,0.0,0.0,11.915058,0.0,0.0,4.4,4.4,2.0,1.0,0.121164,1.0958,1
Q-02083,REP-03,Bronze,2,0.500294,0.63,2.0,1.0,0.794118,9.923339,0.0,0.0,5.170882,5.63,2.0,1.0,0.892046,0.2994,0
Q-02084,REP-06,Gold,4,1.517019,2.29,4.0,1.0,0.662454,11.650302,0.858575,2.0,11.14837,14.29,2.0,1.0,5.026908,2.3645,2
Q-02085,REP-02,Silver,2,1.87907,5.05,2.0,1.0,0.372093,9.46506,0.627907,1.0,10.359535,15.05,0.0,1.0,4.169555,2.0276,1
Q-02086,REP-06,Bronze,4,6.690138,9.44,4.0,4.0,1.0,9.149634,0.350691,0.0,11.690138,14.44,2.0,1.0,5.568677,4.7281,2
Q-02087,REP-06,Silver,3,0.0,0.0,3.0,0.0,0.0,9.939385,0.578871,1.0,4.091476,5.02,2.0,0.0,-2.029985,0.0,0
Q-02088,REP-05,Silver,2,0.0,0.0,2.0,0.0,0.0,10.891187,0.256983,1.0,4.868045,5.86,2.0,0.0,1.055267,0.0,0
Q-02089,REP-05,Gold,2,0.0,0.0,2.0,0.0,0.0,9.185125,0.0,2.0,5.329231,6.46,2.0,0.0,1.516453,0.0,0
Q-02090,REP-05,Silver,6,0.0,0.0,6.0,0.0,0.0,11.518072,0.945133,1.0,4.459974,6.76,2.0,0.0,0.647196,0.5374,1
Q-02091,REP-06,Bronze,1,9.5,9.5,1.0,1.0,1.0,8.748464,1.0,0.0,14.5,14.5,2.0,1.0,8.378538,9.4775,2
Q-02092,REP-03,Bronze,5,0.721138,4.0,5.0,2.0,0.784803,11.822914,0.121021,0.0,4.922968,9.0,2.0,0.0,0.644131,1.3826,1
Q-02093,REP-01,Gold,6,0.0,0.0,6.0,0.0,0.0,11.963848,0.160535,2.0,2.396436,13.52,0.0,0.0,-3.179411,0.9564,0
Q-02094,REP-08,Silver,4,1.263158,2.46,4.0,2.0,0.757895,9.564582,0.715789,1.0,11.179053,12.46,0.0,0.0,1.490656,1.6156,1
Q-02095,REP-08,Gold,4,0.0,0.0,4.0,0.0,0.0,9.967213,0.33779,2.0,7.618994,10.59,0.0,1.0,-2.069403,0.3734,0
Q-02096,REP-04,Silver,2,0.0,0.0,2.0,0.0,0.0,10.524091,1.0,1.0,6.001855,6.2,0.0,0.0,0.207859,0.64,0
Q-02097,REP-03,Gold,4,0.0,0.0,4.0,0.0,0.0,11.137519,0.484716,2.0,1.712751,3.69,2.0,0.0,-2.566085,0.0,0
Q-02098,REP-02,Silver,3,0.095297,8.67,3.0,2.0,0.610811,10.924156,0.394595,1.0,7.950865,18.67,0.0,0.0,1.760885,1.4729,1
Q-02099,REP-05,Silver,3,0.0,0.0,3.0,0.0,0.0,11.355406,0.161545,1.0,2.889716,3.08,2.0,0.0,-0.923062,0.0,0
Q-02100,REP-06,Bronze,2,3.838737,4.09,2.0,1.0,0.938567,10.755368,0.938567,0.0,8.565973,9.09,2.0,0.0,2.444511,3.9813,2
Q-02101,REP-04,Silver,3,0.0,0.0,3.0,0.0,0.0,9.563529,0.0,1.0,2.780969,6.42,0.0,0.0,-3.013026,0.0,0
Q-02102,REP-05,Silver,6,0.0,0.0,6.0,0.0,0.0,10.81106,0.27237,1.0,1.358267,2.9,2.0,0.0,-2.454511,0.0,0
Q-02103,REP-04,Gold,2,0.0,0.0,2.0,0.0,0.0,10.75366,1.0,2.0,5.720962,5.97,0.0,0.0,-0.073034,0.5,0
Q-02104,REP-06,Gold,3,0.0,0.0,3.0,0.0,0.0,11.298816,0.986064,2.0,6.4928,6.83,2.0,0.0,0.371338,0.175,0
Q-02105,REP-04,Bronze,5,1.7042,6.44,5.0,2.0,0.28,11.695255,0.1625,0.0,5.2536,11.44,0.0,0.0,-0.540396,2.7424,2
Q-02106,REP-06,Silver,5,0.829224,2.27,5.0,1.0,0.365297,11.092869,0.392694,1.0,8.048447,12.27,2.0,0.0,1.926986,0.8897,0
Q-02107,REP-01,Bronze,1,0.59,0.59,1.0,1.0,1.0,11.870607,0.0,0.0,5.59,5.59,0.0,1.0,0.014153,1.9544,1
Q-02108,REP-04,Silver,1,0.0,0.0,1.0,0.0,0.0,3.828641,0.0,1.0,9.37,9.37,0.0,1.0,3.576004,0.2304,0
Q-02109,REP-02,Bronze,2,2.631498,3.67,2.0,2.0,1.0,11.959059,0.0,0.0,7.631498,8.67,0.0,0.0,1.441518,2.8108,2
Q-02110,REP-03,Silver,2,1.191304,1.37,2.0,1.0,0.869565,11.652696,1.0,1.0,9.886957,11.37,2.0,0.0,5.60812,1.8397,1
Q-02111,REP-08,Silver,5,0.54864,3.37,5.0,2.0,0.823667,11.538505,0.87143,1.0,9.89562,13.37,0.0,0.0,0.207224,1.9389,1
Q-02112,REP-01,Bronze,2,2.4741,3.58,2.0,2.0,1.0,11.014786,0.987411,0.0,7.4741,8.58,0.0,1.0,1.898253,3.9526,2
Q-02113,REP-04,Bronze,5,2.213197,7.33,5.0,3.0,0.681391,11.413669,0.628382,0.0,5.907399,12.33,0.0,0.0,0.113403,3.6024,2
Q-02114,REP-06,Gold,3,0.0,0.0,3.0,0.0,0.0,11.743251,0.122319,2.0,11.583455,12.63,2.0,0.0,5.461994,0.0764,0
Q-02115,REP-01,Silver,1,0.0,0.0,1.0,0.0,0.0,4.51086,0.0,1.0,4.27,4.27,0.0,0.0,-1.305847,0.0,0
Q-02116,REP-06,Silver,4,1.771575,2.26,4.0,1.0,0.783883,11.856274,0.210691,1.0,10.173007,12.26,2.0,0.0,4.051546,1.4632,0
Q-02117,REP-03,Silver,1,0.86,0.86,1.0,1.0,1.0,9.575053,1.0,1.0,10.86,10.86,2.0,0.0,6.581164,0.667,1
Q-02118,REP-01,Gold,4,0.0,0.0,4.0,0.0,0.0,10.526775,0.107239,2.0,4.740965,9.42,0.0,1.0,-0.834882,0.3798,0
Q-02119,REP-05,Silver,1,0.0,0.0,1.0,0.0,0.0,4.836282,0.0,1.0,1.27,1.27,2.0,0.0,-2.542778,0.0,0
Q-02120,REP-05,Silver,3,0.0,0.0,3.0,0.0,0.0,10.811766,0.927419,1.0,3.006935,3.23,2.0,0.0,-0.805842,0.1034,0
Q-02121,REP-01,Silver,2,0.0,0.0,2.0,0.0,0.0,10.422311,0.392857,1.0,2.796429,3.48,0.0,0.0,-2.779419,0.2761,0
Q-02122,REP-08,Silver,4,0.040546,1.98,4.0,2.0,0.123731,11.967822,0.060914,1.0,9.245888,11.98,0.0,1.0,-0.442508,1.8196,1
Q-02123,REP-05,Silver,2,0.0,0.0,2.0,0.0,0.0,10.208064,0.0,1.0,2.111416,2.16,2.0,0.0,-1.701362,0.0,0
Q-02124,REP-05,Bronze,4,0.070332,7.74,4.0,3.0,0.029862,11.096971,0.992876,0.0,2.072606,12.74,2.0,1.0,-1.740172,1.8373,1
Q-02125,REP-06,Gold,3,0.0,0.0,3.0,0.0,0.0,11.638685,0.777778,2.0,7.564074,9.21,2.0,0.0,1.442613,0.3328,0
Q-02126,REP-02,Bronze,5,1.597907,6.44,5.0,2.0,0.699918,11.021101,0.802944,0.0,5.756664,11.44,0.0,0.0,-0.433316,2.5241,2
Q-02127,REP-06,Gold,4,0.0,0.0,4.0,0.0,0.0,11.017333,0.19698,2.0,3.935693,5.92,2.0,0.0,-2.185769,0.0,0
Q-02128,REP-06,Silver,4,0.0,0.0,4.0,0.0,0.0,10.055393,0.579897,1.0,1.910567,5.52,2.0,0.0,-4.210895,0.0,0
Q-02129,REP-04,Bronze,2,0.0,0.0,2.0,0.0,0.0,11.960786,0.0,0.0,1.047085,3.28,0.0,0.0,-4.746911,1.3041,1
Q-02130,REP-01,Silver,3,0.0,0.0,3.0,0.0,0.0,11.27214,0.610687,1.0,1.178168,1.99,0.0,0.0,-4.397679,0.7709,0
Q-02131,REP-05,Gold,2,0.0,0.0,2.0,0.0,0.0,11.378262,0.732265,2.0,6.138421,7.37,2.0,0.0,2.325643,0.0911,0
Q-02132,REP-05,Gold,2,0.0,0.0,2.0,0.0,0.0,8.898502,0.409836,2.0,5.653279,6.35,2.0,1.0,1.840501,0.0,0
Q-02133,REP-03,Gold,2,0.0,0.0,2.0,0.0,0.0,9.348013,0.941176,2.0,0.240588,4.09,2.0,0.0,-4.038248,0.0,0
Q-02134,REP-06,Gold,4,0.0,0.0,4.0,0.0,0.0,11.014127,0.658707,2.0,5.72916,13.52,2.0,0.0,-0.392301,0.0,0
Q-02135,REP-04,Bronze,2,0.767368,2.43,2.0,1.0,0.315789,10.03456,0.0,0.0,4.152632,7.43,0.0,0.0,-1.641364,0.7796,0
Q-02136,REP-08,Bronze,2,6.55802,6.81,2.0,2.0,1.0,12.091228,0.0,0.0,11.55802,11.81,0.0,1.0,1.869624,5.4393,2
Q-02137,REP-05,Gold,3,0.0,0.0,3.0,0.0,0.0,10.211193,0.588127,2.0,1.761147,3.34,2.0,0.0,-2.051631,0.0,0
Q-02138,REP-05,Silver,2,0.0,0.0,2.0,0.0,0.0,10.785518,0.99348,1.0,8.63393,8.69,2.0,0.0,4.821153,0.129,0
Q-02139,REP-02,Silver,4,0.0,0.0,4.0,0.0,0.0,10.865726,0.183381,1.0,3.971547,4.99,0.0,0.0,-2.218433,0.3171,0
Q-02140,REP-02,Silver,2,0.0,0.0,2.0,0.0,0.0,9.169623,0.75,1.0,2.78,2.89,0.0,0.0,-3.40998,0.2725,1
Q-02141,REP-02,Bronze,2,2.424699,2.5,2.0,1.0,0.96988,10.81579,0.03012,0.0,7.375301,7.5,0.0,0.0,1.185321,1.7249,1
Q-02142,REP-01,Silver,4,0.898775,1.14,4.0,1.0,0.788399,10.477739,0.864423,1.0,9.53964,11.14,0.0,0.0,3.963792,1.4318,1
Q-02143,REP-04,Gold,3,0.0,0.0,3.0,0.0,0.0,12.31538,0.21515,2.0,4.56355,8.43,0.0,1.0,-1.230446,1.9875,1
Q-02144,REP-02,Bronze,1,2.78,2.78,1.0,1.0,1.0,10.540091,0.0,0.0,7.78,7.78,0.0,1.0,1.59002,2.2384,2
Q-02145,REP-05,Gold,2,0.0,0.0,2.0,0.0,0.0,10.502352,1.0,2.0,2.683516,4.44,2.0,0.0,-1.129261,0.0,0
Q-02146,REP-08,Bronze,2,11.385,14.5,2.0,2.0,1.0,10.181157,0.681818,0.0,16.385,19.5,0.0,0.0,6.696604,11.124,2
Q-02147,REP-01,Silver,2,0.0,0.0,2.0,0.0,0.0,11.171857,0.0,1.0,7.972532,8.17,0.0,1.0,2.396685,0.8225,1
Q-02148,REP-06,Bronze,2,0.0,0.0,2.0,0.0,0.0,11.27214,0.610687,0.0,2.398321,3.43,2.0,0.0,-3.723141,0.3909,0
Q-02149,REP-03,Silver,1,0.0,0.0,1.0,0.0,0.0,10.134639,0.0,1.0,0.0,0.0,2.0,0.0,-4.278836,0.0,0
Q-02150,REP-08,Bronze,4,8.877715,12.21,4.0,4.0,1.0,11.187209,0.921053,0.0,13.877715,17.21,0.0,1.0,4.189318,9.9911,2
Q-02151,REP-06,Bronze,4,1.089064,8.87,4.0,1.0,0.122781,12.020652,0.086669,0.0,2.021848,13.87,2.0,0.0,-4.099614,2.2654,2
Q-02152,REP-05,Bronze,1,0.0,0.0,1.0,0.0,0.0,9.980495,0.0,0.0,2.05,2.05,2.0,1.0,-1.762778,0.03,0
Q-02153,REP-08,Silver,2,2.481481,2.68,2.0,1.0,0.925926,10.385945,0.925926,1.0,12.088889,12.68,0.0,0.0,2.400493,2.9385,2
Q-02154,REP-07,Silver,1,0.0,0.0,1.0,0.0,0.0,8.507345,0.0,1.0,8.45,8.45,1.0,0.0,-0.696043,0.0,0
Q-02155,REP-05,Gold,2,0.0,0.0,2.0,0.0,0.0,12.118339,0.112991,2.0,7.806239,8.7,2.0,1.0,3.993461,0.9988,0
Q-02156,REP-05,Gold,3,0.0,0.0,3.0,0.0,0.0,10.083139,0.940046,2.0,0.32093,5.77,2.0,1.0,-3.491848,0.1265,0
Q-02157,REP-07,Silver,3,0.0,0.0,3.0,0.0,0.0,10.740757,1.0,1.0,6.690519,8.61,1.0,0.0,-2.455523,0.415,0
Q-02158,REP-02,Bronze,6,0.712753,3.68,6.0,3.0,0.314708,11.016184,0.162695,0.0,3.958702,8.68,0.0,0.0,-2.231278,1.3007,1
Q-02159,REP-04,Gold,1,0.0,0.0,1.0,0.0,0.0,10.540091,0.0,2.0,7.47,7.47,0.0,0.0,1.676004,0.0,0
Q-02160,REP-02,Gold,2,0.0,0.0,2.0,0.0,0.0,9.425532,1.0,2.0,4.812258,9.5,0.0,0.0,-1.377722,0.2133,0
Q-02161,REP-04,Silver,2,0.0,0.0,2.0,0.0,0.0,11.553453,0.0,1.0,5.276098,5.28,0.0,0.0,-0.517898,0.6478,0
Q-02162,REP-01,Silver,4,0.153892,2.79,4.0,1.0,0.055158,9.882315,0.944842,1.0,7.704402,12.79,0.0,0.0,2.128555,0.8344,0
Q-02163,REP-04,Silver,4,0.175552,0.22,4.0,1.0,0.797966,12.049775,0.04209,1.0,9.345738,10.22,0.0,0.0,3.551742,1.3266,1
Q-02164,REP-08,Gold,4,0.0,0.0,4.0,0.0,0.0,11.095909,0.572079,2.0,7.894203,8.74,0.0,0.0,-1.794193,0.4238,0
Q-02165,REP-02,Silver,6,0.0,0.0,6.0,0.0,0.0,12.296923,0.068487,1.0,3.005194,8.23,0.0,0.0,-3.184786,1.6428,1
Q-02166,REP-05,Gold,2,0.0,0.0,2.0,0.0,0.0,9.523763,0.0,2.0,3.742105,4.02,2.0,0.0,-0.070673,0.0,0
Q-02167,REP-08,Bronze,2,6.798187,7.54,2.0,2.0,1.0,10.108508,0.651731,0.0,11.798187,12.54,0.0,1.0,2.109791,6.7616,2
Q-02168,REP-03,Bronze,1,0.0,0.0,1.0,0.0,0.0,8.881975,0.0,0.0,0.11,0.11,2.0,0.0,-4.168836,0.0,0
Q-02169,REP-01,Bronze,3,7.273131,7.49,3.0,3.0,1.0,9.22582,0.945347,0.0,12.273131,12.49,0.0,1.0,6.697284,7.9071,2
Q-02170,REP-01,Bronze,3,0.0,0.0,3.0,0.0,0.0,12.059317,0.243196,0.0,2.095866,2.91,0.0,0.0,-3.479981,1.5729,2
Q-02171,REP-07,Gold,4,0.0,0.0,4.0,0.0,0.0,10.376331,0.224369,2.0,8.508361,9.97,1.0,0.0,-0.637682,0.0,0
Q-02172,REP-03,Bronze,2,0.0,0.0,2.0,0.0,0.0,10.633473,1.0,0.0,0.231325,1.28,2.0,0.0,-4.047511,0.2958,0
Q-02173,REP-05,Bronze,1,0.69,0.69,1.0,1.0,1.0,11.429555,1.0,0.0,5.69,5.69,2.0,1.0,1.877222,1.8222,2
Q-02174,REP-03,Silver,4,0.0,0.0,4.0,0.0,0.0,11.391616,0.338696,1.0,4.184725,4.79,2.0,0.0,-0.094111,0.1044,0
Q-02175,REP-05,Bronze,3,10.185406,10.66,3.0,2.0,0.971503,11.659628,0.045769,0.0,15.105043,15.66,2.0,1.0,11.292265,6.2962,2
Q-02176,REP-08,Silver,2,2.0,2.7,2.0,1.0,0.740741,10.098273,0.740741,1.0,11.372593,12.7,0.0,1.0,1.684196,2.8169,2
Q-02177,REP-04,Silver,6,0.0,0.0,6.0,0.0,0.0,12.211563,0.152163,1.0,3.899378,6.94,0.0,0.0,-1.894617,1.5395,1
Q-02178,REP-02,Silver,1,0.0,0.0,1.0,0.0,0.0,9.798183,1.0,1.0,3.29,3.29,0.0,0.0,-2.89998,0.48,0
Q-02179,REP-02,Gold,3,0.0,0.0,3.0,0.0,0.0,9.372969,0.849979,2.0,6.048228,6.49,0.0,0.0,-0.141752,0.1255,0
Q-02180,REP-07,Silver,1,0.0,0.0,1.0,0.0,0.0,10.59666,1.0,1.0,6.19,6.19,1.0,0.0,-2.956043,0.3633,0
Q-02181,REP-01,Bronze,1,1.04,1.04,1.0,1.0,1.0,6.398595,1.0,0.0,6.04,6.04,0.0,0.0,0.464153,1.543,1
Q-02182,REP-06,Gold,5,0.0,0.0,5.0,0.0,0.0,11.825551,0.136064,2.0,7.459188,9.34,2.0,0.0,1.337726,0.174,0
Q-02183,REP-03,Bronze,3,0.0,0.0,3.0,0.0,0.0,11.723194,0.104538,0.0,0.074344,1.39,2.0,0.0,-4.204493,0.4858,0
Q-02184,REP-02,Gold,1,0.0,0.0,1.0,0.0,0.0,10.328788,0.0,2.0,5.5,5.5,0.0,1.0,-0.68998,0.265,1
Q-02185,REP-05,Bronze,2,0.0,0.0,2.0,0.0,0.0,8.237744,0.0,0.0,3.143333,3.46,2.0,1.0,-0.669444,0.0,0
Q-02186,REP-04,Silver,2,0.0,0.0,2.0,0.0,0.0,10.616462,0.441176,1.0,5.945588,6.55,0.0,1.0,0.151592,0.8126,0
Q-02187,REP-01,Silver,1,0.0,0.0,1.0,0.0,0.0,9.392745,1.0,1.0,7.75,7.75,0.0,0.0,2.174153,0.43,0
Q-02188,REP-04,Silver,2,0.0,0.0,2.0,0.0,0.0,9.532496,0.478261,1.0,3.581304,5.59,0.0,0.0,-2.212692,0.158,0
Q-02189,REP-08,Bronze,6,1.885248,5.02,6.0,5.0,0.8,10.532123,0.608,0.0,6.441248,10.02,0.0,0.0,-3.247148,2.4935,2
Q-02190,REP-06,Bronze,2,0.0,0.0,2.0,0.0,0.0,11.981935,0.0,0.0,2.233814,2.26,2.0,0.0,-3.887648,0.732,0
Q-02191,REP-06,Silver,4,0.0,0.0,4.0,0.0,0.0,12.365215,0.208955,1.0,7.081407,8.25,2.0,0.0,0.959946,1.2491,1
Q-02192,REP-06,Silver,1,0.0,0.0,1.0,0.0,0.0,8.119994,0.0,1.0,4.13,4.13,2.0,0.0,-1.991462,0.0,0
Q-02193,REP-03,Gold,5,0.0,0.0,5.0,0.0,0.0,10.836852,0.992922,2.0,5.437769,7.73,2.0,1.0,1.158933,0.3799,0
Q-02194,REP-05,Bronze,6,0.493328,0.98,6.0,2.0,0.77211,11.822254,0.853578,0.0,5.088345,5.98,2.0,0.0,1.275567,1.4872,1
Q-02195,REP-04,Bronze,1,5.0,5.0,1.0,1.0,1.0,9.036106,0.0,0.0,10.0,10.0,0.0,1.0,4.206004,3.17,2
Q-02196,REP-07,Silver,3,0.0,0.0,3.0,0.0,0.0,8.396381,0.0,1.0,7.659932,7.93,1.0,0.0,-1.486111,0.0,0
Q-02197,REP-04,Bronze,5,5.910599,11.11,5.0,3.0,0.725392,10.464559,0.950071,0.0,10.726434,16.11,0.0,0.0,4.932438,6.9593,2
Q-02198,REP-08,Silver,2,3.369497,3.82,2.0,2.0,1.0,10.772708,1.0,1.0,13.369497,13.82,0.0,0.0,3.681101,3.9781,2
Q-02199,REP-04,Silver,2,0.0,0.0,2.0,0.0,0.0,9.345832,0.174672,1.0,5.146201,5.92,0.0,0.0,-0.647795,0.0,0
Q-02200,REP-03,Silver,2,0.0,0.0,2.0,0.0,0.0,11.144771,0.375723,1.0,3.269017,4.58,2.0,0.0,-1.009819,0.0,0
Q-02201,REP-07,Bronze,1,4.09,4.09,1.0,1.0,1.0,5.993961,0.0,0.0,9.09,9.09,1.0,1.0,-0.056043,2.321,2
Q-02202,REP-01,Silver,3,0.0,0.0,3.0,0.0,0.0,10.038936,0.764192,1.0,5.518122,7.43,0.0,1.0,-0.057725,0.8411,1
Q-02203,REP-03,Silver,1,0.0,0.0,1.0,0.0,0.0,8.412055,1.0,1.0,0.0,0.0,2.0,0.0,-4.278836,0.0,0
Q-02204,REP-05,Bronze,4,7.448554,11.36,4.0,1.0,0.655683,11.909693,0.338265,0.0,10.730235,16.36,2.0,0.0,6.917458,5.2032,2
Q-02205,REP-07,Silver,3,0.0,0.0,3.0,0.0,0.0,12.175619,0.530928,1.0,7.004691,8.39,1.0,0.0,-2.141352,1.3887,0
Q-02206,REP-06,Gold,2,0.0,0.0,2.0,0.0,0.0,10.775847,0.877743,2.0,6.814389,7.4,2.0,1.0,0.692927,0.2915,0
Q-02207,REP-07,Silver,2,0.067742,0.14,2.0,1.0,0.483871,9.137877,0.516129,1.0,7.631613,10.14,1.0,0.0,-1.51443,0.0,0
Q-02208,REP-03,Silver,4,0.0,0.0,4.0,0.0,0.0,10.952577,0.378284,1.0,0.253117,1.01,2.0,1.0,-4.025719,0.3139,0
Q-02209,REP-07,Bronze,2,6.364525,7.9,2.0,2.0,1.0,10.507148,0.984279,0.0,11.364525,12.9,1.0,1.0,2.218482,7.1592,2
Q-02210,REP-03,Bronze,5,1.172716,6.33,5.0,2.0,0.204422,11.470863,0.241969,0.0,5.661877,11.33,2.0,1.0,1.383041,2.4146,2
Q-02211,REP-01,Bronze,2,0.0,0.0,2.0,0.0,0.0,9.148571,0.0,0.0,2.078298,2.16,0.0,0.0,-3.497549,0.0783,0
Q-02212,REP-04,Silver,4,1.783062,2.3,4.0,1.0,0.775244,10.737505,0.156352,1.0,10.976775,12.3,0.0,0.0,5.182779,1.2516,1
Q-02213,REP-07,Silver,4,3.425059,5.85,4.0,1.0,0.58548,11.131972,0.74356,1.0,12.369016,15.85,1.0,0.0,3.222974,3.9788,2
Q-02214,REP-01,Gold,1,0.0,0.0,1.0,0.0,0.0,9.341456,1.0,2.0,0.0,0.0,0.0,0.0,-5.575847,0.205,0
Q-02215,REP-01,Bronze,1,5.86,5.86,1.0,1.0,1.0,9.998843,1.0,0.0,10.86,10.86,0.0,1.0,5.284153,6.7503,2
Q-02216,REP-04,Gold,2,3.418803,4.0,2.0,1.0,0.854701,10.242848,0.854701,2.0,12.916068,14.0,0.0,1.0,7.122072,4.0259,2
Q-02217,REP-06,Bronze,3,0.599764,4.58,3.0,2.0,0.149606,10.547996,0.03937,0.0,3.439764,9.58,2.0,0.0,-2.681698,0.5347,1
Q-02218,REP-05,Bronze,4,0.0,0.0,4.0,0.0,0.0,11.636037,0.766578,0.0,1.808037,2.93,2.0,0.0,-2.004741,0.7641,0
Q-02219,REP-01,Bronze,5,1.562496,4.83,5.0,3.0,0.733768,11.524765,0.252001,0.0,5.466754,9.83,0.0,0.0,-0.109093,2.1694,2
Q-02220,REP-04,Bronze,4,0.360281,0.48,4.0,1.0,0.750586,11.759012,0.752932,0.0,5.065887,5.48,0.0,0.0,-0.728108,1.8354,1
Q-02221,REP-05,Gold,2,0.0,0.0,2.0,0.0,0.0,10.27336,0.0,2.0,3.384456,4.0,2.0,0.0,-0.428322,0.0,0
Q-02222,REP-04,Silver,6,0.0,0.0,6.0,0.0,0.0,12.207552,0.239647,1.0,8.347368,9.49,0.0,1.0,2.553372,2.0309,1
Q-02223,REP-04,Gold,2,0.0,0.0,2.0,0.0,0.0,9.224342,0.976331,2.0,3.806213,5.3,0.0,0.0,-1.987783,0.1815,0
Q-02224,REP-02,Silver,2,0.0,0.0,2.0,0.0,0.0,9.809232,1.0,1.0,7.949451,8.0,0.0,1.0,1.759471,0.9317,1
Q-02225,REP-04,Bronze,1,5.81,5.81,1.0,1.0,1.0,6.111467,0.0,0.0,10.81,10.81,0.0,0.0,5.016004,3.0831,2
Q-02226,REP-07,Silver,3,0.0,0.0,3.0,0.0,0.0,8.707152,0.44665,1.0,9.720844,10.0,1.0,1.0,0.574801,0.226,0
Q-02227,REP-02,Silver,4,0.0,0.0,4.0,0.0,0.0,9.286004,0.417246,1.0,1.816843,6.58,0.0,0.0,-4.373137,0.0994,0
Q-02228,REP-05,Silver,1,0.0,0.0,1.0,0.0,0.0,9.472782,0.0,1.0,0.0,0.0,2.0,0.0,-3.812778,0.0,0
Q-02229,REP-02,Bronze,5,1.553444,2.45,5.0,3.0,0.962968,10.536646,0.448633,0.0,6.496379,7.45,0.0,0.0,0.306399,1.9197,1
Q-02230,REP-02,Gold,6,0.0,0.0,6.0,0.0,0.0,11.407576,0.3,2.0,5.929333,7.99,0.0,0.0,-0.260647,0.475,0
Q-02231,REP-08,Gold,3,0.0,0.0,3.0,0.0,0.0,10.70439,0.040404,2.0,9.532323,11.59,0.0,0.0,-0.156073,0.0,0
Q-02232,REP-04,Silver,3,0.0,0.0,3.0,0.0,0.0,11.599112,1.0,1.0,4.165321,5.66,0.0,0.0,-1.628675,1.2383,1
Q-02233,REP-07,Gold,4,0.536101,1.98,4.0,1.0,0.270758,11.615491,0.848375,2.0,9.988303,11.98,1.0,0.0,0.84226,1.3181,0
Q-02234,REP-03,Bronze,3,3.263358,3.99,3.0,2.0,0.825871,11.477101,0.0,0.0,8.084005,8.99,2.0,1.0,3.805169,2.4635,2
Q-02235,REP-04,Silver,3,0.0,0.0,3.0,0.0,0.0,11.232894,0.0,1.0,8.873639,9.3,0.0,0.0,3.079643,0.4098,0
Q-02236,REP-04,Bronze,1,1.94,1.94,1.0,1.0,1.0,9.84697,0.0,0.0,6.94,6.94,0.0,0.0,1.146004,1.1857,1
Q-02237,REP-05,Gold,4,0.0,0.0,4.0,0.0,0.0,10.417837,0.340807,2.0,1.393722,2.96,2.0,0.0,-2.419056,0.0,0
Q-02238,REP-08,Silver,2,5.092683,5.8,2.0,1.0,0.878049,8.318986,0.0,1.0,14.996341,15.8,0.0,1.0,5.307945,3.0411,2
Q-02239,REP-04,Silver,3,0.0,0.0,3.0,0.0,0.0,9.155462,0.158479,1.0,7.115753,8.79,0.0,0.0,1.321757,0.0,0
Q-02240,REP-04,Gold,3,0.0,0.0,3.0,0.0,0.0,12.013707,0.032727,2.0,7.278945,7.54,0.0,0.0,1.48495,0.953,1
Q-02241,REP-03,Bronze,5,1.021207,2.43,5.0,4.0,0.998984,12.4137,0.34938,0.0,6.016311,7.43,2.0,0.0,1.737475,2.5815,2
Q-02242,REP-02,Gold,5,1.951952,4.1,5.0,4.0,0.904382,11.229249,0.318725,2.0,14.531235,17.67,0.0,1.0,8.341255,2.4206,2
Q-02243,REP-07,Gold,3,0.0,0.0,3.0,0.0,0.0,10.75686,0.440895,2.0,8.20623,9.49,1.0,0.0,-0.939813,0.0,0
Q-02244,REP-07,Gold,4,1.52628,7.55,4.0,1.0,0.202156,10.703716,0.673854,2.0,10.501159,22.55,1.0,0.0,1.355116,1.4732,1
Q-02245,REP-02,Silver,2,0.0,0.0,2.0,0.0,0.0,11.245059,1.0,1.0,4.0,5.1,0.0,0.0,-2.18998,0.9675,0
Q-02246,REP-06,Silver,2,0.0,0.0,2.0,0.0,0.0,10.422311,0.142857,1.0,6.177143,6.79,2.0,0.0,0.055681,0.0,0
Q-02247,REP-04,Silver,3,0.770257,1.01,3.0,1.0,0.762631,11.560772,0.839847,1.0,10.294719,11.01,0.0,0.0,4.500723,1.8742,1
Q-02248,REP-06,Gold,1,0.0,0.0,1.0,0.0,0.0,9.328212,0.0,2.0,0.24,0.24,2.0,0.0,-5.881462,0.0,0
Q-02249,REP-07,Silver,3,0.233555,3.34,3.0,3.0,1.0,11.375627,0.0,1.0,10.233555,13.34,1.0,1.0,1.087512,1.1219,1
Q-02250,REP-03,Silver,2,1.464847,3.79,2.0,1.0,0.386503,10.797553,0.613497,1.0,5.532331,13.79,2.0,0.0,1.253495,0.9571,1
Q-02251,REP-04,Silver,2,0.0,0.0,2.0,0.0,0.0,9.743377,0.84507,1.0,1.62493,1.69,0.0,0.0,-4.169066,0.3868,0
Q-02252,REP-07,Gold,4,0.0,0.0,4.0,0.0,0.0,11.413171,0.159107,2.0,5.992947,7.53,1.0,0.0,-3.153096,0.1017,0
Q-02253,REP-05,Silver,5,0.0,0.0,5.0,0.0,0.0,10.99861,0.210738,1.0,0.937336,2.27,2.0,0.0,-2.875442,0.0,0
Q-02254,REP-01,Bronze,4,0.131626,1.61,4.0,2.0,0.588076,10.816091,0.0,0.0,4.65206,6.61,0.0,0.0,-0.923787,0.6475,0
Q-02255,REP-06,Bronze,4,1.277008,4.78,4.0,1.0,0.267156,11.916562,0.267156,0.0,6.125196,9.78,2.0,0.0,0.003735,2.3931,2
Q-02256,REP-04,Bronze,1,0.0,0.0,1.0,0.0,0.0,8.922792,1.0,0.0,0.96,0.96,0.0,0.0,-4.833996,0.6125,0
Q-02257,REP-03,Silver,6,5.011195,7.84,6.0,1.0,0.639183,11.792079,0.270045,1.0,12.711861,17.84,2.0,0.0,8.433025,3.3973,2
Q-02258,REP-07,Bronze,1,9.07,9.07,1.0,1.0,1.0,8.699681,1.0,0.0,14.07,14.07,1.0,1.0,4.923957,9.3665,2
Q-02259,REP-01,Silver,1,0.5,0.5,1.0,1.0,1.0,10.239996,1.0,1.0,10.5,10.5,0.0,0.0,4.924153,1.0383,0
Q-02260,REP-07,Silver,3,0.0,0.0,3.0,0.0,0.0,11.495942,0.0,1.0,8.990074,9.01,1.0,0.0,-0.155969,0.2993,0
Q-02261,REP-02,Silver,4,2.359927,4.85,4.0,1.0,0.486583,12.06486,0.414603,1.0,8.769249,14.85,0.0,0.0,2.579269,2.9799,2
Q-02262,REP-04,Silver,2,0.0,0.0,2.0,0.0,0.0,9.539716,1.0,1.0,5.525108,5.81,0.0,0.0,-0.268888,0.4458,0
Q-02263,REP-05,Bronze,4,0.0,0.0,4.0,0.0,0.0,10.727904,0.0,0.0,4.096257,4.29,2.0,1.0,0.28348,0.2301,0
Q-02264,REP-05,Silver,6,0.398714,4.48,6.0,1.0,0.088999,11.994122,0.447466,1.0,5.51293,14.48,2.0,1.0,1.700152,2.0522,1
Q-02265,REP-02,Silver,4,0.0,0.0,4.0,0.0,0.0,11.201715,0.627943,1.0,4.538071,6.57,0.0,0.0,-1.651909,0.7358,0
Q-02266,REP-07,Bronze,2,3.013443,4.3,2.0,2.0,1.0,10.795506,0.409836,0.0,8.013443,9.3,1.0,0.0,-1.1326,2.8109,2
Q-02267,REP-06,Silver,1,0.0,0.0,1.0,0.0,0.0,10.422311,0.0,1.0,4.64,4.64,2.0,0.0,-1.481462,0.0,0
Q-02268,REP-06,Gold,4,2.752907,9.47,4.0,1.0,0.290698,11.138974,0.290698,2.0,10.317093,19.47,2.0,1.0,4.195631,3.4974,2
Q-02269,REP-02,Silver,1,0.0,0.0,1.0,0.0,0.0,7.496097,1.0,1.0,1.95,1.95,0.0,0.0,-4.23998,0.345,0
Q-02270,REP-04,Bronze,4,1.09953,3.05,4.0,1.0,0.360502,11.756663,0.736677,0.0,5.157116,8.05,0.0,1.0,-0.63688,3.1776,2
Q-02271,REP-04,Gold,4,0.0,0.0,4.0,0.0,0.0,10.646163,0.471092,2.0,3.628608,6.68,0.0,0.0,-2.165388,0.1694,0
Q-02272,REP-07,Bronze,3,1.761138,4.81,3.0,3.0,1.0,10.486848,0.725446,0.0,6.761138,9.81,1.0,0.0,-2.384904,2.0747,2
Q-02273,REP-07,Bronze,2,2.243901,2.68,2.0,2.0,1.0,10.117227,0.96911,0.0,7.243901,7.68,1.0,0.0,-1.902142,2.5843,2
Q-02274,REP-07,Bronze,6,5.424718,6.14,6.0,6.0,1.0,11.526986,0.892373,0.0,10.424718,11.14,1.0,1.0,1.278675,6.5564,2
Q-02275,REP-01,Bronze,3,1.207692,1.92,3.0,2.0,0.769231,9.65509,0.769231,0.0,5.194615,6.92,0.0,1.0,-0.381232,2.2287,2
Q-02276,REP-01,Bronze,6,2.712679,8.66,6.0,3.0,0.452536,11.250274,0.858257,0.0,5.877789,13.66,0.0,0.0,0.301942,4.3413,2
Q-02277,REP-05,Bronze,2,0.0,0.0,2.0,0.0,0.0,10.338544,0.0,0.0,3.486796,3.58,2.0,0.0,-0.325982,0.0,0
Q-02278,REP-03,Silver,4,1.255004,4.98,4.0,1.0,0.252009,10.623058,0.672023,1.0,8.108561,14.98,2.0,1.0,3.829725,1.4168,1
Q-02279,REP-04,Gold,4,0.074961,0.36,4.0,2.0,0.222529,11.596816,0.994943,2.0,5.730198,10.36,0.0,0.0,-0.063798,1.116,1
Q-02280,REP-03,Silver,3,0.0,0.0,3.0,0.0,0.0,11.856522,0.184397,1.0,7.404397,9.98,2.0,1.0,3.125561,0.9064,1
Q-02281,REP-06,Silver,1,5.47,5.47,1.0,1.0,1.0,11.870607,0.0,1.0,15.47,15.47,2.0,1.0,9.348538,3.7208,2
Q-02282,REP-05,Gold,2,0.0,0.0,2.0,0.0,0.0,10.394549,0.0,2.0,8.45183,8.49,2.0,1.0,4.639052,0.0,0
Q-02283,REP-03,Gold,4,0.0,0.0,4.0,0.0,0.0,10.806713,0.202634,2.0,0.839554,5.37,2.0,0.0,-3.439282,0.0,0
Q-02284,REP-07,Silver,5,0.051056,0.87,5.0,1.0,0.058685,11.247409,0.426448,1.0,6.520055,10.87,1.0,0.0,-2.625988,0.4921,0
Q-02285,REP-02,Bronze,3,0.066414,10.13,3.0,1.0,0.006556,10.644138,0.0,0.0,4.313264,15.13,0.0,0.0,-1.876716,1.4917,1
Q-02286,REP-05,Silver,4,0.0,0.0,4.0,0.0,0.0,10.784379,0.706589,1.0,3.131372,4.52,2.0,0.0,-0.681406,0.0,0
Q-02287,REP-04,Gold,3,0.0,0.0,3.0,0.0,0.0,10.346281,0.057803,2.0,0.51237,8.58,0.0,0.0,-5.281626,0.0,0
Q-02288,REP-04,Silver,4,0.0,0.0,4.0,0.0,0.0,11.890169,0.01783,1.0,3.987584,6.62,0.0,0.0,-1.806411,1.005,1
Q-02289,REP-04,Silver,3,0.0,0.0,3.0,0.0,0.0,10.848385,0.0,1.0,5.086589,8.46,0.0,0.0,-0.707407,0.2088,0
Q-02290,REP-07,Silver,6,2.330999,4.72,6.0,2.0,0.677839,11.892738,0.112859,1.0,11.580609,14.72,1.0,0.0,2.434566,2.2586,1
Q-02291,REP-07,Gold,2,0.0,0.0,2.0,0.0,0.0,8.127405,0.0,2.0,6.314594,9.62,1.0,1.0,-2.831449,0.0,0
Q-02292,REP-08,Silver,4,2.890555,3.93,4.0,3.0,0.896519,11.063211,0.997178,1.0,12.712568,13.93,0.0,1.0,3.024172,4.1701,2
Q-02293,REP-01,Silver,3,0.0,0.0,3.0,0.0,0.0,10.527311,0.0,1.0,4.822315,6.28,0.0,0.0,-0.753532,0.091,0
Q-02294,REP-01,Gold,3,0.0,0.0,3.0,0.0,0.0,10.310984,0.988024,2.0,4.727246,6.84,0.0,0.0,-0.848602,0.3539,0
Q-02295,REP-04,Gold,1,0.0,0.0,1.0,0.0,0.0,9.546884,1.0,2.0,1.43,1.43,0.0,0.0,-4.363996,0.2267,0
Q-02296,REP-07,Silver,1,0.16,0.16,1.0,1.0,1.0,11.264477,0.0,1.0,10.16,10.16,1.0,0.0,1.013957,0.2148,0
Q-02297,REP-05,Silver,2,7.564912,8.8,2.0,1.0,0.859649,10.845466,0.140351,1.0,16.934737,18.8,2.0,0.0,13.121959,3.83,2
Q-02298,REP-01,Silver,3,0.549204,2.53,3.0,1.0,0.217077,10.855647,0.0,1.0,5.559841,12.53,0.0,1.0,-0.016006,1.1708,0
Q-02299,REP-07,Gold,3,0.0,0.0,3.0,0.0,0.0,9.382275,0.227368,2.0,8.476211,8.77,1.0,0.0,-0.669832,0.0,0
Q-02300,REP-08,Silver,2,0.096045,1.43,2.0,1.0,0.067164,11.582461,1.0,1.0,8.426269,11.43,0.0,0.0,-1.262128,1.4613,1
Q-02301,REP-08,Silver,4,0.729576,2.88,4.0,3.0,0.981818,11.502885,0.060606,1.0,10.695576,12.88,0.0,1.0,1.00718,1.7849,1
Q-02302,REP-08,Gold,3,0.0,0.0,3.0,0.0,0.0,10.906891,0.183318,2.0,12.407269,13.58,0.0,0.0,2.718872,0.1154,0
Q-02303,REP-06,Gold,2,0.0,0.0,2.0,0.0,0.0,9.989711,1.0,2.0,7.844862,9.48,2.0,1.0,1.723401,0.1417,0
Q-02304,REP-02,Silver,2,0.0,0.0,2.0,0.0,0.0,9.764283,0.689655,1.0,5.618276,6.45,0.0,0.0,-0.571704,0.3043,0
Q-02305,REP-04,Gold,5,0.0,0.0,5.0,0.0,0.0,12.005461,0.537749,2.0,2.214328,4.33,0.0,0.0,-3.579668,1.2195,1
Q-02306,REP-07,Silver,3,0.458791,8.22,3.0,1.0,0.055814,11.362114,0.651163,1.0,7.261581,18.22,1.0,0.0,-1.884461,1.6517,1
Q-02307,REP-02,Silver,4,0.440733,2.62,4.0,1.0,0.168219,10.818497,0.162211,1.0,8.753379,12.62,0.0,0.0,2.5634,0.7586,1
Q-02308,REP-06,Silver,2,0.0,0.0,2.0,0.0,0.0,9.729194,0.642857,1.0,3.76,5.61,2.0,0.0,-2.361462,0.0,0
Q-02309,REP-03,Bronze,5,0.006892,0.63,5.0,1.0,0.01094,11.212374,0.0,0.0,1.931329,5.63,2.0,0.0,-2.347507,0.0892,0
Q-02310,REP-03,Silver,4,0.0,0.0,4.0,0.0,0.0,11.138974,0.952035,1.0,1.753699,3.89,2.0,0.0,-2.525137,0.277,0
Q-02311,REP-06,Silver,3,1.243925,3.72,3.0,2.0,0.422642,10.878066,0.422642,1.0,9.581132,13.72,2.0,1.0,3.459671,1.7582,1
Q-02312,REP-05,Bronze,6,0.160155,9.83,6.0,2.0,0.181176,12.083346,0.231769,0.0,2.64509,14.83,2.0,0.0,-1.167687,2.2163,1
Q-02313,REP-04,Silver,2,0.0,0.0,2.0,0.0,0.0,8.699681,0.25,1.0,7.8675,8.37,0.0,1.0,2.073504,0.4175,0
Q-02314,REP-07,Silver,5,1.762487,5.79,5.0,4.0,0.998278,11.88553,0.992077,1.0,11.760145,15.79,1.0,1.0,2.614102,3.7999,2
Q-02315,REP-03,Bronze,5,0.0,0.0,5.0,0.0,0.0,10.941128,0.752879,0.0,1.300071,4.94,2.0,0.0,-2.978765,0.2845,0
Q-02316,REP-03,Silver,6,0.573234,11.64,6.0,1.0,0.049247,11.710431,0.75512,1.0,6.083675,21.64,2.0,1.0,1.804838,2.8225,2
Q-02317,REP-07,Silver,3,0.27,1.12,3.0,1.0,0.241071,10.422311,0.758929,1.0,6.92,11.12,1.0,0.0,-2.226043,0.414,0
Q-02318,REP-03,Bronze,1,0.0,0.0,1.0,0.0,0.0,8.343078,1.0,0.0,1.86,1.86,2.0,0.0,-2.418836,0.0,0
Q-02319,REP-02,Bronze,4,0.059138,0.72,4.0,1.0,0.082136,10.793455,0.531828,0.0,3.499014,5.72,0.0,0.0,-2.690966,0.8272,1
Q-02320,REP-07,Gold,2,0.0,0.0,2.0,0.0,0.0,11.055656,0.0,2.0,7.669858,8.14,1.0,1.0,-1.476185,0.2375,0
Q-02321,REP-04,Gold,1,0.0,0.0,1.0,0.0,0.0,5.420535,0.0,2.0,7.5,7.5,0.0,1.0,1.706004,0.0119,0
Q-02322,REP-04,Gold,2,0.0,0.0,2.0,0.0,0.0,9.21044,0.4,2.0,5.46,8.85,0.0,0.0,-0.333996,0.0,0
Q-02323,REP-01,Bronze,1,1.01,1.01,1.0,1.0,1.0,6.985642,0.0,0.0,6.01,6.01,0.0,0.0,0.434153,0.5443,0
Q-02324,REP-08,Bronze,2,2.760825,4.25,2.0,2.0,1.0,10.78934,0.463918,0.0,7.760825,9.25,0.0,0.0,-1.927571,2.489,2
Q-02325,REP-06,Silver,1,0.5,0.5,1.0,1.0,1.0,9.903538,1.0,1.0,10.5,10.5,2.0,0.0,4.378538,0.3717,0
Q-02326,REP-03,Bronze,2,0.440311,1.39,2.0,1.0,0.31677,10.785208,1.0,0.0,4.757081,6.39,2.0,0.0,0.478245,0.8753,0
Q-02327,REP-08,Gold,1,0.0,0.0,1.0,0.0,0.0,8.699681,1.0,2.0,8.27,8.27,0.0,0.0,-1.418396,0.16,0
Q-02328,REP-01,Gold,3,0.0,0.0,3.0,0.0,0.0,11.907336,0.053927,2.0,5.889916,9.85,0.0,0.0,0.314069,0.8259,0
Q-02329,REP-03,Silver,4,0.0,0.0,4.0,0.0,0.0,12.093469,0.199776,1.0,2.32272,6.51,2.0,0.0,-1.956117,0.779,0
Q-02330,REP-05,Bronze,4,0.0,0.0,4.0,0.0,0.0,12.124326,0.276723,0.0,1.669452,2.95,2.0,0.0,-2.143326,1.088,1
Q-02331,REP-01,Gold,4,0.0,0.0,4.0,0.0,0.0,10.579005,0.145038,2.0,8.477634,10.0,0.0,1.0,2.901786,0.4173,0
Q-02332,REP-05,Silver,3,3.236035,5.83,3.0,1.0,0.555066,10.723289,0.088106,1.0,9.416652,15.83,2.0,0.0,5.603874,1.6072,1
Q-02333,REP-07,Silver,4,0.621406,0.99,4.0,1.0,0.627682,10.526239,0.359442,1.0,9.634764,10.99,1.0,0.0,0.488721,0.3583,0
Q-02334,REP-04,Silver,5,0.138296,0.21,5.0,1.0,0.658554,11.15412,0.993558,1.0,8.369048,10.21,0.0,1.0,2.575052,1.4978,1
Q-02335,REP-05,Gold,2,0.0,0.0,2.0,0.0,0.0,11.16904,0.733427,2.0,1.645966,1.91,2.0,0.0,-2.166812,0.0,0
Q-02336,REP-02,Bronze,2,0.0,0.0,2.0,0.0,0.0,8.77199,0.0,0.0,2.516047,3.13,0.0,1.0,-3.673933,0.5038,0
Q-02337,REP-06,Bronze,4,5.092365,6.47,4.0,4.0,1.0,10.735875,0.730832,0.0,10.092365,11.47,2.0,0.0,3.970904,4.9005,2
Q-02338,REP-08,Gold,6,1.310168,6.05,6.0,1.0,0.216557,12.221852,0.530564,2.0,10.279376,16.05,0.0,0.0,0.59098,3.311,2
Q-02339,REP-01,Silver,5,0.803121,1.93,5.0,1.0,0.416125,11.943415,0.793238,1.0,9.669506,11.93,0.0,1.0,4.093659,2.8349,2
Q-02340,REP-08,Silver,4,0.355316,0.92,4.0,2.0,0.539603,11.603917,0.555124,1.0,8.832111,10.92,0.0,0.0,-0.856285,1.2866,1
Q-02341,REP-07,Silver,6,0.356887,0.95,6.0,1.0,0.375671,11.193698,0.061924,1.0,8.842187,10.95,1.0,0.0,-0.303856,0.374,0
Q-02342,REP-02,Silver,6,0.124412,3.67,6.0,1.0,0.0339,11.727198,0.130756,1.0,5.823331,13.67,0.0,0.0,-0.366648,1.3926,1
Q-02343,REP-05,Bronze,4,4.380679,5.92,4.0,2.0,0.822573,10.35348,0.47824,0.0,8.999264,10.92,2.0,1.0,5.186486,4.0546,2
Q-02344,REP-06,Silver,3,0.0,0.0,3.0,0.0,0.0,11.893968,0.136631,1.0,3.40979,4.27,2.0,0.0,-2.711672,0.475,0
Q-02345,REP-08,Silver,3,0.297731,0.82,3.0,1.0,0.363086,9.201905,0.363086,1.0,7.797186,10.82,0.0,0.0,-1.89121,0.4026,0
Q-02346,REP-08,Gold,5,0.0,0.0,5.0,0.0,0.0,11.732511,0.195897,2.0,11.061883,11.49,0.0,0.0,1.373486,0.7057,0
Q-02347,REP-03,Silver,1,0.0,0.0,1.0,0.0,0.0,6.867974,0.0,1.0,0.0,0.0,2.0,0.0,-4.278836,0.0,0
Q-02348,REP-08,Silver,4,2.002799,5.66,4.0,3.0,0.899058,11.62134,0.0,1.0,11.998762,15.66,0.0,1.0,2.310366,2.6225,2
Q-02349,REP-05,Bronze,2,0.858462,1.24,2.0,1.0,0.692308,11.552156,1.0,0.0,4.6,6.24,2.0,0.0,0.787222,1.6742,1
Q-02350,REP-07,Bronze,5,2.723843,5.82,5.0,4.0,0.780421,9.704793,0.0,0.0,7.045343,10.82,1.0,0.0,-2.1007,1.6208,1
Q-02351,REP-03,Gold,2,0.0,0.0,2.0,0.0,0.0,10.445841,0.232558,2.0,3.256047,7.83,2.0,1.0,-1.02279,0.0,0
Q-02352,REP-03,Silver,2,1.369863,2.0,2.0,1.0,0.684932,11.891369,1.0,1.0,9.227397,12.0,2.0,1.0,4.948561,2.7674,2
Q-02353,REP-07,Gold,1,0.0,0.0,1.0,0.0,0.0,10.571343,0.0,2.0,9.45,9.45,1.0,0.0,0.303957,0.0,0
Q-02354,REP-02,Silver,3,0.0,0.0,3.0,0.0,0.0,11.629739,0.008008,1.0,8.565505,8.63,0.0,0.0,2.375525,0.721,0
Q-02355,REP-01,Gold,2,0.0,0.0,2.0,0.0,0.0,11.492223,0.0,2.0,11.663813,11.69,0.0,0.0,6.087966,0.3763,0
Q-02356,REP-07,Bronze,2,4.067262,10.62,2.0,2.0,1.0,10.438547,0.0,0.0,9.067262,15.62,1.0,0.0,-0.078781,2.861,2
Q-02357,REP-03,Silver,3,0.0,0.0,3.0,0.0,0.0,10.762594,0.158831,1.0,2.944091,3.6,2.0,0.0,-1.334745,0.0,0
Q-02358,REP-03,Gold,2,0.0,0.0,2.0,0.0,0.0,8.83215,0.0,2.0,1.122701,4.59,2.0,0.0,-3.156135,0.0,0
Q-02359,REP-06,Bronze,4,5.212342,6.72,4.0,4.0,1.0,10.889416,0.757392,0.0,10.212342,11.72,2.0,1.0,4.090881,5.4373,2
Q-02360,REP-01,Silver,3,0.0,0.0,3.0,0.0,0.0,11.409241,0.399334,1.0,6.13228,9.42,0.0,0.0,0.556432,0.7509,0
Q-02361,REP-06,Bronze,1,0.0,0.0,1.0,0.0,0.0,10.021315,1.0,0.0,0.71,0.71,2.0,0.0,-5.411462,0.1375,0
Q-02362,REP-02,Gold,2,0.0,0.0,2.0,0.0,0.0,11.514933,0.958084,2.0,8.77976,8.96,0.0,1.0,2.589781,1.3719,1
Q-02363,REP-05,Bronze,6,0.510277,0.72,6.0,1.0,0.708718,11.038528,0.216955,0.0,4.410639,5.72,2.0,0.0,0.597861,0.3314,0
Q-02364,REP-01,Silver,4,0.0,0.0,4.0,0.0,0.0,10.738156,0.0,1.0,2.798145,5.16,0.0,0.0,-2.777703,0.164,0
Q-02365,REP-02,Silver,2,0.0,0.0,2.0,0.0,0.0,9.839002,0.0,1.0,4.3396,4.75,0.0,0.0,-1.85038,0.0,0
Q-02366,REP-03,Silver,4,0.0,0.0,4.0,0.0,0.0,11.731306,0.996745,1.0,3.168791,4.67,2.0,1.0,-1.110046,1.2149,1
Q-02367,REP-06,Silver,2,0.983864,4.81,2.0,1.0,0.204545,10.46883,1.0,1.0,8.621364,14.81,2.0,0.0,2.499902,1.3789,1
Q-02368,REP-02,Gold,3,0.0,0.0,3.0,0.0,0.0,10.891187,1.0,2.0,1.203128,6.59,0.0,0.0,-4.986851,0.5575,0
Q-02369,REP-07,Bronze,2,7.71,7.8,2.0,2.0,1.0,10.745076,1.0,0.0,12.71,12.8,1.0,1.0,3.563957,8.4211,2
Q-02370,REP-01,Silver,2,1.260408,3.86,2.0,1.0,0.326531,10.799596,1.0,1.0,7.37449,13.86,0.0,1.0,1.798643,2.6717,2
Q-02371,REP-06,Silver,2,0.0,0.0,2.0,0.0,0.0,10.419331,1.0,1.0,6.871493,7.17,2.0,0.0,0.750031,0.0092,0
Q-02372,REP-04,Silver,5,0.0,0.0,5.0,0.0,0.0,11.520904,0.705357,1.0,4.865119,7.15,0.0,0.0,-0.928877,1.0079,0
Q-02373,REP-07,Silver,3,0.339217,1.16,3.0,1.0,0.292428,12.057288,0.0,1.0,9.755849,11.16,1.0,1.0,0.609806,1.6363,1
Q-02374,REP-08,Gold,4,0.0,0.0,4.0,0.0,0.0,10.874285,0.380682,2.0,10.6925,12.74,0.0,0.0,1.004104,0.2094,0
Q-02375,REP-05,Silver,4,0.0,0.0,4.0,0.0,0.0,10.288784,0.265306,1.0,4.564082,6.64,2.0,0.0,0.751304,0.0,0
Q-02376,REP-08,Gold,5,1.022351,1.35,5.0,1.0,0.757297,11.462432,0.785696,2.0,12.803274,13.35,0.0,0.0,3.114878,1.7917,1
Q-02377,REP-08,Silver,3,0.31391,3.24,3.0,1.0,0.096886,11.082542,0.096886,1.0,4.087128,13.24,0.0,0.0,-5.601268,0.9952,0
Q-02378,REP-03,Silver,3,0.0,0.0,3.0,0.0,0.0,9.532496,0.086957,1.0,1.309565,2.48,2.0,0.0,-2.969271,0.0,0
Q-02379,REP-02,Bronze,3,0.0,0.0,3.0,0.0,0.0,11.017415,0.0,0.0,1.392232,3.47,0.0,0.0,-4.797748,0.5077,0
Q-02380,REP-01,Gold,2,0.0,0.0,2.0,0.0,0.0,11.132558,0.994734,2.0,0.656524,0.66,0.0,0.0,-4.919323,0.6768,0
Q-02381,REP-08,Bronze,4,8.92464,14.84,4.0,4.0,1.0,11.91973,0.523968,0.0,13.92464,19.84,0.0,0.0,4.236244,7.7019,2
Q-02382,REP-05,Silver,4,0.0,0.0,4.0,0.0,0.0,10.971658,0.603093,1.0,4.241907,7.41,2.0,0.0,0.429129,0.0,0
Q-02383,REP-03,Silver,4,0.0,0.0,4.0,0.0,0.0,11.18019,0.390543,1.0,8.044694,9.25,2.0,1.0,3.765858,0.4423,0
Q-02384,REP-07,Gold,4,0.0,0.0,4.0,0.0,0.0,10.797553,0.96319,2.0,7.656871,11.23,1.0,0.0,-1.489172,0.1973,0
Q-02385,REP-07,Silver,2,0.0,0.0,2.0,0.0,0.0,10.877972,0.0,1.0,7.541506,7.56,1.0,0.0,-1.604537,0.0,0
Q-02386,REP-01,Silver,1,3.52,3.52,1.0,1.0,1.0,8.2943,1.0,1.0,13.52,13.52,0.0,0.0,7.944153,3.7073,2
Q-02387,REP-05,Silver,4,0.0,0.0,4.0,0.0,0.0,10.467693,0.708191,1.0,1.42971,5.86,2.0,0.0,-2.383068,0.0,0
Q-02388,REP-01,Gold,3,0.0,0.0,3.0,0.0,0.0,10.007893,0.27027,2.0,5.978649,7.76,0.0,0.0,0.402802,0.0,0
Q-02389,REP-08,Silver,3,0.374942,4.66,3.0,2.0,0.093129,11.64991,0.0,1.0,5.514112,14.66,0.0,0.0,-4.174284,1.4057,1
Q-02390,REP-08,Silver,3,3.419324,10.93,3.0,3.0,1.0,11.342149,0.202847,1.0,13.419324,20.93,0.0,1.0,3.730928,4.6137,2
Q-02391,REP-05,Gold,4,0.0,0.0,4.0,0.0,0.0,11.126174,0.733162,2.0,4.536062,8.08,2.0,0.0,0.723284,0.0,0
Q-02392,REP-04,Gold,2,0.0,0.0,2.0,0.0,0.0,8.257386,0.77821,2.0,8.448288,9.28,0.0,0.0,2.654292,0.0201,0
Q-02393,REP-08,Silver,3,0.0,0.0,3.0,0.0,0.0,10.446132,0.697472,1.0,7.090706,8.96,0.0,0.0,-2.59769,0.4504,0
Q-02394,REP-08,Gold,4,0.295625,0.43,4.0,1.0,0.6875,11.115443,0.272321,2.0,13.550982,15.43,0.0,1.0,3.862586,0.8912,0
Q-02395,REP-08,Silver,2,0.797315,1.08,2.0,1.0,0.738255,10.302297,1.0,1.0,10.216242,11.08,0.0,0.0,0.527845,1.3669,1
Q-02396,REP-07,Bronze,5,2.71608,7.27,5.0,5.0,1.0,11.234415,0.051526,0.0,7.71608,12.27,1.0,1.0,-1.429963,2.8901,2
Q-02397,REP-04,Gold,3,0.0,0.0,3.0,0.0,0.0,10.181157,1.0,2.0,5.902955,7.51,0.0,0.0,0.108959,0.33,0
Q-02398,REP-07,Silver,1,0.32,0.32,1.0,1.0,1.0,6.75227,0.0,1.0,10.32,10.32,1.0,0.0,1.173957,0.0,0
Q-02399,REP-08,Bronze,3,8.905674,16.74,3.0,3.0,1.0,9.554001,0.971631,0.0,13.905674,21.74,0.0,1.0,4.217278,10.3933,2
Q-02400,REP-02,Bronze,3,5.904459,6.86,3.0,3.0,1.0,11.21561,0.0,0.0,10.904459,11.86,0.0,1.0,4.714479,4.3035,2
Q-02401,REP-03,Silver,3,0.0,0.0,3.0,0.0,0.0,10.408828,0.959276,1.0,1.0619,2.74,2.0,0.0,-3.216936,0.0,0
Q-02402,REP-03,Bronze,2,0.0,0.0,2.0,0.0,0.0,11.068215,0.873635,0.0,2.40858,2.54,2.0,0.0,-1.870256,0.4147,0
Q-02403,REP-04,Bronze,4,0.0,0.0,4.0,0.0,0.0,10.887456,0.831776,0.0,2.271682,3.04,0.0,0.0,-3.522314,0.9033,0
Q-02404,REP-03,Silver,5,0.869588,3.61,5.0,1.0,0.240883,10.710767,0.240883,1.0,4.076939,13.61,2.0,0.0,-0.201897,0.8137,0
Q-02405,REP-06,Gold,2,0.168511,0.24,2.0,1.0,0.702128,10.247113,0.702128,2.0,9.248085,10.24,2.0,0.0,3.126624,0.0,0
Q-02406,REP-07,Silver,6,0.287679,0.74,6.0,1.0,0.388756,11.80381,0.284091,1.0,9.004874,10.74,1.0,0.0,-0.141168,0.9531,1
Q-02407,REP-03,Bronze,4,0.995676,9.21,4.0,1.0,0.108108,11.211834,0.472973,0.0,4.749054,14.21,2.0,0.0,0.470218,2.1263,2
Q-02408,REP-05,Bronze,1,0.0,0.0,1.0,0.0,0.0,10.540091,0.0,0.0,4.67,4.67,2.0,0.0,0.857222,0.0,0
Q-02409,REP-07,Bronze,2,7.37617,7.7,2.0,2.0,1.0,10.757924,0.042553,0.0,12.37617,12.7,1.0,1.0,3.230127,4.5117,2
Q-02410,REP-02,Silver,4,0.0,0.0,4.0,0.0,0.0,11.892225,0.465355,1.0,5.337636,5.66,0.0,1.0,-0.852344,1.7037,1
Q-02411,REP-06,Silver,4,2.533983,7.92,4.0,2.0,0.669692,11.411347,0.957494,1.0,11.499092,17.92,2.0,1.0,5.377631,3.9092,2
Q-02412,REP-03,Bronze,3,2.365589,2.45,3.0,2.0,0.96607,10.185881,0.0,0.0,7.357785,7.45,2.0,1.0,3.078949,1.3341,0
Q-02413,REP-04,Bronze,3,0.425806,1.2,3.0,1.0,0.354839,10.236418,0.44086,0.0,5.195269,6.2,0.0,1.0,-0.598727,1.4147,1
Q-02414,REP-01,Silver,3,0.0,0.0,3.0,0.0,0.0,8.748464,0.238095,1.0,2.461429,5.97,0.0,0.0,-3.114419,0.0,0
Q-02415,REP-01,Gold,2,0.0,0.0,2.0,0.0,0.0,10.73631,0.0,2.0,10.193499,10.25,0.0,0.0,4.617652,0.0,0
Q-02416,REP-01,Silver,2,0.0,0.0,2.0,0.0,0.0,11.179562,0.893231,1.0,1.270363,2.11,0.0,0.0,-4.305484,0.8684,0
Q-02417,REP-08,Silver,1,0.0,0.0,1.0,0.0,0.0,10.239996,1.0,1.0,6.21,6.21,0.0,0.0,-3.478396,0.5633,0
Q-02418,REP-04,Bronze,3,0.57468,1.41,3.0,2.0,0.665738,11.181654,1.0,0.0,4.347939,6.41,0.0,0.0,-1.446057,1.7862,1
Q-02419,REP-06,Gold,4,1.407967,2.05,4.0,1.0,0.686813,11.377804,0.934066,2.0,10.985179,14.05,2.0,0.0,4.863717,1.6099,1
Q-02420,REP-04,Silver,1,0.0,0.0,1.0,0.0,0.0,6.37332,0.0,1.0,5.45,5.45,0.0,0.0,-0.343996,0.0,0
Q-02421,REP-04,Bronze,4,1.707036,4.66,4.0,3.0,0.796191,11.484022,0.782295,0.0,6.376866,9.66,0.0,0.0,0.58287,3.1791,2
Q-02422,REP-08,Silver,4,2.032338,2.84,4.0,2.0,0.885572,11.007104,0.0,1.0,11.519055,12.84,0.0,0.0,1.830658,1.4485,1
Q-02423,REP-06,Bronze,4,3.038045,3.67,4.0,3.0,0.956683,10.788927,0.0,0.0,7.98,8.67,2.0,0.0,1.858538,1.4837,0
Q-02424,REP-06,Bronze,4,0.023003,0.9,4.0,1.0,0.025559,9.840601,0.766773,0.0,4.166454,5.9,2.0,0.0,-1.955008,0.0869,0
Q-02425,REP-06,Silver,3,0.0,0.0,3.0,0.0,0.0,11.588042,0.336735,1.0,6.227904,9.26,2.0,1.0,0.106442,0.7135,0
Q-02426,REP-07,Bronze,3,1.448613,3.98,3.0,3.0,1.0,8.853094,0.929235,0.0,6.448613,8.98,1.0,0.0,-2.69743,1.9124,2
Q-02427,REP-08,Gold,6,2.811535,5.75,6.0,2.0,0.514933,10.972688,0.514933,2.0,12.384923,15.75,0.0,1.0,2.696527,3.7729,2
Q-02428,REP-05,Silver,2,1.270968,3.94,2.0,1.0,0.322581,9.830971,1.0,1.0,9.157419,13.94,2.0,1.0,5.344642,1.836,2
Q-02429,REP-02,Bronze,4,1.188616,1.71,4.0,2.0,0.931436,10.45697,0.413972,0.0,6.102937,6.71,0.0,0.0,-0.087043,1.465,1
Q-02430,REP-01,Gold,3,0.0,0.0,3.0,0.0,0.0,12.111987,0.186772,2.0,6.759976,8.05,0.0,0.0,1.184129,1.1797,1
Q-02431,REP-04,Silver,3,0.0,0.0,3.0,0.0,0.0,9.745136,0.439367,1.0,3.595009,7.34,0.0,0.0,-2.198987,0.1639,0
Q-02432,REP-05,Gold,2,0.0,0.0,2.0,0.0,0.0,9.923339,1.0,2.0,4.402941,4.99,2.0,0.0,0.590163,0.0,0
Q-02433,REP-01,Gold,2,1.37068,1.81,2.0,1.0,0.757282,12.235636,0.242718,2.0,13.290583,16.81,0.0,0.0,7.714735,2.1849,1
Q-02434,REP-08,Silver,1,0.0,0.0,1.0,0.0,0.0,9.65509,0.0,1.0,5.94,5.94,0.0,0.0,-3.748396,0.0,0
Q-02435,REP-08,Bronze,1,5.6,5.6,1.0,1.0,1.0,8.987322,1.0,0.0,10.6,10.6,0.0,0.0,0.911604,5.9367,2
Q-02436,REP-02,Bronze,5,1.76084,3.65,5.0,4.0,0.572717,11.053917,0.553885,0.0,5.543084,8.65,0.0,1.0,-0.646896,2.5132,2
Q-02437,REP-08,Silver,2,0.0,0.0,2.0,0.0,0.0,9.901035,0.571429,1.0,7.078571,8.51,0.0,0.0,-2.609825,0.2605,0
Q-02438,REP-05,Silver,3,0.0,0.0,3.0,0.0,0.0,11.149096,1.0,1.0,3.875957,7.11,2.0,0.0,0.063179,0.3092,0
Q-02439,REP-05,Bronze,5,0.0,0.0,5.0,0.0,0.0,11.604237,0.125958,0.0,2.285509,4.69,2.0,0.0,-1.527268,0.3823,0
Q-02440,REP-05,Silver,1,0.0,0.0,1.0,0.0,0.0,9.980495,1.0,1.0,8.55,8.55,2.0,0.0,4.737222,0.0,0
Q-02441,REP-08,Silver,3,0.554717,1.4,3.0,1.0,0.396226,8.575651,0.396226,1.0,9.341509,11.4,0.0,1.0,-0.346887,1.1121,1
Q-02442,REP-08,Silver,4,3.758721,5.98,4.0,3.0,0.961945,10.946605,0.480973,1.0,13.711913,15.98,0.0,1.0,4.023517,4.1908,2
Q-02443,REP-07,Silver,2,0.0,0.0,2.0,0.0,0.0,10.242848,0.0,1.0,6.248205,7.72,1.0,0.0,-2.897838,0.0,0
Q-02444,REP-05,Gold,3,0.0,0.0,3.0,0.0,0.0,10.262944,0.356021,2.0,3.167749,5.91,2.0,0.0,-0.645029,0.0,0
Q-02445,REP-01,Silver,2,0.0,0.0,2.0,0.0,0.0,11.813778,0.03775,1.0,3.344582,7.03,0.0,0.0,-2.231265,0.9266,1
Q-02446,REP-04,Bronze,3,0.080804,0.96,3.0,1.0,0.084171,11.579892,0.0,0.0,3.610549,5.96,0.0,0.0,-2.183446,1.0306,1
Q-02447,REP-05,Gold,3,0.0,0.0,3.0,0.0,0.0,10.442347,0.583431,2.0,1.870397,4.95,2.0,0.0,-1.942381,0.0,0
Q-02448,REP-08,Bronze,4,2.374475,5.43,4.0,4.0,1.0,10.140179,0.923441,0.0,7.374475,10.43,0.0,0.0,-2.313921,3.1525,2
Q-02449,REP-01,Bronze,5,0.128337,3.72,5.0,1.0,0.034499,12.248658,0.090081,0.0,3.790417,8.72,0.0,0.0,-1.78543,2.2518,2
Q-02450,REP-07,Silver,1,0.0,0.0,1.0,0.0,0.0,11.775297,0.0,1.0,6.03,6.03,1.0,0.0,-3.116043,0.5633,0
Q-02451,REP-04,Silver,4,0.0,0.0,4.0,0.0,0.0,11.301723,0.754694,1.0,6.27962,7.26,0.0,0.0,0.485624,0.8697,1
Q-02452,REP-02,Bronze,3,0.083367,1.78,3.0,2.0,0.124579,10.011265,0.875421,0.0,1.958114,6.78,0.0,0.0,-4.231865,0.8979,0
Q-02453,REP-03,Bronze,2,2.632432,3.48,2.0,2.0,1.0,10.413343,1.0,0.0,7.632432,8.48,2.0,0.0,3.353596,2.8215,2
Q-02454,REP-02,Gold,2,0.0,0.0,2.0,0.0,0.0,9.099521,0.0,2.0,5.317765,12.11,0.0,0.0,-0.872215,0.0,0
Q-02455,REP-07,Bronze,3,4.517523,7.01,3.0,3.0,1.0,10.682835,0.669725,0.0,9.517523,12.01,1.0,0.0,0.37148,4.7159,2
Q-02456,REP-02,Gold,4,0.0,0.0,4.0,0.0,0.0,10.663849,0.0,2.0,5.233534,12.61,0.0,0.0,-0.956446,0.0,0
Q-02457,REP-01,Gold,4,0.0,0.0,4.0,0.0,0.0,10.592903,0.820577,2.0,5.053325,8.07,0.0,0.0,-0.522522,0.3434,0
Q-02458,REP-03,Bronze,2,0.0,0.0,2.0,0.0,0.0,9.337502,0.0,0.0,4.475561,4.84,2.0,1.0,0.196725,0.0,0
Q-02459,REP-08,Silver,4,0.339236,7.28,4.0,1.0,0.046598,11.072574,0.046598,1.0,6.053979,17.28,0.0,1.0,-3.634417,1.8779,1
Q-02460,REP-01,Bronze,5,0.446327,3.27,5.0,2.0,0.277201,11.69933,0.929538,0.0,4.799917,8.27,0.0,0.0,-0.77593,2.1884,2
Q-02461,REP-08,Silver,3,0.155175,6.54,3.0,1.0,0.023727,12.217512,0.237271,1.0,8.080188,16.54,0.0,0.0,-1.608208,2.3809,2
Q-02462,REP-04,Bronze,2,0.876349,0.88,2.0,1.0,0.995851,8.703839,0.995851,0.0,5.870373,5.88,0.0,0.0,0.076378,1.4309,1
Q-02463,REP-04,Gold,2,0.0,0.0,2.0,0.0,0.0,7.853993,0.0,2.0,4.410097,4.96,0.0,0.0,-1.383899,0.0,0
Q-02464,REP-05,Bronze,5,0.156029,4.76,5.0,1.0,0.032779,12.257246,0.241805,0.0,3.213055,9.76,2.0,0.0,-0.599723,1.9418,1
Q-02465,REP-06,Bronze,5,2.918106,5.73,5.0,2.0,0.537099,10.206957,0.088594,0.0,6.863001,10.73,2.0,1.0,0.74154,1.9804,1
Q-02466,REP-03,Gold,4,0.0,0.0,4.0,0.0,0.0,11.045734,0.0,2.0,3.32288,4.09,2.0,0.0,-0.955956,0.0,0
Q-02467,REP-05,Silver,1,0.0,0.0,1.0,0.0,0.0,6.898715,0.0,1.0,1.84,1.84,2.0,0.0,-1.972778,0.0,0
Q-02468,REP-08,Silver,2,1.548315,1.57,2.0,1.0,0.986188,10.496842,0.0,1.0,11.492099,11.57,0.0,0.0,1.803703,0.9047,0
Q-02469,REP-07,Gold,2,0.0,0.0,2.0,0.0,0.0,9.65509,0.0,2.0,8.32,9.88,1.0,0.0,-0.826043,0.0,0
Q-02470,REP-03,Bronze,2,0.426222,8.22,2.0,1.0,0.051852,8.712102,0.0,0.0,1.681037,13.22,2.0,0.0,-2.597799,0.5338,0
Q-02471,REP-05,Bronze,1,0.0,0.0,1.0,0.0,0.0,5.620401,0.0,0.0,2.28,2.28,2.0,0.0,-1.532778,0.0,0
Q-02472,REP-01,Silver,4,0.163722,0.67,4.0,1.0,0.244361,11.287291,0.0,1.0,6.92688,10.67,0.0,0.0,1.351033,0.5875,0
Q-02473,REP-04,Silver,4,1.595018,2.47,4.0,1.0,0.645756,11.305914,0.354244,1.0,9.190664,12.47,0.0,0.0,3.396668,1.5939,1
Q-02474,REP-06,Bronze,2,0.0,0.0,2.0,0.0,0.0,10.308986,0.4,0.0,0.504,0.56,2.0,1.0,-5.617462,0.32,0
Q-02475,REP-02,Silver,2,0.0,0.0,2.0,0.0,0.0,9.683526,0.747664,1.0,4.944393,7.15,0.0,0.0,-1.245587,0.325,0
Q-02476,REP-05,Silver,1,0.0,0.0,1.0,0.0,0.0,8.006701,1.0,1.0,0.0,0.0,2.0,0.0,-3.812778,0.0,0
Q-02477,REP-07,Gold,1,0.0,0.0,1.0,0.0,0.0,10.288784,0.0,2.0,12.67,12.67,1.0,0.0,3.523957,0.0,0
Q-02478,REP-01,Bronze,6,1.666958,6.94,6.0,4.0,0.656338,10.882772,0.473239,0.0,5.829437,11.94,0.0,0.0,0.25359,2.7111,2
Q-02479,REP-02,Bronze,3,0.0,0.0,3.0,0.0,0.0,12.219487,0.03552,0.0,3.202639,3.81,0.0,0.0,-2.987341,1.7087,1
Q-02480,REP-01,Silver,3,0.038823,0.05,3.0,1.0,0.776453,9.888678,0.979447,1.0,8.953342,10.05,0.0,0.0,3.377495,0.521,1
Q-02481,REP-05,Silver,2,0.202632,0.22,2.0,1.0,0.921053,11.015362,0.921053,1.0,9.62,10.22,2.0,0.0,5.807222,0.3877,0
Q-02482,REP-02,Silver,2,0.0,0.0,2.0,0.0,0.0,7.241366,0.645161,1.0,1.271935,1.53,0.0,0.0,-4.918044,0.1465,0
Q-02483,REP-01,Bronze,3,0.979606,3.19,3.0,1.0,0.307087,11.24113,0.0,0.0,5.389528,8.19,0.0,1.0,-0.18632,1.8473,1
Q-02484,REP-03,Silver,4,3.153473,5.49,4.0,1.0,0.574403,11.333392,0.646204,1.0,9.931,15.49,2.0,0.0,5.652164,3.4846,2
Q-02485,REP-02,Silver,1,0.0,0.0,1.0,0.0,0.0,4.51086,0.0,1.0,2.74,2.74,0.0,0.0,-3.44998,0.0,0
Q-02486,REP-07,Bronze,4,4.282517,7.44,4.0,4.0,1.0,11.813778,0.973353,0.0,9.282517,12.44,1.0,0.0,0.136474,5.7687,2
Q-02487,REP-06,Silver,1,0.0,0.0,1.0,0.0,0.0,7.496097,1.0,1.0,5.23,5.23,2.0,0.0,-0.891462,0.0,0
Q-02488,REP-06,Silver,2,0.0,0.0,2.0,0.0,0.0,10.064798,1.0,1.0,3.193617,3.2,2.0,0.0,-2.927845,0.0,0
Q-02489,REP-02,Gold,2,0.0,0.0,2.0,0.0,0.0,9.952325,0.657143,2.0,6.874857,7.9,0.0,1.0,0.684877,0.5464,0
Q-02490,REP-04,Silver,2,0.0,0.0,2.0,0.0,0.0,9.692828,0.740741,1.0,2.677037,3.04,0.0,0.0,-3.116959,0.3224,0
Q-02491,REP-08,Bronze,3,5.339135,10.16,3.0,2.0,0.589189,11.434975,0.886486,0.0,10.109081,15.16,0.0,0.0,0.420685,6.6482,2
Q-02492,REP-01,Gold,2,0.0,0.0,2.0,0.0,0.0,10.51328,1.0,2.0,1.113913,8.54,0.0,0.0,-4.461934,0.4167,0
Q-02493,REP-07,Bronze,3,3.631848,3.91,3.0,3.0,1.0,10.846148,0.857115,0.0,8.631848,8.91,1.0,0.0,-0.514195,3.9622,2
Q-02494,REP-04,Silver,5,0.0,0.0,5.0,0.0,0.0,11.685205,0.179293,1.0,8.821263,9.79,0.0,1.0,3.027267,1.3186,0
Q-02495,REP-03,Bronze,5,0.433583,4.72,5.0,2.0,0.354539,11.586882,0.351056,0.0,2.553805,9.72,2.0,0.0,-1.725031,1.3614,1
Q-02496,REP-04,Silver,2,0.0,0.0,2.0,0.0,0.0,10.230126,0.0,1.0,9.08009,9.19,0.0,1.0,3.286094,0.461,1
Q-02497,REP-04,Silver,3,0.0,0.0,3.0,0.0,0.0,11.200964,0.143443,1.0,4.259016,5.41,0.0,0.0,-1.53498,0.4689,0
Q-02498,REP-08,Gold,3,0.0,0.0,3.0,0.0,0.0,11.734476,0.004808,2.0,8.982163,9.47,0.0,0.0,-0.706233,0.6026,0
Q-02499,REP-01,Bronze,5,1.515301,6.83,5.0,2.0,0.249041,11.283588,0.859065,0.0,3.460418,11.83,0.0,0.0,-2.115429,2.7695,2
Q-02500,REP-08,Silver,2,0.0,0.0,2.0,0.0,0.0,10.54642,0.985804,1.0,7.379842,7.4,0.0,0.0,-2.308554,0.6392,0
Q-02501,REP-05,Bronze,4,0.0,0.0,4.0,0.0,0.0,12.417957,0.406958,0.0,1.622031,2.42,2.0,0.0,-2.190747,1.6838,2
Q-02502,REP-02,Silver,6,0.02722,0.82,6.0,1.0,0.033196,11.817177,0.475804,1.0,7.093387,10.82,0.0,0.0,0.903408,1.2844,1
Q-02503,REP-01,Gold,5,0.173871,1.96,5.0,1.0,0.08871,11.217225,0.391129,2.0,5.784556,13.96,0.0,0.0,0.208709,0.7568,0
Q-02504,REP-03,Silver,2,0.0,0.0,2.0,0.0,0.0,10.18021,0.0,1.0,5.599242,5.68,2.0,0.0,1.320405,0.0,0
Q-02505,REP-01,Silver,4,0.073843,0.13,4.0,1.0,0.568022,11.984216,0.287132,1.0,7.025386,10.13,0.0,0.0,1.449539,1.3183,1
Q-02506,REP-05,Silver,4,0.0,0.0,4.0,0.0,0.0,10.96303,1.0,1.0,3.398891,3.75,2.0,0.0,-0.413887,0.2108,0
Q-02507,REP-06,Silver,2,0.0,0.0,2.0,0.0,0.0,9.903538,1.0,1.0,3.54,4.11,2.0,0.0,-2.581462,0.0,0
Q-02508,REP-04,Bronze,1,0.0,0.0,1.0,0.0,0.0,7.965893,0.0,0.0,4.26,4.26,0.0,0.0,-1.533996,0.024,0
Q-02509,REP-01,Silver,3,3.672727,4.04,3.0,1.0,0.909091,8.689633,0.959596,1.0,13.143737,14.04,0.0,0.0,7.56789,3.8868,2
Q-02510,REP-06,Bronze,3,4.960299,5.59,3.0,2.0,0.980066,11.698583,0.332226,0.0,9.912857,10.59,2.0,0.0,3.791396,3.8466,2
Q-02511,REP-07,Silver,3,3.86436,6.13,3.0,2.0,0.71564,11.055656,0.28436,1.0,12.852038,16.13,1.0,0.0,3.705995,2.4612,2
Q-02512,REP-03,Silver,3,0.967254,4.8,3.0,1.0,0.201511,10.301458,0.201511,1.0,5.299219,14.8,2.0,0.0,1.020383,0.8794,0
Q-02513,REP-07,Silver,4,0.007413,0.01,4.0,1.0,0.741338,11.728851,1.0,1.0,9.262973,10.01,1.0,0.0,0.116931,1.0715,0
Q-02514,REP-03,Silver,1,0.0,0.0,1.0,0.0,0.0,9.615872,1.0,1.0,2.58,2.58,2.0,0.0,-1.698836,0.0,0
Q-02515,REP-05,Silver,3,0.0,0.0,3.0,0.0,0.0,9.61387,0.12024,1.0,4.340461,4.74,2.0,0.0,0.527683,0.0,0
Q-02516,REP-05,Gold,2,0.0,0.0,2.0,0.0,0.0,11.355113,0.515222,2.0,2.489719,4.71,2.0,0.0,-1.323059,0.0,0
Q-02517,REP-02,Silver,5,0.0,0.0,5.0,0.0,0.0,11.545015,0.676932,1.0,5.312568,7.63,0.0,1.0,-0.877412,1.4628,1
Q-02518,REP-01,Silver,2,0.0,0.0,2.0,0.0,0.0,9.590556,0.984615,1.0,0.0,0.0,0.0,0.0,-5.575847,0.4434,0
Q-02519,REP-01,Silver,1,0.0,0.0,1.0,0.0,0.0,10.540091,0.0,1.0,5.71,5.71,0.0,1.0,0.134153,0.545,0
Q-02520,REP-08,Silver,3,0.0,0.0,3.0,0.0,0.0,10.844978,0.988786,1.0,5.781073,8.02,0.0,0.0,-3.907324,0.7511,1
Q-02521,REP-04,Bronze,3,0.114959,1.01,3.0,1.0,0.113821,10.515994,0.96748,0.0,1.407236,6.01,0.0,0.0,-4.38676,1.0473,0
Q-02522,REP-07,Silver,5,1.231655,2.14,5.0,1.0,0.57554,11.331416,0.705036,1.0,10.381367,12.14,1.0,0.0,1.235324,1.8328,1
Q-02523,REP-06,Silver,2,0.0,0.0,2.0,0.0,0.0,12.008237,0.04936,1.0,8.575119,8.7,2.0,0.0,2.453657,0.5746,0
Q-02524,REP-06,Silver,2,0.0,0.0,2.0,0.0,0.0,9.259226,1.0,1.0,2.461714,2.76,2.0,0.0,-3.659747,0.0,0
Q-02525,REP-06,Bronze,2,6.344346,6.95,2.0,2.0,1.0,11.676752,0.117148,0.0,11.344346,11.95,2.0,0.0,5.222885,3.9628,2
Q-02526,REP-03,Silver,4,0.832696,3.42,4.0,1.0,0.243478,11.141876,0.208696,1.0,4.48913,13.42,2.0,0.0,0.210294,0.5957,1
Q-02527,REP-08,Silver,2,1.477576,2.12,2.0,1.0,0.69697,10.298936,0.69697,1.0,10.862424,12.12,0.0,0.0,1.174028,1.8852,1
Q-02528,REP-06,Bronze,3,8.715466,11.08,3.0,1.0,0.786594,10.834194,0.201084,0.0,13.595234,16.08,2.0,0.0,7.473773,4.8126,2
Q-02529,REP-02,Silver,6,0.0,0.0,6.0,0.0,0.0,11.639567,0.352423,1.0,7.064914,9.83,0.0,0.0,0.874934,0.9197,0
Q-02530,REP-08,Bronze,6,5.147751,8.38,6.0,6.0,1.0,11.904704,0.965126,0.0,10.147751,13.38,0.0,1.0,0.459355,7.3897,2
Q-02531,REP-08,Gold,2,4.966033,4.98,2.0,1.0,0.997195,9.683215,0.997195,2.0,14.945531,14.98,0.0,0.0,5.257135,4.9614,2
Q-02532,REP-01,Gold,2,0.0,0.0,2.0,0.0,0.0,9.156518,0.949868,2.0,2.989208,3.1,0.0,0.0,-2.586639,0.1614,0
Q-02533,REP-04,Silver,3,0.0,0.0,3.0,0.0,0.0,11.342149,1.0,1.0,4.698292,7.58,0.0,1.0,-1.095704,1.4825,1
Q-02534,REP-06,Bronze,4,6.149003,10.4,4.0,3.0,0.901928,10.996266,0.539816,0.0,10.825365,15.4,2.0,1.0,4.703903,6.4771,2
Q-02535,REP-05,Gold,2,0.0,0.0,2.0,0.0,0.0,11.209128,1.0,2.0,0.765122,2.57,2.0,0.0,-3.047656,0.125,0
Q-02536,REP-08,Silver,3,2.722805,6.71,3.0,2.0,0.695122,11.209128,1.0,1.0,11.119146,16.71,0.0,1.0,1.43075,4.4203,2
Q-02537,REP-07,Gold,2,0.0,0.0,2.0,0.0,0.0,10.074327,0.0,2.0,9.578904,9.64,1.0,1.0,0.432861,0.0,0
Q-02538,REP-05,Bronze,2,5.414694,5.46,2.0,2.0,1.0,10.288784,1.0,0.0,10.414694,10.46,2.0,0.0,6.601916,5.3439,2
Q-02539,REP-02,Bronze,2,1.02356,1.15,2.0,1.0,0.890052,11.243751,1.0,0.0,5.89712,6.15,0.0,0.0,-0.292859,2.173,2
Q-02540,REP-07,Bronze,1,2.61,2.61,1.0,1.0,1.0,9.546884,1.0,0.0,7.61,7.61,1.0,0.0,-1.536043,2.8462,2
Q-02541,REP-01,Gold,3,0.0,0.0,3.0,0.0,0.0,8.721928,0.0,2.0,2.03577,4.33,0.0,0.0,-3.540077,0.0,0
Q-02542,REP-05,Silver,6,0.692303,8.42,6.0,1.0,0.082221,11.277912,0.303586,1.0,7.228467,18.42,2.0,1.0,3.415689,1.6727,2
Q-02543,REP-07,Bronze,6,7.809113,14.36,6.0,5.0,0.901806,11.320444,0.493393,0.0,12.72663,19.36,1.0,0.0,3.580587,6.5496,2
Q-02544,REP-01,Gold,1,0.0,0.0,1.0,0.0,0.0,4.912655,0.0,2.0,0.0,0.0,0.0,0.0,-5.575847,0.0,0
Q-02545,REP-06,Silver,6,0.0,0.0,6.0,0.0,0.0,11.040535,0.481155,1.0,3.464852,9.59,2.0,0.0,-2.65661,0.0,0
Q-02546,REP-03,Bronze,2,0.0,0.0,2.0,0.0,0.0,9.928229,0.0,0.0,0.002293,0.47,2.0,0.0,-4.276544,0.0,0
Q-02547,REP-06,Gold,4,0.0,0.0,4.0,0.0,0.0,11.291044,0.11985,2.0,3.00764,5.19,2.0,0.0,-3.113821,0.0,0
Q-02548,REP-01,Silver,4,0.0,0.0,4.0,0.0,0.0,9.988104,0.0,1.0,4.638691,5.36,0.0,0.0,-0.937157,0.0,0
Q-02549,REP-06,Gold,4,0.880898,6.54,4.0,1.0,0.134694,12.409018,0.189796,2.0,9.25051,16.54,2.0,1.0,3.129049,3.0154,2
Q-02550,REP-02,Bronze,5,0.533967,0.88,5.0,3.0,0.918232,11.413116,0.427624,0.0,5.217436,5.88,0.0,0.0,-0.972543,1.3455,1
Q-02551,REP-01,Silver,3,7.211851,8.65,3.0,2.0,0.996462,10.837245,0.0,1.0,17.19816,18.65,0.0,1.0,11.622313,4.6345,2
Q-02552,REP-05,Bronze,2,0.721235,0.73,2.0,1.0,0.987993,10.280244,0.0,0.0,5.703465,5.73,2.0,0.0,1.890687,0.0261,0
Q-02553,REP-02,Silver,5,3.408809,7.62,5.0,1.0,0.44735,11.375742,0.533379,1.0,10.843544,17.62,0.0,1.0,4.653565,3.5198,2
Q-02554,REP-01,Gold,1,0.0,0.0,1.0,0.0,0.0,9.287394,1.0,2.0,1.99,1.99,0.0,0.0,-3.585847,0.2,0
Q-02555,REP-05,Silver,4,0.0,0.0,4.0,0.0,0.0,11.292291,1.0,1.0,4.783591,5.06,2.0,0.0,0.970813,0.3983,0
Q-02556,REP-03,Silver,1,0.0,0.0,1.0,0.0,0.0,8.343078,0.0,1.0,6.77,6.77,2.0,0.0,2.491164,0.0,0
Q-02557,REP-07,Silver,2,0.0,0.0,2.0,0.0,0.0,8.516393,0.900901,1.0,3.806216,3.83,1.0,0.0,-5.339827,0.0171,0
Q-02558,REP-07,Silver,3,2.058722,10.13,3.0,2.0,0.579685,10.441763,0.989492,1.0,10.869229,20.13,1.0,1.0,1.723187,3.5586,2
Q-02559,REP-03,Gold,2,0.0,0.0,2.0,0.0,0.0,8.930759,0.714286,2.0,3.477143,8.27,2.0,0.0,-0.801693,0.0,0
Q-02560,REP-01,Silver,6,0.259899,1.71,6.0,2.0,0.207194,12.53538,0.123022,1.0,4.120615,11.71,0.0,0.0,-1.455232,2.4638,2
Q-02561,REP-01,Bronze,4,0.416044,8.45,4.0,3.0,0.128583,11.522737,0.987275,0.0,4.553342,13.45,0.0,1.0,-1.022505,3.0765,2
Q-02562,REP-05,Silver,1,0.0,0.0,1.0,0.0,0.0,6.398595,1.0,1.0,5.38,5.38,2.0,0.0,1.567222,0.0,0
Q-02563,REP-05,Silver,4,0.0,0.0,4.0,0.0,0.0,11.100451,0.030211,1.0,5.963051,9.27,2.0,1.0,2.150274,0.1983,0
Q-02564,REP-08,Silver,5,0.0,0.0,5.0,0.0,0.0,10.768927,0.530303,1.0,7.450707,9.28,0.0,0.0,-2.237689,0.4677,0
Q-02565,REP-06,Gold,2,0.426667,2.56,2.0,1.0,0.166667,10.162809,0.0,2.0,5.535,17.56,2.0,1.0,-0.586462,0.0868,0
Q-02566,REP-01,Silver,6,0.254404,0.54,6.0,1.0,0.471118,12.182195,0.733306,1.0,8.626878,10.54,0.0,1.0,3.051031,2.5338,2
Q-02567,REP-08,Silver,4,0.003063,1.91,4.0,1.0,0.001604,11.733674,0.998396,1.0,5.441756,11.91,0.0,0.0,-4.24664,1.5797,1
Q-02568,REP-01,Silver,4,0.0,0.0,4.0,0.0,0.0,10.553492,0.0,1.0,5.04574,9.56,0.0,1.0,-0.530107,0.5493,0
Q-02569,REP-04,Silver,3,0.747133,2.79,3.0,2.0,0.387618,11.90902,0.387618,1.0,8.7079,12.79,0.0,1.0,2.913905,2.616,2
Q-02570,REP-01,Gold,6,0.0,0.0,6.0,0.0,0.0,12.060012,0.613355,2.0,3.484906,6.37,0.0,0.0,-2.090941,1.3375,1
Q-02571,REP-07,Bronze,1,8.62,8.62,1.0,1.0,1.0,11.512935,1.0,0.0,13.62,13.62,1.0,1.0,4.473957,9.7223,2
Q-02572,REP-05,Bronze,5,0.018357,0.19,5.0,1.0,0.096614,10.65091,0.603836,0.0,2.094866,5.19,2.0,0.0,-1.717912,0.1126,0
Q-02573,REP-01,Gold,6,0.0,0.0,6.0,0.0,0.0,12.222935,0.218289,2.0,4.949912,6.79,0.0,0.0,-0.625936,1.3751,1
Q-02574,REP-04,Silver,6,0.0,0.0,6.0,0.0,0.0,11.184435,0.816667,1.0,3.207375,3.84,0.0,0.0,-2.586621,0.8292,1
Q-02575,REP-05,Silver,1,0.0,0.0,1.0,0.0,0.0,9.105091,1.0,1.0,1.99,1.99,2.0,0.0,-1.822778,0.0,0
Q-02576,REP-05,Bronze,4,0.024324,0.2,4.0,2.0,0.12445,11.977294,0.113136,0.0,0.646574,5.2,2.0,0.0,-3.166203,0.8298,1
Q-02577,REP-01,Gold,2,0.0,0.0,2.0,0.0,0.0,12.046496,0.123167,2.0,6.10305,6.56,0.0,0.0,0.527203,1.0486,0
Q-02578,REP-08,Gold,2,0.0,0.0,2.0,0.0,0.0,10.303974,0.0,2.0,12.708844,12.78,0.0,0.0,3.020448,0.0,0
Q-02579,REP-01,Silver,5,0.0,0.0,5.0,0.0,0.0,11.22419,0.132141,1.0,2.304423,6.57,0.0,0.0,-3.271424,0.477,0
Q-02580,REP-08,Bronze,1,5.02,5.02,1.0,1.0,1.0,9.169623,1.0,0.0,10.02,10.02,0.0,0.0,0.331604,5.399,2
Q-02581,REP-04,Silver,4,0.0,0.0,4.0,0.0,0.0,10.976286,0.0,1.0,4.961432,5.63,0.0,0.0,-0.832564,0.2672,0
Q-02582,REP-03,Silver,1,0.0,0.0,1.0,0.0,0.0,7.496097,1.0,1.0,3.94,3.94,2.0,0.0,-0.338836,0.0,0
Q-02583,REP-05,Gold,3,0.0,0.0,3.0,0.0,0.0,10.91192,0.948472,2.0,3.484209,7.89,2.0,0.0,-0.328569,0.0,0
Q-02584,REP-06,Gold,1,0.0,0.0,1.0,0.0,0.0,6.698268,0.0,2.0,2.41,2.41,2.0,0.0,-3.711462,0.0,0
Q-02585,REP-07,Silver,2,1.565979,2.17,2.0,1.0,0.721649,10.566201,0.721649,1.0,11.373918,12.17,1.0,1.0,2.227875,2.2044,2
Q-02586,REP-02,Silver,1,0.0,0.0,1.0,0.0,0.0,10.448744,1.0,1.0,4.8,4.8,0.0,0.0,-1.38998,0.6175,0
Q-02587,REP-07,Silver,6,0.982947,2.01,6.0,1.0,0.489028,11.286665,0.415047,1.0,8.751229,12.01,1.0,0.0,-0.394814,1.0068,1
Q-02588,REP-05,Bronze,1,0.0,0.0,1.0,0.0,0.0,8.253488,0.0,0.0,3.03,3.03,2.0,0.0,-0.782778,0.0,0
Q-02589,REP-04,Silver,2,0.03375,0.27,2.0,1.0,0.125,11.472114,0.875,1.0,9.7975,10.27,0.0,1.0,4.003504,1.5551,1
Q-02590,REP-07,Bronze,1,2.75,2.75,1.0,1.0,1.0,7.09091,1.0,0.0,7.75,7.75,1.0,0.0,-1.396043,2.8725,2
Q-02591,REP-06,Silver,6,0.116789,1.42,6.0,1.0,0.082245,11.939506,0.229112,1.0,5.841201,11.42,2.0,0.0,-0.28026,0.7879,1
Q-02592,REP-04,Bronze,2,2.580547,2.59,2.0,1.0,0.99635,10.218335,0.0,0.0,7.574818,7.59,0.0,0.0,1.780822,1.5971,1
Q-02593,REP-07,Gold,1,4.9,4.9,1.0,1.0,1.0,9.692828,0.0,2.0,19.9,19.9,1.0,1.0,10.753957,2.442,2
Q-02594,REP-01,Gold,2,0.0,0.0,2.0,0.0,0.0,9.730681,0.0,2.0,4.60948,4.66,0.0,0.0,-0.966367,0.0,0
Q-02595,REP-07,Silver,4,0.352031,12.45,4.0,2.0,0.967227,11.713463,0.029459,1.0,10.283882,22.45,1.0,0.0,1.13784,2.0319,1
Q-02596,REP-06,Silver,3,0.0,0.0,3.0,0.0,0.0,11.294844,0.994963,1.0,1.342833,4.48,2.0,0.0,-4.778629,0.3973,0
Q-02597,REP-03,Gold,5,0.0,0.0,5.0,0.0,0.0,12.247891,0.172629,2.0,3.53256,9.03,2.0,1.0,-0.746277,1.2428,1
Q-02598,REP-08,Silver,5,0.0,0.0,5.0,0.0,0.0,11.545983,0.863003,1.0,7.602606,9.94,0.0,0.0,-2.08579,1.116,1
Q-02599,REP-01,Silver,4,0.0,0.0,4.0,0.0,0.0,11.277216,0.259494,1.0,2.852139,4.69,0.0,0.0,-2.723708,0.5811,0
Q-02600,REP-03,Silver,3,0.0,0.0,3.0,0.0,0.0,10.978507,0.580205,1.0,5.377133,9.04,2.0,0.0,1.098297,0.0,0
Q-02601,REP-02,Silver,3,0.0,0.0,3.0,0.0,0.0,12.007994,0.003657,1.0,3.350029,4.11,0.0,0.0,-2.839951,1.1492,1
Q-02602,REP-08,Silver,1,0.0,0.0,1.0,0.0,0.0,8.648397,1.0,1.0,6.57,6.57,0.0,0.0,-3.118396,0.3775,0
Q-02603,REP-06,Silver,2,0.0,0.0,2.0,0.0,0.0,10.929547,0.645161,1.0,1.84871,5.21,2.0,0.0,-4.272752,0.0,0
Q-02604,REP-02,Bronze,3,5.400064,6.44,3.0,3.0,1.0,10.75686,0.268371,0.0,10.400064,11.44,0.0,1.0,4.210084,4.2606,2
Q-02605,REP-04,Gold,3,0.0,0.0,3.0,0.0,0.0,10.255059,0.0,2.0,5.178575,6.05,0.0,0.0,-0.615421,0.0,0
Q-02606,REP-08,Silver,4,5.026057,13.39,4.0,2.0,0.624495,10.522746,0.395693,1.0,13.138843,23.39,0.0,0.0,3.450446,4.0341,2
Q-02607,REP-04,Silver,3,0.0,0.0,3.0,0.0,0.0,10.035217,0.788955,1.0,1.885602,2.39,0.0,0.0,-3.908394,0.4041,0
Q-02608,REP-06,Bronze,4,7.278127,9.25,4.0,3.0,0.879599,11.915058,0.478261,0.0,12.051773,14.25,2.0,1.0,5.930311,6.6362,2
Q-02609,REP-06,Bronze,3,8.983667,10.47,3.0,2.0,0.88189,11.395279,1.0,0.0,13.626974,15.47,2.0,0.0,7.505513,9.3888,2
Q-02610,REP-04,Silver,2,0.0,0.0,2.0,0.0,0.0,10.702143,0.0,1.0,5.022992,5.04,0.0,0.0,-0.771004,0.1504,0
Q-02611,REP-01,Bronze,4,0.0,0.0,4.0,0.0,0.0,10.902298,0.209945,0.0,1.498785,2.74,0.0,0.0,-4.077063,0.568,0
Q-02612,REP-06,Bronze,1,0.0,0.0,1.0,0.0,0.0,8.748464,1.0,0.0,4.79,4.79,2.0,0.0,-1.331462,0.0025,0
Q-02613,REP-06,Gold,5,0.0,0.0,5.0,0.0,0.0,11.873226,0.338274,2.0,4.117559,9.03,2.0,0.0,-2.003903,0.3408,0
Q-02614,REP-06,Bronze,4,6.118384,9.19,4.0,4.0,1.0,11.137519,0.606987,0.0,11.118384,14.19,2.0,1.0,4.996923,6.434,2
Q-02615,REP-05,Silver,6,0.0,0.0,6.0,0.0,0.0,10.548521,0.747639,1.0,3.186194,7.38,2.0,0.0,-0.626584,0.0,0
Q-02616,REP-02,Gold,1,0.0,0.0,1.0,0.0,0.0,8.922792,1.0,2.0,4.69,4.69,0.0,0.0,-1.49998,0.1725,0
Q-02617,REP-02,Bronze,2,0.0,0.0,2.0,0.0,0.0,8.798757,0.0,0.0,4.798,4.85,0.0,0.0,-1.39198,0.0552,0
Q-02618,REP-06,Bronze,2,7.678378,8.88,2.0,2.0,1.0,10.007893,0.351351,0.0,12.678378,13.88,2.0,1.0,6.556917,5.2357,2
Q-02619,REP-07,Gold,5,0.0,0.0,5.0,0.0,0.0,12.012494,0.412621,2.0,8.935634,9.51,1.0,0.0,-0.210409,0.8603,1
Q-02620,REP-07,Gold,2,2.652174,3.5,2.0,2.0,1.0,9.937937,0.652174,2.0,14.391304,18.5,1.0,1.0,5.245261,2.3427,1
Q-02621,REP-04,Gold,2,0.0,0.0,2.0,0.0,0.0,9.843791,0.732484,2.0,5.69172,6.6,0.0,0.0,-0.102276,0.1199,0
Q-02622,REP-04,Bronze,4,5.160143,8.07,4.0,4.0,1.0,11.273093,0.0,0.0,10.160143,13.07,0.0,0.0,4.366147,3.7106,2
Q-02623,REP-08,Silver,2,9.936306,12.0,2.0,1.0,0.828025,10.354595,1.0,1.0,19.385987,22.0,0.0,0.0,9.697591,10.2582,2
Q-02624,REP-02,Gold,5,0.0,0.0,5.0,0.0,0.0,12.09291,0.105823,2.0,7.528511,9.4,0.0,1.0,1.338531,1.5565,1
Q-02625,REP-03,Silver,3,0.0,0.0,3.0,0.0,0.0,11.286037,0.100376,1.0,3.310125,8.46,2.0,1.0,-0.968711,0.3494,0
Q-02626,REP-02,Gold,4,0.0,0.0,4.0,0.0,0.0,10.247113,0.0,2.0,6.890851,8.59,0.0,1.0,0.700871,0.245,0
Q-02627,REP-05,Gold,6,0.043828,0.57,6.0,1.0,0.076892,12.412278,0.115948,2.0,4.829955,10.57,2.0,0.0,1.017177,1.1716,1
Q-02628,REP-01,Bronze,3,7.648456,8.05,3.0,1.0,0.950119,11.564103,0.950119,0.0,12.596223,13.05,0.0,0.0,7.020376,8.7099,2
Q-02629,REP-03,Silver,1,0.0,0.0,1.0,0.0,0.0,6.803505,1.0,1.0,3.96,3.96,2.0,0.0,-0.318836,0.0,0
Q-02630,REP-07,Gold,1,0.0,0.0,1.0,0.0,0.0,10.239996,1.0,2.0,6.12,6.12,1.0,0.0,-3.026043,0.0433,0
Q-02631,REP-07,Gold,5,0.285358,8.48,5.0,2.0,0.100352,10.92154,0.292656,2.0,7.972306,23.48,1.0,0.0,-1.173737,0.9349,0
Q-02632,REP-06,Silver,4,0.0,0.0,4.0,0.0,0.0,10.795096,0.264453,1.0,6.452522,9.76,2.0,0.0,0.33106,0.0,0
Q-02633,REP-07,Bronze,3,2.089427,4.9,3.0,2.0,0.444934,9.742497,0.422907,0.0,6.623172,9.9,1.0,0.0,-2.522871,2.3614,2
Q-02634,REP-04,Bronze,3,3.488394,3.99,3.0,3.0,1.0,10.96649,0.129534,0.0,8.488394,8.99,0.0,0.0,2.694398,2.5873,1
Q-02635,REP-08,Silver,3,0.2596,0.38,3.0,2.0,0.754397,11.096819,0.912674,1.0,9.252626,10.38,0.0,0.0,-0.43577,1.0889,1
Q-02636,REP-03,Bronze,1,0.0,0.0,1.0,0.0,0.0,10.645449,0.0,0.0,0.95,0.95,2.0,0.0,-3.328836,0.0,0
Q-02637,REP-05,Gold,2,0.0,0.0,2.0,0.0,0.0,11.254168,0.0,2.0,0.0,0.0,2.0,0.0,-3.812778,0.0,0
Q-02638,REP-08,Silver,2,1.673312,9.73,2.0,1.0,0.171975,11.047726,0.0,1.0,11.118535,19.73,0.0,0.0,1.430139,2.0764,1
Q-02639,REP-03,Bronze,1,1.39,1.39,1.0,1.0,1.0,11.238502,1.0,0.0,6.39,6.39,2.0,1.0,2.111164,2.3538,2
Q-02640,REP-07,Silver,3,0.0,0.0,3.0,0.0,0.0,11.72076,0.082859,1.0,8.39026,8.71,1.0,0.0,-0.755783,0.5514,0
Q-02641,REP-03,Silver,3,0.0,0.0,3.0,0.0,0.0,10.116621,0.981818,1.0,0.541818,1.49,2.0,0.0,-3.737018,0.0,0
Q-02642,REP-07,Gold,3,0.0,0.0,3.0,0.0,0.0,10.073273,0.468354,2.0,9.722658,11.41,1.0,1.0,0.576615,0.1651,0
Q-02643,REP-02,Gold,2,0.0,0.0,2.0,0.0,0.0,11.163382,0.0,2.0,5.9,6.14,0.0,0.0,-0.28998,0.1475,0
Q-02644,REP-02,Gold,6,0.0,0.0,6.0,0.0,0.0,10.732716,0.425485,2.0,5.695539,13.02,0.0,0.0,-0.494441,0.1759,0
Q-02645,REP-03,Silver,4,0.0,0.0,4.0,0.0,0.0,11.201442,0.989964,1.0,3.216009,5.17,2.0,0.0,-1.062827,0.3348,0
Q-02646,REP-01,Silver,2,0.0,0.0,2.0,0.0,0.0,9.514953,0.840708,1.0,1.550708,4.51,0.0,0.0,-4.025139,0.3554,0
Q-02647,REP-07,Bronze,3,4.47042,5.39,3.0,3.0,1.0,10.820798,0.989011,0.0,9.47042,10.39,1.0,0.0,0.324377,5.0004,2
Q-02648,REP-04,Silver,1,0.0,0.0,1.0,0.0,0.0,5.786897,0.0,1.0,8.07,8.07,0.0,1.0,2.276004,0.2327,0
Q-02649,REP-01,Silver,3,0.176907,1.04,3.0,1.0,0.170103,11.664796,0.721649,1.0,7.48299,11.04,0.0,1.0,1.907143,1.7856,1
Q-02650,REP-06,Silver,2,0.0,0.0,2.0,0.0,0.0,10.830144,0.0,1.0,7.10095,7.26,2.0,0.0,0.979489,0.0,0
Q-02651,REP-07,Gold,1,0.0,0.0,1.0,0.0,0.0,9.392745,0.0,2.0,6.84,6.84,1.0,0.0,-2.306043,0.0,0
Q-02652,REP-04,Silver,4,0.0,0.0,4.0,0.0,0.0,10.634677,0.527076,1.0,4.909097,6.81,0.0,1.0,-0.884898,0.8661,1
Q-02653,REP-08,Gold,2,9.205263,9.54,2.0,1.0,0.964912,10.44001,1.0,2.0,19.056842,19.54,0.0,0.0,9.368446,9.1768,2
Q-02654,REP-05,Silver,3,0.0,0.0,3.0,0.0,0.0,10.975088,0.229452,1.0,3.625993,6.62,2.0,1.0,-0.186785,0.2429,0
Q-02655,REP-08,Bronze,1,5.36,5.36,1.0,1.0,1.0,9.680406,1.0,0.0,10.36,10.36,0.0,1.0,0.671604,6.2253,2
Q-02656,REP-06,Silver,2,0.465748,0.65,2.0,1.0,0.716535,11.058811,0.0,1.0,8.943543,10.65,2.0,0.0,2.822082,0.0,0
Q-02657,REP-01,Silver,5,0.0,0.0,5.0,0.0,0.0,10.485871,0.687055,1.0,5.711898,8.5,0.0,0.0,0.136051,0.4563,0
Q-02658,REP-01,Bronze,1,0.0,0.0,1.0,0.0,0.0,9.680406,1.0,0.0,3.73,3.73,0.0,0.0,-1.845847,0.6833,0
Q-02659,REP-07,Gold,2,3.148,3.37,2.0,2.0,1.0,10.203629,0.2,2.0,17.148,18.37,1.0,1.0,8.001957,1.9277,1
Q-02660,REP-05,Bronze,4,1.57796,1.97,4.0,1.0,0.800995,11.007104,0.195688,0.0,6.127546,6.97,2.0,0.0,2.314768,0.8896,1
Q-02661,REP-01,Silver,2,0.0,0.0,2.0,0.0,0.0,8.441607,0.776699,1.0,5.385243,9.96,0.0,0.0,-0.190604,0.2458,0
Q-02662,REP-02,Bronze,3,6.2e-05,0.01,3.0,1.0,0.006211,10.785208,0.0,0.0,1.889006,5.01,0.0,0.0,-4.300974,0.4036,0
Q-02663,REP-08,Bronze,6,3.969182,6.25,6.0,6.0,1.0,10.91547,0.267176,0.0,8.969182,11.25,0.0,0.0,-0.719214,3.4239,2
Q-02664,REP-02,Silver,1,0.95,0.95,1.0,1.0,1.0,9.65509,0.0,1.0,10.95,10.95,0.0,0.0,4.76002,0.4135,0
Q-02665,REP-08,Silver,2,0.0,0.0,2.0,0.0,0.0,11.002117,0.025,1.0,9.284,9.31,0.0,1.0,-0.404396,0.7438,0
Q-02666,REP-06,Gold,4,0.0,0.0,4.0,0.0,0.0,10.87049,0.903042,2.0,0.76962,11.79,2.0,0.0,-5.351842,0.0,0
Q-02667,REP-02,Silver,3,2.568025,5.12,3.0,1.0,0.501567,10.370393,0.501567,1.0,11.181066,15.12,0.0,0.0,4.991086,3.042,2
Q-02668,REP-08,Silver,1,0.0,0.0,1.0,0.0,0.0,4.836282,0.0,1.0,9.51,9.51,0.0,0.0,-0.178396,0.0,0
Q-02669,REP-05,Gold,4,0.0,0.0,4.0,0.0,0.0,9.408863,0.95941,2.0,1.969188,9.93,2.0,0.0,-1.84359,0.0,0
Q-02670,REP-04,Bronze,2,2.488252,3.63,2.0,2.0,1.0,9.422302,0.533981,0.0,7.488252,8.63,0.0,0.0,1.694257,2.6552,2
Q-02671,REP-08,Gold,1,0.0,0.0,1.0,0.0,0.0,6.175867,0.0,2.0,12.91,12.91,0.0,0.0,3.221604,0.0,0
Q-02672,REP-01,Bronze,1,0.0,0.0,1.0,0.0,0.0,5.620401,0.0,0.0,2.66,2.66,0.0,0.0,-2.915847,0.0023,0
Q-02673,REP-07,Gold,4,1.691127,9.03,4.0,2.0,0.733823,10.308319,0.733823,2.0,12.188085,21.03,1.0,1.0,3.042043,2.7773,2
Q-02674,REP-04,Silver,1,0.0,0.0,1.0,0.0,0.0,7.09091,0.0,1.0,4.29,4.29,0.0,0.0,-1.503996,0.0,0
Q-02675,REP-06,Silver,4,0.0,0.0,4.0,0.0,0.0,11.470237,0.046963,1.0,8.716005,9.0,2.0,0.0,2.594543,0.0043,0
Q-02676,REP-01,Silver,3,0.0,0.0,3.0,0.0,0.0,11.669938,0.25641,1.0,4.718205,6.34,0.0,0.0,-0.857642,0.896,0
Q-02677,REP-03,Gold,4,0.0,0.0,4.0,0.0,0.0,10.140573,0.0,2.0,1.249882,5.56,2.0,0.0,-3.028955,0.0,0
Q-02678,REP-01,Silver,1,4.72,4.72,1.0,1.0,1.0,9.105091,1.0,1.0,14.72,14.72,0.0,0.0,9.144153,4.889,2
Q-02679,REP-03,Silver,5,3.918534,8.91,5.0,1.0,0.439791,11.466892,0.518325,1.0,11.083482,18.91,2.0,0.0,6.804645,4.5326,2
Q-02680,REP-02,Silver,5,0.0,0.0,5.0,0.0,0.0,11.055498,0.657292,1.0,1.277376,5.33,0.0,0.0,-4.912604,0.6689,0
Q-02681,REP-05,Bronze,3,3.109109,3.31,3.0,1.0,0.939308,10.693671,0.054453,0.0,7.863704,8.31,2.0,0.0,4.050926,1.4672,1
Q-02682,REP-02,Silver,2,0.0,0.0,2.0,0.0,0.0,10.786449,0.0,1.0,7.705707,7.96,0.0,1.0,1.515727,0.633,1
Q-02683,REP-02,Gold,3,0.0,0.0,3.0,0.0,0.0,11.692125,0.0,2.0,5.899053,12.85,0.0,1.0,-0.290927,1.0069,1
Q-02684,REP-03,Silver,3,2.41567,3.08,3.0,2.0,0.814433,10.566201,0.721649,1.0,11.602887,13.08,2.0,1.0,7.32405,2.6371,2
Q-02685,REP-06,Silver,4,0.0,0.0,4.0,0.0,0.0,10.806105,0.407543,1.0,5.97146,6.92,2.0,0.0,-0.150002,0.0,0
Q-02686,REP-07,Bronze,4,3.209372,5.07,4.0,4.0,1.0,11.110969,0.757848,0.0,8.209372,10.07,1.0,0.0,-0.936671,3.4532,2
Q-02687,REP-02,Bronze,6,4.121451,11.39,6.0,4.0,0.969283,10.978507,0.076792,0.0,9.019287,16.39,0.0,1.0,2.829307,4.3318,2
Q-02688,REP-06,Gold,2,0.0,0.0,2.0,0.0,0.0,12.153731,0.0,2.0,11.318219,12.84,2.0,0.0,5.196758,0.5417,0
Q-02689,REP-07,Bronze,1,3.78,3.78,1.0,1.0,1.0,9.392745,1.0,0.0,8.78,8.78,1.0,0.0,-0.366043,3.941,2
Q-02690,REP-04,Bronze,4,2.257782,2.63,4.0,3.0,0.917712,11.756663,0.889498,0.0,7.108017,7.63,0.0,0.0,1.314021,3.7072,2
Q-02691,REP-03,Silver,3,0.006008,0.28,3.0,1.0,0.021457,12.030415,0.0,1.0,8.046299,10.28,2.0,0.0,3.767463,0.6115,1
Q-02692,REP-02,Silver,5,0.0,0.0,5.0,0.0,0.0,12.222689,0.27342,1.0,8.182796,9.86,0.0,1.0,1.992816,2.075,2
Q-02693,REP-08,Bronze,3,3.564413,3.99,3.0,3.0,1.0,12.245298,0.069231,0.0,8.564413,8.99,0.0,0.0,-1.123983,3.8234,2
Q-02694,REP-02,Silver,4,0.8722,2.85,4.0,1.0,0.306035,11.71616,0.991553,1.0,7.330754,12.85,0.0,0.0,1.140774,2.3926,2
Q-02695,REP-08,Silver,3,2.884437,4.83,3.0,3.0,1.0,11.008761,0.562914,1.0,12.884437,14.83,0.0,1.0,3.196041,3.8307,2
Q-02696,REP-08,Silver,3,0.369612,5.96,3.0,1.0,0.062016,12.173038,0.062016,1.0,8.939767,15.96,0.0,1.0,-0.748629,2.8427,2
Q-02697,REP-08,Silver,2,0.0,0.0,2.0,0.0,0.0,10.27784,0.962861,1.0,8.725282,9.64,0.0,0.0,-0.963114,0.5519,1
Q-02698,REP-03,Bronze,2,12.824234,13.31,2.0,1.0,0.963504,9.748353,0.963504,0.0,17.641752,18.31,2.0,1.0,13.362916,12.7591,2
Q-02699,REP-03,Bronze,4,0.493608,1.33,4.0,1.0,0.371134,10.278528,0.154639,0.0,4.234433,6.33,2.0,1.0,-0.044403,0.5312,1
Q-02700,REP-03,Bronze,4,0.0,0.0,4.0,0.0,0.0,10.59641,0.525131,0.0,2.204329,2.9,2.0,0.0,-2.074508,0.0221,0
Q-02701,REP-08,Silver,4,0.047226,1.22,4.0,1.0,0.03871,11.951187,0.203226,1.0,5.589948,11.22,0.0,0.0,-4.098448,1.3573,0
Q-02702,REP-07,Silver,4,0.0,0.0,4.0,0.0,0.0,11.468357,0.669176,1.0,7.999474,8.51,1.0,0.0,-1.146569,0.645,0
Q-02703,REP-04,Silver,4,0.0,0.0,4.0,0.0,0.0,11.239817,0.914586,1.0,5.399409,6.99,0.0,0.0,-0.394587,0.9172,1
Q-02704,REP-07,Silver,1,4.67,4.67,1.0,1.0,1.0,9.287394,0.0,1.0,14.67,14.67,1.0,1.0,5.523957,2.4951,2
Q-02705,REP-02,Gold,4,0.0,0.0,4.0,0.0,0.0,12.017789,0.579448,2.0,4.596012,5.79,0.0,0.0,-1.593968,1.2593,1
Q-02706,REP-03,Silver,3,0.0,0.0,3.0,0.0,0.0,10.322231,0.328947,1.0,0.732237,3.55,2.0,0.0,-3.546599,0.0,0
Q-02707,REP-08,Gold,2,0.0,0.0,2.0,0.0,0.0,11.563628,0.011407,2.0,6.83384,6.84,0.0,0.0,-2.854556,0.4429,0
Q-02708,REP-03,Silver,5,0.0,0.0,5.0,0.0,0.0,10.864484,0.235249,1.0,4.631628,7.0,2.0,1.0,0.352791,0.1951,0
Q-02709,REP-06,Silver,3,0.310099,2.26,3.0,1.0,0.137212,10.908906,0.137212,1.0,6.696729,12.26,2.0,0.0,0.575267,0.22,0
Q-02710,REP-04,Gold,3,0.0,0.0,3.0,0.0,0.0,10.318936,0.851485,2.0,2.199208,6.08,0.0,0.0,-3.594788,0.2808,0
Q-02711,REP-07,Gold,2,0.0,0.0,2.0,0.0,0.0,9.654128,0.962464,2.0,7.558239,10.59,1.0,0.0,-1.587804,0.0,0
Q-02712,REP-03,Silver,2,0.0,0.0,2.0,0.0,0.0,10.44001,1.0,1.0,4.21,5.21,2.0,0.0,-0.068836,0.015,0
Q-02713,REP-02,Silver,3,1.318605,1.62,3.0,1.0,0.813953,10.253475,0.0,1.0,10.605539,11.62,0.0,0.0,4.415559,0.7485,1
Q-02714,REP-07,Bronze,2,6.672442,10.22,2.0,2.0,1.0,11.26191,0.514139,0.0,11.672442,15.22,1.0,0.0,2.526399,5.2747,2
Q-02715,REP-05,Bronze,1,0.0,0.0,1.0,0.0,0.0,9.244838,0.0,0.0,2.82,2.82,2.0,0.0,-0.992778,0.0,0
Q-02716,REP-06,Silver,3,0.0,0.0,3.0,0.0,0.0,10.945547,0.026455,1.0,5.522328,6.52,2.0,0.0,-0.599133,0.0,0
Q-02717,REP-06,Silver,2,0.0,0.0,2.0,0.0,0.0,10.118639,0.322581,1.0,3.093871,3.48,2.0,0.0,-3.027591,0.0,0
Q-02718,REP-07,Gold,4,0.0,0.0,4.0,0.0,0.0,12.122696,0.470109,2.0,7.910527,10.14,1.0,0.0,-1.235516,1.0519,0
Q-02719,REP-02,Gold,3,0.0,0.0,3.0,0.0,0.0,9.624831,0.773043,2.0,7.582716,7.81,0.0,1.0,1.392736,0.5613,1
Q-02720,REP-08,Silver,1,0.0,0.0,1.0,0.0,0.0,9.635673,1.0,1.0,7.11,7.11,0.0,1.0,-2.578396,0.9075,1
Q-02721,REP-07,Gold,3,0.0,0.0,3.0,0.0,0.0,9.952325,0.428571,2.0,6.294286,9.4,1.0,0.0,-2.851757,0.0,0
Q-02722,REP-05,Silver,4,0.0,0.0,4.0,0.0,0.0,9.817984,0.245098,1.0,3.087745,4.41,2.0,0.0,-0.725033,0.0,0
Q-02723,REP-01,Silver,5,0.0,0.0,5.0,0.0,0.0,11.397862,0.022439,1.0,4.109918,5.17,0.0,0.0,-1.465929,0.5351,0
Q-02724,REP-08,Silver,4,3.064306,4.11,4.0,1.0,0.745573,11.845755,0.0,1.0,12.303378,14.11,0.0,1.0,2.614982,3.1315,2
Q-02725,REP-05,Gold,4,0.0,0.0,4.0,0.0,0.0,12.099606,0.6396,2.0,2.433482,5.23,2.0,0.0,-1.379296,0.8101,0
Q-02726,REP-02,Bronze,1,0.0,0.0,1.0,0.0,0.0,8.699681,1.0,0.0,3.23,3.23,0.0,0.0,-2.95998,0.6,0
Q-02727,REP-07,Silver,3,0.0,0.0,3.0,0.0,0.0,8.986697,0.675422,1.0,8.07985,8.84,1.0,0.0,-1.066193,0.0,0
Q-02728,REP-06,Bronze,4,0.0,0.0,4.0,0.0,0.0,10.592275,0.715631,0.0,0.505763,4.28,2.0,1.0,-5.615699,0.5755,0
Q-02729,REP-03,Gold,5,0.0,0.0,5.0,0.0,0.0,10.009243,0.553306,2.0,3.455789,7.2,2.0,0.0,-0.823047,0.0,0
Q-02730,REP-08,Silver,4,0.96147,1.39,4.0,2.0,0.693291,11.044537,0.263578,1.0,9.62762,11.39,0.0,0.0,-0.060776,1.0034,0
Q-02731,REP-05,Gold,3,0.0,0.0,3.0,0.0,0.0,8.956222,0.464217,2.0,6.953888,8.22,2.0,1.0,3.14111,0.0,0
Q-02732,REP-07,Bronze,1,11.84,11.84,1.0,1.0,1.0,8.253488,0.0,0.0,16.84,16.84,1.0,1.0,7.693957,6.4572,2
Q-02733,REP-07,Silver,2,0.0,0.0,2.0,0.0,0.0,7.163172,0.0,1.0,8.312093,8.64,1.0,1.0,-0.83395,0.0,0
Q-02734,REP-01,Bronze,2,4.884573,4.89,2.0,1.0,0.99889,10.71555,0.0,0.0,9.881077,9.89,0.0,0.0,4.305229,2.9648,2
Q-02735,REP-02,Gold,5,0.0,0.0,5.0,0.0,0.0,12.070488,0.072148,2.0,5.275687,9.69,0.0,0.0,-0.914293,1.055,0
Q-02736,REP-06,Gold,4,0.0,0.0,4.0,0.0,0.0,10.652566,0.276596,2.0,8.386596,10.76,2.0,1.0,2.265134,0.0,0
Q-02737,REP-05,Silver,1,0.0,0.0,1.0,0.0,0.0,4.615121,0.0,1.0,0.0,0.0,2.0,0.0,-3.812778,0.0,0
Q-02738,REP-02,Silver,2,0.0,0.0,2.0,0.0,0.0,9.989711,0.091743,1.0,7.665596,7.85,0.0,0.0,1.475616,0.0121,0
Q-02739,REP-04,Gold,2,0.0,0.0,2.0,0.0,0.0,8.268988,1.0,2.0,9.895385,10.47,0.0,0.0,4.101389,0.1425,0
Q-02740,REP-04,Bronze,5,0.017601,1.81,5.0,1.0,0.009724,12.128657,0.076175,0.0,1.371232,6.81,0.0,0.0,-4.422764,1.7909,1
Q-02741,REP-06,Gold,2,0.0,0.0,2.0,0.0,0.0,11.07133,0.995334,2.0,7.823328,7.86,2.0,0.0,1.701867,0.0433,0
Q-02742,REP-04,Gold,3,0.0,0.0,3.0,0.0,0.0,9.480444,0.541985,2.0,1.994733,2.41,0.0,0.0,-3.799263,0.0,0
Q-02743,REP-03,Gold,5,0.0,0.0,5.0,0.0,0.0,11.600579,0.543239,2.0,2.033834,4.93,2.0,0.0,-2.245002,0.1684,0
Q-02744,REP-01,Gold,2,0.0,0.0,2.0,0.0,0.0,8.086718,0.0,2.0,6.619692,7.74,0.0,0.0,1.043845,0.0,0
Q-02745,REP-08,Bronze,3,2.85526,4.38,3.0,3.0,1.0,11.103317,0.497063,0.0,7.85526,9.38,0.0,0.0,-1.833136,3.422,2
Q-02746,REP-03,Bronze,5,0.0,0.0,5.0,0.0,0.0,12.328029,0.035408,0.0,4.572879,4.89,2.0,0.0,0.294042,1.3023,1
Q-02747,REP-08,Bronze,3,3.750143,4.12,3.0,3.0,1.0,11.050906,0.185714,0.0,8.750143,9.12,0.0,0.0,-0.938253,2.8949,2
Q-02748,REP-05,Gold,1,0.0,0.0,1.0,0.0,0.0,8.999743,1.0,2.0,1.79,1.79,2.0,0.0,-2.022778,0.0,0
Q-02749,REP-08,Bronze,4,5.139577,12.21,4.0,4.0,1.0,12.015765,0.0,0.0,10.139577,17.21,0.0,1.0,0.451181,5.3296,2
Q-02750,REP-03,Bronze,3,1.305213,2.55,3.0,1.0,0.511848,11.055656,0.033175,0.0,4.567109,7.55,2.0,1.0,0.288273,1.2244,0
Q-02751,REP-03,Silver,1,0.0,0.0,1.0,0.0,0.0,9.105091,0.0,1.0,6.93,6.93,2.0,0.0,2.651164,0.0,0
Q-02752,REP-05,Gold,1,0.0,0.0,1.0,0.0,0.0,7.783641,0.0,2.0,0.0,0.0,2.0,0.0,-3.812778,0.0,0
Q-02753,REP-04,Silver,3,1.697099,3.97,3.0,1.0,0.427481,11.27214,0.458015,1.0,10.066565,13.97,0.0,0.0,4.272569,1.8364,1
Q-02754,REP-01,Silver,3,0.0,0.0,3.0,0.0,0.0,11.357102,0.981652,1.0,0.250652,5.1,0.0,0.0,-5.325196,1.033,0
Q-02755,REP-04,Gold,3,0.0,0.0,3.0,0.0,0.0,11.37992,0.999486,2.0,7.290807,8.6,0.0,1.0,1.496811,1.2893,1
Q-02756,REP-04,Silver,3,0.0,0.0,3.0,0.0,0.0,10.562975,0.995475,1.0,3.976154,5.49,0.0,0.0,-1.817842,0.6498,1
Q-02757,REP-03,Bronze,1,0.0,0.0,1.0,0.0,0.0,10.308986,0.0,0.0,2.35,2.35,2.0,0.0,-1.928836,0.0,0
Q-02758,REP-08,Silver,4,0.306729,4.49,4.0,1.0,0.068314,10.690034,0.068314,1.0,9.295128,14.49,0.0,0.0,-0.393268,0.9351,1
Q-02759,REP-03,Bronze,2,0.0,0.0,2.0,0.0,0.0,11.957938,0.0,0.0,0.0,0.0,2.0,0.0,-4.278836,0.7004,1
Q-02760,REP-01,Silver,4,0.0,0.0,4.0,0.0,0.0,11.302834,0.920419,1.0,3.15649,6.93,0.0,0.0,-2.419357,0.9616,0
Q-02761,REP-02,Bronze,4,0.521328,4.05,4.0,3.0,0.657676,11.476272,0.63278,0.0,4.768216,9.05,0.0,0.0,-1.421764,1.911,1
Q-02762,REP-08,Bronze,4,1.803272,6.83,4.0,4.0,1.0,10.255059,0.992084,0.0,6.803272,11.83,0.0,1.0,-2.885124,3.4815,2
Q-02763,REP-06,Bronze,6,3.426515,5.79,6.0,2.0,0.722213,10.977995,0.389278,0.0,7.838945,10.79,2.0,0.0,1.717483,2.6458,2
Q-02764,REP-05,Silver,3,0.0,0.0,3.0,0.0,0.0,11.544434,0.848837,1.0,4.165116,4.65,2.0,1.0,0.352339,0.9569,0
Q-02765,REP-04,Bronze,2,0.0,0.0,2.0,0.0,0.0,10.683981,0.0,0.0,3.491237,3.79,0.0,1.0,-2.302759,0.8137,1
Q-02766,REP-06,Silver,2,0.0,0.0,2.0,0.0,0.0,9.937937,1.0,1.0,1.886377,3.64,2.0,0.0,-4.235085,0.0,0
Q-02767,REP-01,Silver,4,0.039303,6.38,4.0,1.0,0.00616,11.786656,0.638856,1.0,6.480521,16.38,0.0,0.0,0.904674,1.9454,1
Q-02768,REP-04,Silver,3,0.119046,0.32,3.0,1.0,0.372019,11.049317,0.627981,1.0,5.236614,10.32,0.0,0.0,-0.557382,0.7348,1
Q-02769,REP-03,Bronze,4,0.0,0.0,4.0,0.0,0.0,11.575205,0.375852,0.0,3.248386,4.22,2.0,0.0,-1.03045,0.4936,0
Q-02770,REP-02,Silver,4,1.124587,8.41,4.0,2.0,0.402797,9.973527,0.559441,1.0,7.802531,18.41,0.0,1.0,1.612552,2.1139,2
Q-02771,REP-08,Silver,2,0.0,0.0,2.0,0.0,0.0,9.320181,0.806452,1.0,9.148387,9.6,0.0,0.0,-0.540009,0.3165,0
Q-02772,REP-03,Silver,3,0.0,0.0,3.0,0.0,0.0,10.822993,0.07177,1.0,4.340813,4.38,2.0,0.0,0.061977,0.0,0
Q-02773,REP-06,Bronze,4,2.590976,11.16,4.0,2.0,0.745016,10.260847,0.409234,0.0,6.94171,16.16,2.0,0.0,0.820249,2.9169,2
Q-02774,REP-04,Bronze,1,0.0,0.0,1.0,0.0,0.0,10.203629,1.0,0.0,3.81,3.81,0.0,0.0,-1.983996,0.775,0
Q-02775,REP-03,Silver,1,0.0,0.0,1.0,0.0,0.0,8.699681,0.0,1.0,0.14,0.14,2.0,0.0,-4.138836,0.0,0
Q-02776,REP-02,Silver,2,0.0,0.0,2.0,0.0,0.0,7.986505,0.816327,1.0,7.172449,7.38,0.0,1.0,0.982469,0.7035,0
Q-02777,REP-02,Bronze,4,0.050314,1.72,4.0,1.0,0.029252,12.125952,0.231311,0.0,4.67046,6.72,0.0,1.0,-1.519519,2.3259,2
Q-02778,REP-01,Silver,3,0.0,0.0,3.0,0.0,0.0,10.027959,0.10596,1.0,2.75947,7.27,0.0,1.0,-2.816377,0.477,0
Q-02779,REP-08,Bronze,5,2.778763,7.17,5.0,5.0,1.0,11.532934,0.249951,0.0,7.778763,12.17,0.0,0.0,-1.909633,3.4549,2
Q-02780,REP-01,Bronze,3,0.0,0.0,3.0,0.0,0.0,8.335911,0.0,0.0,3.698561,4.82,0.0,0.0,-1.877286,0.0348,0
Q-02781,REP-07,Bronze,1,2.7,2.7,1.0,1.0,1.0,10.434145,1.0,0.0,7.7,7.7,1.0,1.0,-1.446043,3.5483,2
Q-02782,REP-01,Bronze,1,0.55,0.55,1.0,1.0,1.0,11.61278,0.0,0.0,5.55,5.55,0.0,1.0,-0.025847,1.6623,1
Q-02783,REP-08,Silver,4,0.39798,6.37,4.0,1.0,0.062477,11.826648,0.118378,1.0,4.615597,16.37,0.0,0.0,-5.072799,1.8534,2
Q-02784,REP-02,Silver,5,0.0,0.0,5.0,0.0,0.0,12.343227,0.780296,1.0,6.14551,7.2,0.0,1.0,-0.04447,2.5708,2
Q-02785,REP-04,Silver,5,0.8819,1.36,5.0,1.0,0.648456,12.257246,0.351544,1.0,10.284038,11.36,0.0,1.0,4.490042,2.6975,2
Q-02786,REP-03,Gold,2,0.0,0.0,2.0,0.0,0.0,10.106469,0.734694,2.0,6.228776,6.38,2.0,0.0,1.949939,0.0,0
Q-02787,REP-06,Silver,3,1.323446,1.35,3.0,2.0,0.988701,12.266231,0.376648,1.0,11.218362,11.35,2.0,0.0,5.0969,2.0703,1
Q-02788,REP-05,Bronze,2,0.0,0.0,2.0,0.0,0.0,10.169729,0.586207,0.0,0.244483,0.41,2.0,0.0,-3.568295,0.0,0
Q-02789,REP-05,Gold,1,0.0,0.0,1.0,0.0,0.0,10.373522,1.0,2.0,3.35,3.35,2.0,1.0,-0.462778,0.2267,0
Q-02790,REP-06,Gold,4,0.0,0.0,4.0,0.0,0.0,11.34877,0.635164,2.0,8.090047,11.66,2.0,0.0,1.968586,0.0165,0
Q-02791,REP-03,Gold,3,0.0,0.0,3.0,0.0,0.0,10.063734,0.613419,2.0,1.543099,5.95,2.0,0.0,-2.735737,0.0,0
Q-02792,REP-06,Silver,3,0.0,0.0,3.0,0.0,0.0,9.153347,0.995236,1.0,1.954854,4.57,2.0,0.0,-4.166607,0.0,0
Q-02793,REP-02,Silver,1,0.0,0.0,1.0,0.0,0.0,8.188967,1.0,1.0,4.98,4.98,0.0,0.0,-1.20998,0.36,1
Q-02794,REP-05,Silver,2,0.0,0.0,2.0,0.0,0.0,9.105091,0.2,1.0,3.696,4.2,2.0,0.0,-0.116778,0.0,0
Q-02795,REP-03,Silver,3,0.0,0.0,3.0,0.0,0.0,9.697447,0.737327,1.0,6.917742,8.29,2.0,1.0,2.638906,0.1712,0
Q-02796,REP-06,Silver,3,0.780376,2.67,3.0,1.0,0.292276,11.470028,0.451983,1.0,7.846232,12.67,2.0,0.0,1.72477,1.1761,1
Q-02797,REP-03,Bronze,2,1.374046,1.44,2.0,1.0,0.954198,9.662753,0.954198,0.0,6.343359,6.44,2.0,1.0,2.064523,1.8184,1
Q-02798,REP-07,Gold,4,0.025055,0.76,4.0,1.0,0.032967,10.437815,0.21978,2.0,8.350154,15.76,1.0,0.0,-0.795889,0.0,0
Q-02799,REP-08,Silver,2,0.935937,5.99,2.0,1.0,0.15625,9.862718,0.15625,1.0,10.82625,15.99,0.0,0.0,1.137854,1.471,1
Q-02800,REP-06,Gold,3,0.0,0.0,3.0,0.0,0.0,9.925543,0.733676,2.0,3.325473,5.78,2.0,1.0,-2.795988,0.0,0
Q-02801,REP-01,Silver,2,0.0,0.0,2.0,0.0,0.0,10.943782,0.0,1.0,6.778127,8.2,0.0,0.0,1.20228,0.2517,0
Q-02802,REP-02,Bronze,5,3.345577,4.63,5.0,3.0,0.799809,10.356822,0.99142,0.0,7.63776,9.63,0.0,0.0,1.44778,4.1261,2
Q-02803,REP-07,Silver,2,0.0,0.0,2.0,0.0,0.0,11.63692,0.023852,1.0,2.876581,6.42,1.0,0.0,-6.269462,0.4365,0
Q-02804,REP-06,Silver,6,0.0,0.0,6.0,0.0,0.0,11.647072,0.154781,1.0,5.800835,8.33,2.0,0.0,-0.320626,0.2181,0
Q-02805,REP-06,Silver,2,2.408475,2.9,2.0,1.0,0.830508,10.879951,0.169492,1.0,11.410169,12.9,2.0,1.0,5.288708,1.4963,1
Q-02806,REP-01,Silver,2,0.0,0.0,2.0,0.0,0.0,10.63828,0.496403,1.0,8.291223,9.15,0.0,1.0,2.715376,0.8505,1
Q-02807,REP-05,Gold,3,0.0,0.0,3.0,0.0,0.0,11.136427,0.495446,2.0,5.125909,5.31,2.0,0.0,1.313131,0.0,0
Q-02808,REP-02,Gold,2,8.757776,9.01,2.0,1.0,0.972006,10.848191,0.972006,2.0,18.583375,19.01,0.0,0.0,12.393395,8.8709,2
Q-02809,REP-04,Bronze,3,1.225081,2.64,3.0,2.0,0.962934,11.078304,0.803089,0.0,6.039753,7.64,0.0,0.0,0.245757,2.1235,2
Q-02810,REP-03,Silver,1,0.0,0.0,1.0,0.0,0.0,11.338584,1.0,1.0,5.11,5.11,2.0,0.0,0.831164,0.43,0
Q-02811,REP-01,Bronze,1,1.96,1.96,1.0,1.0,1.0,5.303305,0.0,0.0,6.96,6.96,0.0,0.0,1.384153,1.0405,1
Q-02812,REP-05,Bronze,4,0.163493,0.48,4.0,1.0,0.340611,10.732061,0.432314,0.0,3.703886,5.48,2.0,1.0,-0.108891,0.5909,0
Q-02813,REP-02,Silver,1,0.0,0.0,1.0,0.0,0.0,9.980495,1.0,1.0,1.86,1.86,0.0,0.0,-4.32998,0.51,0
Q-02814,REP-02,Silver,4,0.0,0.0,4.0,0.0,0.0,10.714107,0.733578,1.0,6.067989,7.06,0.0,0.0,-0.121991,0.5583,0
Q-02815,REP-08,Bronze,1,10.46,10.46,1.0,1.0,1.0,5.888878,0.0,0.0,15.46,15.46,0.0,1.0,5.771604,5.9968,2
Q-02816,REP-01,Gold,6,0.0,0.0,6.0,0.0,0.0,12.177987,0.431965,2.0,3.145017,5.48,0.0,0.0,-2.43083,1.4181,1
Q-02817,REP-02,Silver,2,0.0,0.0,2.0,0.0,0.0,11.527824,0.039409,1.0,9.266897,9.38,0.0,1.0,3.076917,1.0975,1
Q-02818,REP-01,Gold,3,0.73125,2.21,3.0,1.0,0.330882,10.904138,0.402574,2.0,9.301967,12.21,0.0,0.0,3.72612,1.0921,1
Q-02819,REP-01,Bronze,1,0.0,0.0,1.0,0.0,0.0,6.054439,0.0,0.0,1.99,1.99,0.0,0.0,-3.585847,0.0035,0
Q-02820,REP-01,Silver,6,0.029623,1.06,6.0,1.0,0.027946,12.277002,0.075454,1.0,2.442389,11.06,0.0,0.0,-3.133458,1.7521,1
Q-02821,REP-05,Gold,1,0.0,0.0,1.0,0.0,0.0,8.268988,1.0,2.0,0.0,0.0,2.0,1.0,-3.812778,0.0,0
Q-02822,REP-04,Bronze,5,0.585292,2.04,5.0,3.0,0.750452,10.815188,0.13261,0.0,5.50358,7.04,0.0,0.0,-0.290415,1.047,1
Q-02823,REP-03,Silver,2,3.527788,3.54,2.0,1.0,0.99655,11.555611,0.0,1.0,13.493292,13.54,2.0,0.0,9.214456,1.9207,1
Q-02824,REP-03,Silver,1,0.0,0.0,1.0,0.0,0.0,10.673619,0.0,1.0,5.11,5.11,2.0,0.0,0.831164,0.0,0
Q-02825,REP-05,Silver,2,0.0,0.0,2.0,0.0,0.0,10.134639,0.285714,1.0,0.0,0.0,2.0,0.0,-3.812778,0.0,0
Q-02826,REP-05,Bronze,4,0.0,0.0,4.0,0.0,0.0,9.951134,0.538737,0.0,4.535209,4.71,2.0,1.0,0.722431,0.3211,0
Q-02827,REP-08,Silver,2,0.55268,0.65,2.0,1.0,0.850277,10.898608,0.850277,1.0,10.358041,10.65,0.0,0.0,0.669644,1.2342,0
Q-02828,REP-03,Silver,3,0.080159,2.02,3.0,1.0,0.039683,9.62384,0.0,1.0,7.103492,12.02,2.0,1.0,2.824656,0.0119,0
Q-02829,REP-06,Bronze,2,0.009509,5.03,2.0,1.0,0.00189,10.183049,0.0,0.0,4.191059,10.03,2.0,1.0,-1.930403,0.6277,0
Q-02830,REP-02,Gold,2,0.0,0.0,2.0,0.0,0.0,9.253496,0.0,2.0,10.118621,10.31,0.0,0.0,3.928641,0.0,0
Q-02831,REP-04,Silver,5,0.075908,0.55,5.0,1.0,0.138014,10.639119,0.495987,1.0,6.662585,10.55,0.0,1.0,0.868589,0.943,1
Q-02832,REP-06,Gold,5,0.488887,3.55,5.0,2.0,0.420214,11.651565,0.532776,2.0,8.067315,18.55,2.0,1.0,1.945854,1.4579,1
Q-02833,REP-01,Silver,1,0.0,0.0,1.0,0.0,0.0,5.525453,0.0,1.0,3.42,3.42,0.0,0.0,-2.155847,0.0,0
Q-02834,REP-08,Bronze,4,2.336995,4.83,4.0,3.0,0.626817,11.726431,0.597738,0.0,7.318336,9.83,0.0,0.0,-2.37006,3.8285,2
Q-02835,REP-01,Silver,1,0.0,0.0,1.0,0.0,0.0,8.999743,1.0,1.0,0.0,0.0,0.0,0.0,-5.575847,0.3975,0
Q-02836,REP-02,Gold,1,0.0,0.0,1.0,0.0,0.0,9.441531,1.0,2.0,5.41,5.41,0.0,0.0,-0.77998,0.215,0
Q-02837,REP-05,Gold,4,0.0,0.0,4.0,0.0,0.0,10.532123,0.552,2.0,6.66656,8.91,2.0,1.0,2.853782,0.0261,0
Q-02838,REP-06,Gold,2,0.0,0.0,2.0,0.0,0.0,6.60123,0.0,2.0,5.466531,5.9,2.0,0.0,-0.654931,0.0,0
Q-02839,REP-05,Gold,1,0.0,0.0,1.0,0.0,0.0,8.748464,1.0,2.0,5.43,5.43,2.0,0.0,1.617222,0.0,0
Q-02840,REP-08,Bronze,5,3.239771,8.46,5.0,5.0,1.0,11.249233,0.156209,0.0,8.239771,13.46,0.0,1.0,-1.448625,3.865,2
Q-02841,REP-07,Bronze,3,1.95,9.71,3.0,3.0,1.0,10.474495,0.0,0.0,6.95,14.71,1.0,0.0,-2.196043,1.8821,1
Q-02842,REP-01,Silver,1,0.0,0.0,1.0,0.0,0.0,9.952325,0.0,1.0,6.91,6.91,0.0,1.0,1.334153,0.405,0
Q-02843,REP-01,Silver,2,0.0,0.0,2.0,0.0,0.0,9.273409,0.0,1.0,5.824789,6.74,0.0,0.0,0.248942,0.0,0
Q-02844,REP-01,Silver,1,0.0,0.0,1.0,0.0,0.0,9.244838,0.0,1.0,6.67,6.67,0.0,0.0,1.094153,0.0,0
Q-02845,REP-05,Gold,1,0.0,0.0,1.0,0.0,0.0,7.601402,1.0,2.0,7.39,7.39,2.0,1.0,3.577222,0.0,0
Q-02846,REP-01,Gold,1,0.0,0.0,1.0,0.0,0.0,10.58661,0.0,2.0,14.11,14.11,0.0,1.0,8.534153,0.34,0
Q-02847,REP-06,Silver,1,0.0,0.0,1.0,0.0,0.0,11.002117,1.0,1.0,7.38,7.38,2.0,1.0,1.258538,0.68,0
Q-02848,REP-07,Bronze,6,4.745991,11.74,6.0,6.0,1.0,11.067591,0.432407,0.0,9.745991,16.74,1.0,0.0,0.599948,4.9629,2
Q-02849,REP-08,Gold,4,1.194916,2.38,4.0,2.0,0.774336,12.308092,0.099332,2.0,14.53277,16.42,0.0,1.0,4.844374,2.7733,2
Q-02850,REP-02,Bronze,1,11.28,11.28,1.0,1.0,1.0,10.59666,1.0,0.0,16.28,16.28,0.0,1.0,10.09002,12.0493,2
Q-02851,REP-03,Silver,3,0.0,0.0,3.0,0.0,0.0,11.259336,0.783505,1.0,7.95567,9.91,2.0,1.0,3.676834,0.7076,1
Q-02852,REP-04,Gold,3,2.505957,4.47,3.0,1.0,0.560617,11.868507,0.632095,2.0,12.017722,16.47,0.0,0.0,6.223727,3.6935,2
Q-02853,REP-03,Silver,4,0.0,0.0,4.0,0.0,0.0,10.453947,0.519031,1.0,1.491592,3.11,2.0,0.0,-2.787245,0.0,0
Q-02854,REP-03,Silver,2,0.0,0.0,2.0,0.0,0.0,11.492733,0.137755,1.0,7.754439,8.53,2.0,1.0,3.475603,0.5224,0
Q-02855,REP-01,Silver,2,1.932387,2.34,2.0,1.0,0.825806,11.258046,1.0,1.0,10.448258,12.34,0.0,0.0,4.872411,2.8564,2
Q-02856,REP-08,Silver,2,3.29,4.08,2.0,2.0,1.0,9.392745,0.25,1.0,13.29,14.08,0.0,1.0,3.601604,2.3947,1
Q-02857,REP-06,Bronze,5,2.667895,7.2,5.0,3.0,0.595547,11.768544,0.402711,0.0,6.080101,12.2,2.0,0.0,-0.041361,2.61,2
Q-02858,REP-07,Silver,1,0.0,0.0,1.0,0.0,0.0,9.441531,1.0,1.0,3.65,3.65,1.0,0.0,-5.496043,0.135,0
Q-02859,REP-02,Gold,1,0.0,0.0,1.0,0.0,0.0,5.484797,0.0,2.0,8.0,8.0,0.0,0.0,1.81002,0.0,0
Q-02860,REP-08,Silver,4,3.866695,6.96,4.0,2.0,0.559322,10.474495,0.754237,1.0,12.356864,16.96,0.0,0.0,2.668468,4.4897,2
Q-02861,REP-01,Silver,1,3.88,3.88,1.0,1.0,1.0,8.343078,1.0,1.0,13.88,13.88,0.0,1.0,8.304153,4.501,2
Q-02862,REP-03,Silver,3,0.0,0.0,3.0,0.0,0.0,9.842994,0.796813,1.0,7.580239,9.29,2.0,0.0,3.301403,0.0,0
Q-02863,REP-05,Bronze,1,0.0,0.0,1.0,0.0,0.0,10.03456,0.0,0.0,2.68,2.68,2.0,1.0,-1.132778,0.04,0
Q-02864,REP-01,Silver,1,0.0,0.0,1.0,0.0,0.0,9.798183,1.0,1.0,1.11,1.11,0.0,1.0,-4.465847,0.93,0
Q-02865,REP-04,Silver,3,0.327886,1.44,3.0,1.0,0.227698,12.220473,0.0,1.0,5.134707,11.44,0.0,0.0,-0.659289,1.7669,1
Q-02866,REP-01,Bronze,2,0.0,0.0,2.0,0.0,0.0,11.89547,0.024557,0.0,3.371896,3.38,0.0,0.0,-2.203951,1.2352,1
Q-02867,REP-06,Bronze,5,2.647901,3.35,5.0,2.0,0.801527,11.559819,0.103053,0.0,7.088702,8.35,2.0,0.0,0.967241,1.8912,1
Q-02868,REP-08,Bronze,1,6.54,6.54,1.0,1.0,1.0,8.881975,0.0,0.0,11.54,11.54,0.0,0.0,1.851604,3.5262,2
Q-02869,REP-01,Bronze,5,1.148086,8.96,5.0,2.0,0.144864,11.643085,0.126427,0.0,5.497164,13.96,0.0,0.0,-0.078683,2.9623,2
Q-02870,REP-07,Silver,3,0.0,0.0,3.0,0.0,0.0,9.55116,0.554765,1.0,7.766615,8.46,1.0,0.0,-1.379428,0.0,0
Q-02871,REP-03,Bronze,3,2.076,3.46,3.0,1.0,0.6,9.185125,0.030769,0.0,6.156308,8.46,2.0,1.0,1.877471,1.2007,1
Q-02872,REP-05,Gold,4,0.0,0.0,4.0,0.0,0.0,11.054075,0.625,2.0,2.581028,3.59,2.0,0.0,-1.231749,0.0,0
Q-02873,REP-06,Bronze,1,0.4,0.4,1.0,1.0,1.0,9.729194,0.0,0.0,5.4,5.4,2.0,0.0,-0.721462,0.0,0
Q-02874,REP-02,Gold,2,0.0,0.0,2.0,0.0,0.0,10.553231,1.0,2.0,6.312324,7.37,0.0,0.0,0.122344,0.4292,0
Q-02875,REP-01,Silver,2,0.0,0.0,2.0,0.0,0.0,11.192734,0.826446,1.0,1.932066,3.18,0.0,0.0,-3.643781,0.8395,1
Q-02876,REP-05,Bronze,1,0.0,0.0,1.0,0.0,0.0,7.878913,0.0,0.0,2.77,2.77,2.0,0.0,-1.042778,0.0,0
Q-02877,REP-03,Gold,4,0.0,0.0,4.0,0.0,0.0,10.981914,0.413265,2.0,1.331633,3.27,2.0,0.0,-2.947204,0.0,0
Q-02878,REP-07,Gold,3,0.0,0.0,3.0,0.0,0.0,9.625822,0.792079,2.0,6.280099,7.62,1.0,0.0,-2.865944,0.0,0
Q-02879,REP-01,Silver,2,0.0,0.0,2.0,0.0,0.0,9.133027,0.0,1.0,1.547601,2.31,0.0,0.0,-4.028246,0.0,0
Q-02880,REP-05,Silver,2,0.0,0.0,2.0,0.0,0.0,9.441531,0.809524,1.0,0.0,0.0,2.0,0.0,-3.812778,0.0,0
Q-02881,REP-06,Gold,3,0.0,0.0,3.0,0.0,0.0,10.903218,0.0,2.0,10.715419,11.23,2.0,1.0,4.593957,0.0,0
Q-02882,REP-07,Gold,1,0.0,0.0,1.0,0.0,0.0,10.373522,1.0,2.0,7.58,7.58,1.0,1.0,-1.566043,0.5267,0
Q-02883,REP-05,Gold,3,0.0,0.0,3.0,0.0,0.0,11.166215,0.923621,2.0,4.865771,5.1,2.0,1.0,1.052993,0.5072,0
Q-02884,REP-05,Bronze,3,0.0,0.0,3.0,0.0,0.0,9.709963,0.182039,0.0,3.531019,4.34,2.0,0.0,-0.281758,0.0,0
Q-02885,REP-08,Gold,1,0.0,0.0,1.0,0.0,0.0,6.985642,0.0,2.0,8.23,8.23,0.0,0.0,-1.458396,0.0,0
Q-02886,REP-07,Silver,2,0.582857,2.04,2.0,1.0,0.285714,11.313266,0.0,1.0,10.39,12.04,1.0,0.0,1.243957,0.6317,0
Q-02887,REP-02,Gold,1,0.0,0.0,1.0,0.0,0.0,5.860786,0.0,2.0,3.71,3.71,0.0,0.0,-2.47998,0.0,0
Q-02888,REP-02,Silver,4,0.0,0.0,4.0,0.0,0.0,10.571343,0.661538,1.0,2.709538,3.32,0.0,0.0,-3.480441,0.4688,0
Q-02889,REP-07,Bronze,2,4.106185,4.58,2.0,2.0,1.0,10.599157,0.947631,0.0,9.106185,9.58,1.0,0.0,-0.039858,4.4076,2
Q-02890,REP-03,Silver,4,0.0,0.0,4.0,0.0,0.0,10.629731,0.998912,1.0,1.823679,3.77,2.0,0.0,-2.455157,0.0739,0
Q-02891,REP-02,Bronze,2,2.415714,3.63,2.0,2.0,1.0,9.729194,0.642857,0.0,7.415714,8.63,0.0,1.0,1.225734,3.3376,2
Q-02892,REP-07,Gold,2,0.0,0.0,2.0,0.0,0.0,10.045464,0.976139,2.0,7.248698,9.65,1.0,1.0,-1.897344,0.439,0
Q-02893,REP-05,Silver,4,0.0,0.0,4.0,0.0,0.0,11.287291,0.308271,1.0,3.427293,9.15,2.0,0.0,-0.385485,0.0145,0
Q-02894,REP-08,Gold,5,0.018415,0.26,5.0,1.0,0.070828,12.327852,0.344843,2.0,10.455684,11.98,0.0,0.0,0.767288,1.6762,1
Q-02895,REP-02,Gold,4,0.0,0.0,4.0,0.0,0.0,11.993999,0.203981,2.0,5.294954,6.14,0.0,0.0,-0.895026,1.0204,1
Q-02896,REP-05,Gold,1,0.0,0.0,1.0,0.0,0.0,11.127278,1.0,2.0,2.0,2.0,2.0,0.0,-1.812778,0.0767,0
Q-02897,REP-01,Silver,2,0.0,0.0,2.0,0.0,0.0,7.923348,0.652174,1.0,4.211739,6.01,0.0,0.0,-1.364108,0.1617,0
Q-02898,REP-02,Silver,2,0.0,0.0,2.0,0.0,0.0,10.687412,1.0,1.0,6.693425,8.14,0.0,0.0,0.503445,0.695,0
Q-02899,REP-08,Gold,3,0.905165,3.37,3.0,1.0,0.268595,11.480413,0.0,2.0,12.668017,18.37,0.0,1.0,2.97962,1.5675,1
Q-02900,REP-07,Bronze,4,1.43444,3.18,4.0,3.0,0.945848,11.327812,1.0,0.0,6.404657,8.18,1.0,0.0,-2.741386,2.4972,2
Q-02901,REP-03,Bronze,4,0.011262,1.59,4.0,1.0,0.007083,11.25998,0.289762,0.0,1.683909,6.59,2.0,0.0,-2.594928,0.3861,0
Q-02902,REP-03,Silver,6,0.01237,0.67,6.0,1.0,0.018463,12.468364,0.310793,1.0,7.806164,10.67,2.0,1.0,3.527328,2.0515,1
Q-02903,REP-02,Silver,6,0.0,0.0,6.0,0.0,0.0,11.76583,0.821588,1.0,6.854042,9.73,0.0,0.0,0.664062,1.305,1
Q-02904,REP-03,Gold,1,0.0,0.0,1.0,0.0,0.0,6.943122,0.0,2.0,1.71,1.71,2.0,1.0,-2.568836,0.0,0
Q-02905,REP-02,Bronze,3,7.556118,10.32,3.0,3.0,1.0,11.127278,0.682353,0.0,12.556118,15.32,0.0,0.0,6.366138,8.0561,2
Q-02906,REP-02,Gold,2,0.0,0.0,2.0,0.0,0.0,7.802209,0.0,2.0,3.841227,4.92,0.0,0.0,-2.348753,0.0,0
Q-02907,REP-04,Silver,3,0.124444,1.88,3.0,1.0,0.066194,10.141756,0.933806,1.0,4.11487,11.88,0.0,0.0,-1.679126,0.7642,0
Q-02908,REP-04,Silver,2,0.0,0.0,2.0,0.0,0.0,10.859018,1.0,1.0,5.862308,6.49,0.0,0.0,0.068312,0.7633,1
Q-02909,REP-02,Silver,3,0.0,0.0,3.0,0.0,0.0,11.582461,0.151119,1.0,4.692631,4.72,0.0,1.0,-1.497349,1.2064,1
Q-02910,REP-02,Bronze,2,1.618466,1.77,2.0,2.0,1.0,9.65829,0.511182,0.0,6.618466,6.77,0.0,0.0,0.428487,1.666,2
Q-02911,REP-02,Silver,4,0.0,0.0,4.0,0.0,0.0,10.253827,0.99683,1.0,7.847041,9.35,0.0,1.0,1.657061,1.0148,0
Q-02912,REP-01,Bronze,4,14.14238,15.63,4.0,3.0,0.984869,11.617565,0.981717,0.0,19.137539,20.63,0.0,0.0,13.561691,15.0602,2
Q-02913,REP-02,Silver,5,0.177152,2.15,5.0,1.0,0.082396,10.972602,0.902927,1.0,7.80471,12.15,0.0,1.0,1.61473,1.523,1
Q-02914,REP-08,Silver,4,2.366703,3.57,4.0,3.0,0.981569,10.102994,0.901085,1.0,12.291135,13.57,0.0,0.0,2.602738,2.793,2
Q-02915,REP-04,Gold,3,0.0,0.0,3.0,0.0,0.0,11.884772,0.068946,2.0,5.673756,6.03,0.0,0.0,-0.12024,0.8066,1
Q-02916,REP-07,Bronze,2,5.198792,7.42,2.0,2.0,1.0,9.609184,0.563758,0.0,10.198792,12.42,1.0,1.0,1.052749,4.4079,2
Q-02917,REP-03,Gold,6,0.0,0.0,6.0,0.0,0.0,11.397526,0.717172,2.0,0.812997,3.36,2.0,0.0,-3.46584,0.0969,0
Q-02918,REP-05,Bronze,3,0.0,0.0,3.0,0.0,0.0,12.171823,0.155227,0.0,0.695083,1.68,2.0,0.0,-3.117695,1.0959,0
Q-02919,REP-06,Bronze,5,0.63462,8.59,5.0,3.0,0.911841,10.860267,0.989148,0.0,5.455709,13.59,2.0,0.0,-0.665752,1.8469,1
Q-02920,REP-06,Silver,3,5.708571,7.77,3.0,1.0,0.734694,10.288784,0.265306,1.0,14.195816,17.77,2.0,0.0,8.074355,2.8232,2
Q-02921,REP-05,Silver,1,0.0,0.0,1.0,0.0,0.0,8.371242,0.0,1.0,5.74,5.74,2.0,1.0,1.927222,0.0,0
Q-02922,REP-01,Silver,4,0.113609,0.24,4.0,1.0,0.473373,9.629774,0.473373,1.0,7.563491,10.24,0.0,0.0,1.987644,0.2889,0
Q-02923,REP-05,Silver,5,0.0,0.0,5.0,0.0,0.0,12.046555,0.546009,1.0,5.466811,7.22,2.0,1.0,1.654033,1.3512,1
Q-02924,REP-03,Silver,4,2.253704,3.79,4.0,2.0,0.703704,10.896758,0.666667,1.0,10.398519,13.79,2.0,0.0,6.119682,1.9497,1
Q-02925,REP-05,Gold,3,0.0,0.0,3.0,0.0,0.0,9.774574,0.477816,2.0,3.398857,4.29,2.0,1.0,-0.413921,0.0,0
Q-02926,REP-01,Bronze,4,3.026221,3.37,4.0,3.0,0.951952,12.205077,0.26026,0.0,7.947903,8.37,0.0,1.0,2.372056,4.2464,2
Q-02927,REP-07,Silver,2,0.383391,0.42,2.0,1.0,0.912837,8.750049,0.0,1.0,10.251775,10.42,1.0,1.0,1.105732,0.1898,0
Q-02928,REP-04,Silver,4,0.0,0.0,4.0,0.0,0.0,10.62123,0.373216,1.0,4.509265,8.0,0.0,0.0,-1.284731,0.3269,0
Q-02929,REP-08,Silver,4,10.452652,12.97,4.0,2.0,0.833333,10.768927,0.151515,1.0,20.24053,22.97,0.0,1.0,10.552134,6.5261,2
Q-02930,REP-05,Silver,4,0.0,0.0,4.0,0.0,0.0,10.659985,0.844773,1.0,3.45792,3.59,2.0,0.0,-0.354858,0.0,0
Q-02931,REP-01,Silver,2,3.166113,4.37,2.0,2.0,1.0,11.213184,0.291498,1.0,13.166113,14.37,0.0,1.0,7.590266,2.8477,2
Q-02932,REP-06,Gold,1,0.0,0.0,1.0,0.0,0.0,11.998439,0.0,2.0,11.9,11.9,2.0,0.0,5.778538,0.3142,0
Q-02933,REP-06,Bronze,5,3.932309,5.23,5.0,3.0,0.815913,12.166817,0.093604,0.0,8.413495,10.23,2.0,1.0,2.292033,3.7993,2
Q-02934,REP-08,Gold,4,0.0,0.0,4.0,0.0,0.0,11.434813,0.648754,2.0,7.78381,10.74,0.0,1.0,-1.904586,1.1375,0
Q-02935,REP-05,Bronze,1,0.0,0.0,1.0,0.0,0.0,10.060534,0.0,0.0,3.63,3.63,2.0,1.0,-0.182778,0.045,0
Q-02936,REP-08,Bronze,3,1.49013,3.43,3.0,2.0,0.438445,10.742919,0.431965,0.0,4.754924,8.43,0.0,0.0,-4.933472,2.2489,2
Q-02937,REP-03,Bronze,1,0.0,0.0,1.0,0.0,0.0,5.70711,1.0,0.0,4.93,4.93,2.0,1.0,0.651164,0.4025,0
Q-02938,REP-05,Bronze,2,0.696923,1.51,2.0,1.0,0.461538,10.16589,1.0,0.0,4.878462,6.51,2.0,0.0,1.065684,0.9182,1
Q-02939,REP-02,Silver,1,0.0,0.0,1.0,0.0,0.0,6.216606,0.0,1.0,2.22,2.22,0.0,0.0,-3.96998,0.0,0
Q-02940,REP-05,Gold,3,0.0,0.0,3.0,0.0,0.0,10.778977,0.1875,2.0,2.2355,5.16,2.0,0.0,-1.577278,0.0,0
Q-02941,REP-04,Silver,2,2.206452,2.28,2.0,1.0,0.967742,8.955577,0.967742,1.0,12.040968,12.28,0.0,0.0,6.246972,2.4811,2
Q-02942,REP-06,Gold,6,0.0,0.0,6.0,0.0,0.0,11.913217,0.499246,2.0,7.38929,9.49,2.0,0.0,1.267828,0.4781,0
Q-02943,REP-08,Gold,3,0.0,0.0,3.0,0.0,0.0,9.799848,0.599002,2.0,6.624709,7.69,0.0,0.0,-3.063687,0.0397,0
Q-02944,REP-08,Bronze,1,0.0,0.0,1.0,0.0,0.0,10.827766,0.0,0.0,3.76,3.76,0.0,0.0,-5.928396,0.42,0
Q-02945,REP-04,Bronze,2,0.0,0.0,2.0,0.0,0.0,9.615872,0.0,0.0,3.9992,4.01,0.0,0.0,-1.794796,0.125,0
Q-02946,REP-04,Silver,4,0.0,0.0,4.0,0.0,0.0,11.10196,0.366516,1.0,7.369683,9.47,0.0,0.0,1.575687,0.5341,0
Q-02947,REP-08,Silver,3,0.033013,0.06,3.0,1.0,0.550218,11.137519,0.0131,1.0,9.883144,10.06,0.0,0.0,0.194748,0.3802,0
Q-02948,REP-08,Bronze,2,1.54,1.61,2.0,2.0,1.0,9.746892,0.947368,0.0,6.54,6.61,0.0,0.0,-3.148396,2.1281,2
Q-02949,REP-06,Silver,5,0.0,0.0,5.0,0.0,0.0,10.61241,0.022148,1.0,5.585006,7.32,2.0,0.0,-0.536456,0.0,0
Q-02950,REP-03,Bronze,1,1.61,1.61,1.0,1.0,1.0,8.045909,0.0,0.0,6.61,6.61,2.0,1.0,2.331164,0.7293,0
Q-02951,REP-06,Bronze,5,3.024011,6.46,5.0,4.0,0.8501,11.002783,0.536309,0.0,7.527841,11.46,2.0,1.0,1.40638,3.3596,2
Q-02952,REP-01,Silver,4,0.0,0.0,4.0,0.0,0.0,10.714995,0.69739,1.0,7.167996,9.57,0.0,1.0,1.592148,0.9888,1
Q-02953,REP-01,Gold,4,0.0,0.0,4.0,0.0,0.0,10.792941,0.400616,2.0,5.247658,5.72,0.0,0.0,-0.328189,0.186,0
Q-02954,REP-06,Bronze,3,0.893073,2.33,3.0,2.0,0.998899,10.723289,0.969163,0.0,5.892423,7.33,2.0,0.0,-0.229039,1.2888,1
Q-02955,REP-08,Gold,2,0.0,0.0,2.0,0.0,0.0,9.31479,1.0,2.0,8.627568,10.16,0.0,0.0,-1.060829,0.2025,0
Q-02956,REP-06,Gold,4,0.0,0.0,4.0,0.0,0.0,10.703716,0.572776,2.0,5.828787,8.23,2.0,0.0,-0.292674,0.0,0
Q-02957,REP-01,Bronze,2,3.715263,6.11,2.0,2.0,1.0,8.830689,0.921053,0.0,8.715263,11.11,0.0,1.0,3.139416,4.6039,2
Q-02958,REP-04,Silver,2,0.0,0.0,2.0,0.0,0.0,10.457401,1.0,1.0,1.761552,2.84,0.0,0.0,-4.032444,0.62,0
Q-02959,REP-07,Silver,2,0.0,0.0,2.0,0.0,0.0,11.08523,0.613497,1.0,9.211534,9.37,1.0,0.0,0.065491,0.3608,0
Q-02960,REP-04,Silver,1,0.0,0.0,1.0,0.0,0.0,9.952325,0.0,1.0,7.59,7.59,0.0,0.0,1.796004,0.0,0
Q-02961,REP-07,Silver,1,0.0,0.0,1.0,0.0,0.0,8.594339,0.0,1.0,7.68,7.68,1.0,0.0,-1.466043,0.0,0
Q-02962,REP-07,Silver,6,0.0,0.0,6.0,0.0,0.0,10.924156,0.535135,1.0,8.387676,9.51,1.0,0.0,-0.758367,0.2368,0
Q-02963,REP-05,Gold,4,0.0,0.0,4.0,0.0,0.0,10.554666,0.508408,2.0,1.505295,2.11,2.0,0.0,-2.307483,0.0,0
Q-02964,REP-08,Silver,2,0.104211,0.66,2.0,1.0,0.157895,10.257694,0.842105,1.0,10.078947,10.66,0.0,1.0,0.390551,1.047,0
Q-02965,REP-03,Gold,5,0.0,0.0,5.0,0.0,0.0,11.072341,0.209741,2.0,7.535982,8.55,2.0,1.0,3.257146,0.0617,0
Q-02966,REP-04,Silver,3,0.0,0.0,3.0,0.0,0.0,11.104972,0.315789,1.0,5.821474,9.04,0.0,1.0,0.027478,0.9579,1
Q-02967,REP-03,Gold,3,0.0,0.0,3.0,0.0,0.0,10.308986,0.52,2.0,2.3544,3.6,2.0,0.0,-1.924436,0.0,0
Q-02968,REP-01,Silver,4,0.0,0.0,4.0,0.0,0.0,10.619399,0.043988,1.0,3.480059,7.22,0.0,0.0,-2.095788,0.1452,0
Q-02969,REP-03,Silver,6,0.0,0.0,6.0,0.0,0.0,11.837513,0.964979,1.0,2.147286,4.69,2.0,0.0,-2.13155,0.8636,1
Q-02970,REP-02,Gold,2,0.0,0.0,2.0,0.0,0.0,11.196858,0.452675,2.0,2.157942,2.76,0.0,0.0,-4.032037,0.4165,0
Q-02971,REP-01,Silver,1,0.0,0.0,1.0,0.0,0.0,9.169623,0.0,1.0,0.0,0.0,0.0,0.0,-5.575847,0.0,0
Q-02972,REP-03,Gold,2,0.0,0.0,2.0,0.0,0.0,9.259226,0.142857,2.0,2.672857,2.86,2.0,0.0,-1.605979,0.0,0
Q-02973,REP-08,Bronze,1,4.26,4.26,1.0,1.0,1.0,7.026427,0.0,0.0,9.26,9.26,0.0,0.0,-0.428396,2.2672,2
Q-02974,REP-02,Silver,2,0.040244,0.05,2.0,1.0,0.804878,8.72437,0.195122,1.0,8.089024,10.05,0.0,0.0,1.899045,0.0,0
Q-02975,REP-02,Silver,2,0.0,0.0,2.0,0.0,0.0,10.798779,0.980392,1.0,5.72549,5.84,0.0,0.0,-0.46449,0.7272,1
Q-02976,REP-01,Gold,5,0.0,0.0,5.0,0.0,0.0,11.150678,0.973998,2.0,6.515185,8.75,0.0,0.0,0.939338,0.6758,0
Q-02977,REP-06,Gold,4,0.0,0.0,4.0,0.0,0.0,11.032888,0.678788,2.0,5.96303,9.71,2.0,0.0,-0.158431,0.0,0
Q-02978,REP-07,Gold,3,0.0,0.0,3.0,0.0,0.0,11.128747,0.704846,2.0,7.68674,8.83,1.0,0.0,-1.459303,0.2152,0
Q-02979,REP-05,Bronze,6,0.853796,6.05,6.0,2.0,0.202401,11.022164,0.617496,0.0,3.262985,11.05,2.0,0.0,-0.549793,1.2738,1
Q-02980,REP-01,Gold,2,0.0,0.0,2.0,0.0,0.0,10.029283,0.0,2.0,10.138571,10.25,0.0,1.0,4.562724,0.199,0
Q-02981,REP-04,Bronze,1,0.0,0.0,1.0,0.0,0.0,6.206576,0.0,0.0,3.4,3.4,0.0,0.0,-2.393996,0.0041,0
Q-02982,REP-07,Silver,4,0.623201,8.02,4.0,1.0,0.077706,12.283964,0.12951,1.0,9.349029,18.02,1.0,0.0,0.202986,2.4968,2
Q-02983,REP-06,Gold,2,0.0,0.0,2.0,0.0,0.0,8.962007,1.0,2.0,1.873846,3.48,2.0,0.0,-4.247615,0.0,0
Q-02984,REP-03,Bronze,1,0.0,0.0,1.0,0.0,0.0,9.980495,1.0,0.0,0.0,0.0,2.0,0.0,-4.278836,0.13,0
Q-02985,REP-01,Bronze,2,3.768182,4.29,2.0,2.0,1.0,11.146215,0.0,0.0,8.768182,9.29,0.0,0.0,3.192335,2.632,2
Q-02986,REP-02,Silver,6,0.688125,2.49,6.0,1.0,0.276355,11.720192,0.286109,1.0,9.467451,12.49,0.0,1.0,3.277471,2.2645,2
Q-02987,REP-07,Silver,4,0.883352,3.25,4.0,1.0,0.271801,11.100828,0.392601,1.0,8.762329,13.25,1.0,1.0,-0.383714,1.4263,1
Q-02988,REP-08,Bronze,3,2.186595,4.72,3.0,2.0,0.549598,9.322865,0.0,0.0,6.547024,9.72,0.0,0.0,-3.141372,1.5308,1
Q-02989,REP-08,Silver,3,0.0,0.0,3.0,0.0,0.0,10.696503,0.361991,1.0,7.79267,9.15,0.0,0.0,-1.895727,0.3474,0
Q-02990,REP-06,Silver,2,1.204622,1.21,2.0,1.0,0.995556,10.832221,0.0,1.0,11.200933,11.21,2.0,1.0,5.079472,0.6909,1
Q-02991,REP-08,Bronze,2,5.180267,5.22,2.0,2.0,1.0,10.60797,0.0,0.0,10.180267,10.22,0.0,0.0,0.491871,3.087,2
Q-02992,REP-01,Silver,3,0.0,0.0,3.0,0.0,0.0,12.203073,0.501505,1.0,3.256058,6.03,0.0,0.0,-2.319789,1.7175,1
Q-02993,REP-08,Silver,5,0.0,0.0,5.0,0.0,0.0,12.23155,0.206181,1.0,6.998469,7.7,0.0,0.0,-2.689928,1.6031,1
Q-02994,REP-08,Silver,3,3.767143,4.14,3.0,3.0,1.0,10.981914,0.357143,1.0,13.767143,14.14,0.0,1.0,4.078747,3.575,2
Q-02995,REP-04,Silver,4,0.0,0.0,4.0,0.0,0.0,11.136062,0.992711,1.0,5.030845,8.26,0.0,0.0,-0.76315,0.8977,0
Q-02996,REP-05,Bronze,4,2.18127,6.24,4.0,2.0,0.485544,11.754153,0.485544,0.0,4.80181,11.24,2.0,0.0,0.989032,3.2464,2
Q-02997,REP-03,Silver,3,0.0,0.0,3.0,0.0,0.0,10.535318,0.119617,1.0,3.484801,4.42,2.0,0.0,-0.794036,0.0,0
Q-02998,REP-07,Silver,4,0.017949,0.35,4.0,1.0,0.051282,11.159118,0.136752,1.0,6.261624,10.35,1.0,0.0,-2.884419,0.1938,0
Q-02999,REP-04,Bronze,1,4.24,4.24,1.0,1.0,1.0,11.472114,1.0,0.0,9.24,9.24,0.0,0.0,3.446004,5.378,2
Q-03000,REP-03,Silver,3,3.312081,4.7,3.0,1.0,0.704698,9.098403,0.234899,1.0,11.648188,14.7,2.0,1.0,7.369352,1.7418,1
Q-03001,REP-08,Bronze,4,3.565357,4.23,4.0,4.0,1.0,11.29559,0.059653,0.0,8.565357,9.23,0.0,0.0,-1.123039,2.7152,2
Q-03002,REP-05,Bronze,2,0.0,0.0,2.0,0.0,0.0,11.451061,0.031915,0.0,0.070213,2.2,2.0,0.0,-3.742565,0.2009,0
Q-03003,REP-01,Bronze,2,0.168312,1.08,2.0,1.0,0.155844,10.047631,0.844156,0.0,3.902078,6.08,0.0,0.0,-1.673769,0.8463,1
Q-03004,REP-05,Silver,4,0.0,0.0,4.0,0.0,0.0,12.031219,0.117917,1.0,1.068779,1.89,2.0,0.0,-2.743999,0.6441,0
Q-03005,REP-01,Gold,5,0.0,0.0,5.0,0.0,0.0,11.596816,0.377931,2.0,4.63669,7.26,0.0,0.0,-0.939157,0.6741,0
Q-03006,REP-02,Silver,3,0.0,0.0,3.0,0.0,0.0,12.161603,0.0,1.0,7.044088,7.74,0.0,0.0,0.854108,1.3742,1
Q-03007,REP-06,Silver,2,0.0,0.0,2.0,0.0,0.0,7.061334,0.0,1.0,0.716524,4.77,2.0,0.0,-5.404938,0.0,0
Q-03008,REP-06,Bronze,4,0.238116,3.36,4.0,2.0,0.717345,10.751521,0.717345,0.0,4.637173,8.36,2.0,0.0,-1.484288,0.7533,0
Q-03009,REP-05,Silver,3,0.0,0.0,3.0,0.0,0.0,11.551194,0.173244,1.0,1.273195,1.51,2.0,0.0,-2.539582,0.1411,0
Q-03010,REP-02,Bronze,3,4.21756,6.16,3.0,2.0,0.736,11.736077,0.324,0.0,8.80836,11.16,0.0,0.0,2.61838,3.6913,2
Q-03011,REP-05,Silver,3,0.027938,0.08,3.0,1.0,0.349228,11.217896,0.644728,1.0,5.699396,10.08,2.0,0.0,1.886618,0.1756,0
Q-03012,REP-06,Silver,2,0.0,0.0,2.0,0.0,0.0,8.890273,0.206612,1.0,5.506694,6.11,2.0,0.0,-0.614767,0.0,0
Q-03013,REP-08,Bronze,1,5.56,5.56,1.0,1.0,1.0,10.645449,0.0,0.0,10.56,10.56,0.0,1.0,0.871604,3.7468,2
Q-03014,REP-01,Bronze,4,8.692719,11.79,4.0,3.0,0.97869,12.442728,0.358721,0.0,13.641575,16.79,0.0,0.0,8.065727,7.7323,2
Q-03015,REP-06,Gold,6,0.0,0.0,6.0,0.0,0.0,11.505155,0.0,2.0,2.370718,3.97,2.0,0.0,-3.750743,0.0,0
Q-03016,REP-03,Silver,1,0.0,0.0,1.0,0.0,0.0,11.264477,0.0,1.0,3.85,3.85,2.0,0.0,-0.428836,0.0,0
Q-03017,REP-03,Silver,6,0.0,0.0,6.0,0.0,0.0,12.209023,0.707912,1.0,2.700334,5.36,2.0,0.0,-1.578502,1.2409,1
Q-03018,REP-07,Gold,2,0.0,0.0,2.0,0.0,0.0,8.636042,0.0,2.0,5.251332,6.78,1.0,0.0,-3.894711,0.0,0
Q-03019,REP-08,Silver,1,10.61,10.61,1.0,1.0,1.0,6.398595,0.0,1.0,20.61,20.61,0.0,1.0,10.921604,5.8583,2
Q-03020,REP-07,Gold,1,0.0,0.0,1.0,0.0,0.0,6.206576,0.0,2.0,6.77,6.77,1.0,0.0,-2.376043,0.0,0
Q-03021,REP-07,Silver,5,0.745147,9.13,5.0,2.0,0.134048,10.932232,0.891868,1.0,9.685684,19.13,1.0,1.0,0.539641,2.4713,1
Q-03022,REP-05,Bronze,3,0.045429,0.53,3.0,1.0,0.085714,9.259226,0.314286,0.0,3.539143,5.53,2.0,1.0,-0.273635,0.2068,0
Q-03023,REP-03,Silver,2,0.0,0.0,2.0,0.0,0.0,11.070942,0.995722,1.0,9.21436,9.25,2.0,0.0,4.935524,0.2633,0
Q-03024,REP-05,Silver,5,0.0,0.0,5.0,0.0,0.0,11.19108,0.463576,1.0,5.507368,7.21,2.0,1.0,1.69459,0.489,0
Q-03025,REP-02,Silver,6,0.27236,1.23,6.0,1.0,0.221431,11.254491,0.903852,1.0,5.534196,11.23,0.0,0.0,-0.655784,1.2847,1
Q-03026,REP-04,Bronze,3,0.132399,0.85,3.0,1.0,0.155763,11.762913,0.934579,0.0,4.769283,5.85,0.0,0.0,-1.024712,1.7887,2
Q-03027,REP-08,Gold,1,0.0,0.0,1.0,0.0,0.0,8.537192,1.0,2.0,6.1,6.1,0.0,0.0,-3.588396,0.1525,0
Q-03028,REP-04,Bronze,2,6.346154,8.25,2.0,1.0,0.769231,10.859018,1.0,0.0,11.323077,13.25,0.0,0.0,5.529081,7.2216,2
Q-03029,REP-03,Silver,3,0.0,0.0,3.0,0.0,0.0,9.748061,0.46729,1.0,3.894393,6.75,2.0,0.0,-0.384444,0.0,0
Q-03030,REP-08,Silver,3,0.493946,5.47,3.0,1.0,0.090301,10.998778,0.468227,1.0,5.413813,15.47,0.0,0.0,-4.274584,1.345,1
Q-03031,REP-06,Gold,3,0.0,0.0,3.0,0.0,0.0,11.141876,0.434783,2.0,9.022609,12.42,2.0,1.0,2.901147,0.2241,0
Q-03032,REP-07,Silver,5,3.999393,7.75,5.0,1.0,0.516051,11.095681,0.734613,1.0,12.491084,17.75,1.0,0.0,3.345042,4.6451,2
Q-03033,REP-05,Silver,4,0.0,0.0,4.0,0.0,0.0,11.550375,0.173385,1.0,1.820893,3.54,2.0,0.0,-1.991885,0.1405,0
Q-03034,REP-05,Silver,4,0.029143,1.02,4.0,1.0,0.028571,11.338584,0.528571,1.0,3.536714,11.02,2.0,1.0,-0.276063,0.7574,0
Q-03035,REP-03,Bronze,2,3.653,3.92,2.0,2.0,1.0,9.392745,0.0,0.0,8.653,8.92,2.0,1.0,4.374164,1.9155,1
Q-03036,REP-03,Silver,3,0.0,0.0,3.0,0.0,0.0,11.663077,0.888124,1.0,6.07704,7.25,2.0,0.0,1.798203,0.6368,0
Q-03037,REP-01,Gold,2,0.0,0.0,2.0,0.0,0.0,9.264923,0.0,2.0,2.941818,5.36,0.0,0.0,-2.634029,0.0,0
Q-03038,REP-02,Silver,2,0.0,0.0,2.0,0.0,0.0,10.404293,0.363636,1.0,7.352727,9.72,0.0,1.0,1.162747,0.705,0
Q-03039,REP-01,Bronze,3,1.036937,1.56,3.0,2.0,0.810811,10.818798,0.690691,0.0,5.090991,6.56,0.0,0.0,-0.484856,1.7601,1
Q-03040,REP-02,Bronze,2,4.451154,5.38,2.0,2.0,1.0,9.431963,0.0,0.0,9.451154,10.38,0.0,0.0,3.261174,2.5653,2
Q-03041,REP-02,Silver,5,0.058008,0.94,5.0,1.0,0.06171,12.044442,0.058184,1.0,8.896106,10.94,0.0,1.0,2.706126,1.8077,2
Q-03042,REP-01,Silver,1,0.0,0.0,1.0,0.0,0.0,7.71913,0.0,1.0,6.81,6.81,0.0,0.0,1.234153,0.0,0
Q-03043,REP-07,Silver,3,0.934428,1.04,3.0,1.0,0.898488,12.064659,0.098488,1.0,10.873231,11.04,1.0,0.0,1.727188,1.4879,1
Q-03044,REP-05,Bronze,3,1.305363,2.01,3.0,2.0,0.99646,11.647509,0.99646,0.0,6.300867,7.01,2.0,0.0,2.488089,2.219,1
Q-03045,REP-05,Silver,2,0.0,0.0,2.0,0.0,0.0,10.809748,0.0,1.0,5.695455,5.85,2.0,0.0,1.882677,0.0,0
Q-03046,REP-03,Silver,2,0.0,0.0,2.0,0.0,0.0,11.556952,0.191388,1.0,3.246364,3.4,2.0,0.0,-1.032473,0.1561,0
Q-03047,REP-06,Silver,4,0.0,0.0,4.0,0.0,0.0,11.21588,0.987887,1.0,7.529603,7.66,2.0,0.0,1.408141,0.3425,0
Q-03048,REP-04,Gold,3,0.0,0.0,3.0,0.0,0.0,11.904636,0.0,2.0,3.723035,4.66,0.0,0.0,-2.070961,0.7929,1
Q-03049,REP-08,Silver,4,0.204214,0.3,4.0,1.0,0.680712,11.897548,0.680712,1.0,9.8175,10.3,0.0,0.0,0.129104,1.5831,1
Q-03050,REP-08,Bronze,5,5.309178,11.24,5.0,5.0,1.0,11.059441,0.103872,0.0,10.309178,16.24,0.0,1.0,0.620782,4.7293,2
Q-03051,REP-06,Bronze,3,0.0,0.0,3.0,0.0,0.0,11.069774,0.392523,0.0,3.077944,3.66,2.0,0.0,-3.043518,0.1509,0
Q-03052,REP-05,Gold,2,0.0,0.0,2.0,0.0,0.0,11.881042,0.636678,2.0,3.98564,10.97,2.0,0.0,0.172862,0.5143,0
Q-03053,REP-02,Silver,4,0.0,0.0,4.0,0.0,0.0,10.773336,0.785669,1.0,2.966606,3.87,0.0,0.0,-3.223374,0.6099,0
Q-03054,REP-06,Silver,2,0.0,0.0,2.0,0.0,0.0,8.925454,0.265957,1.0,2.265957,8.52,2.0,0.0,-3.855504,0.0,0
Q-03055,REP-05,Bronze,3,0.749882,7.63,3.0,2.0,0.994687,12.040024,0.0,0.0,5.749404,12.63,2.0,0.0,1.936626,1.9659,1
Q-03056,REP-08,Bronze,2,4.534607,6.26,2.0,2.0,1.0,9.276222,0.505618,0.0,9.534607,11.26,0.0,0.0,-0.153789,4.2896,2
Q-03057,REP-04,Gold,5,0.0,0.0,5.0,0.0,0.0,10.696955,0.108548,2.0,7.207727,8.0,0.0,0.0,1.413731,0.0,0
Q-03058,REP-06,Bronze,2,2.825955,5.19,2.0,2.0,1.0,10.192456,1.0,0.0,7.825955,10.19,2.0,1.0,1.704494,3.5672,2
Q-03059,REP-08,Silver,1,0.0,0.0,1.0,0.0,0.0,6.111467,0.0,1.0,3.27,3.27,0.0,0.0,-6.418396,0.0,0
Q-03060,REP-01,Bronze,6,3.615275,6.37,6.0,5.0,0.995927,11.494772,0.568228,0.0,8.608147,11.37,0.0,1.0,3.0323,4.4633,2
Q-03061,REP-08,Gold,1,0.0,0.0,1.0,0.0,0.0,10.778977,1.0,2.0,7.02,7.02,0.0,0.0,-2.668396,0.51,0
Q-03062,REP-04,Gold,1,0.0,0.0,1.0,0.0,0.0,10.491302,1.0,2.0,4.96,4.96,0.0,0.0,-0.833996,0.41,0
Q-03063,REP-08,Gold,1,0.0,0.0,1.0,0.0,0.0,8.942592,0.0,2.0,9.61,9.61,0.0,0.0,-0.078396,0.0,0
Q-03064,REP-04,Gold,1,0.0,0.0,1.0,0.0,0.0,5.929589,0.0,2.0,1.82,1.82,0.0,0.0,-3.973996,0.0,0
Q-03065,REP-08,Silver,6,4.387372,5.79,6.0,2.0,0.782003,11.579705,0.962537,1.0,13.776732,15.79,0.0,0.0,4.088336,5.4997,2
Q-03066,REP-05,Bronze,3,0.0,0.0,3.0,0.0,0.0,9.307104,0.817068,0.0,0.40429,2.11,2.0,0.0,-3.408488,0.0,0
Q-03067,REP-01,Bronze,4,2.293169,5.66,4.0,2.0,0.59507,9.743377,0.40493,0.0,5.696338,10.66,0.0,0.0,0.120491,1.9504,2
Q-03068,REP-07,Bronze,2,4.786364,6.67,2.0,2.0,1.0,9.488048,1.0,0.0,9.786364,11.67,1.0,0.0,0.640321,5.1142,2
Q-03069,REP-07,Gold,5,0.559105,3.26,5.0,2.0,0.361766,11.149384,0.497699,2.0,10.946861,18.26,1.0,1.0,1.800818,1.3293,1
Q-03070,REP-01,Silver,2,0.0,0.0,2.0,0.0,0.0,10.471667,1.0,1.0,3.131643,4.99,0.0,0.0,-2.444204,0.6242,0
Q-03071,REP-06,Gold,3,0.0,0.0,3.0,0.0,0.0,11.808583,0.678571,2.0,3.230536,7.57,2.0,0.0,-2.890926,0.4532,0
Q-03072,REP-07,Silver,2,0.984783,7.55,2.0,1.0,0.130435,10.225607,0.869565,1.0,6.715217,17.55,1.0,0.0,-2.430825,1.4324,1
Q-03073,REP-07,Gold,2,0.0,0.0,2.0,0.0,0.0,11.345051,0.0,2.0,9.380032,9.44,1.0,0.0,0.233989,0.0,0
Q-03074,REP-05,Silver,6,0.0,0.0,6.0,0.0,0.0,11.993659,0.298655,1.0,4.241648,6.14,2.0,1.0,0.42887,1.142,1
Q-03075,REP-04,Silver,3,0.258561,2.4,3.0,1.0,0.107734,10.570958,0.107734,1.0,7.293663,12.4,0.0,0.0,1.499667,0.6453,0
Q-03076,REP-05,Gold,6,0.0,0.0,6.0,0.0,0.0,11.828108,0.887267,2.0,3.031795,11.06,2.0,1.0,-0.780983,1.0401,1
Q-03077,REP-08,Bronze,3,4.349434,5.64,3.0,3.0,1.0,10.485033,0.279525,0.0,9.349434,10.64,0.0,0.0,-0.338962,3.5612,2
Q-03078,REP-08,Silver,1,0.0,0.0,1.0,0.0,0.0,10.134639,0.0,1.0,8.44,8.44,0.0,0.0,-1.248396,0.0,0
Q-03079,REP-08,Silver,3,0.848155,4.16,3.0,1.0,0.203883,10.338544,0.0,1.0,8.745243,14.16,0.0,1.0,-0.943154,1.3013,1
Q-03080,REP-01,Silver,2,0.0,0.0,2.0,0.0,0.0,8.962007,0.0,1.0,7.899231,8.04,0.0,0.0,2.323384,0.0,0
Q-03081,REP-02,Bronze,5,1.498798,2.67,5.0,2.0,0.58745,11.406242,0.410547,0.0,6.408158,7.67,0.0,0.0,0.218178,1.898,1
Q-03082,REP-08,Gold,6,1.282381,3.54,6.0,2.0,0.451469,11.341259,0.561591,2.0,12.810846,18.54,0.0,1.0,3.12245,2.4869,2
Q-03083,REP-06,Bronze,4,2.06637,3.59,4.0,2.0,0.971267,10.115004,0.534197,0.0,6.995079,8.59,2.0,0.0,0.873617,1.968,1
Q-03084,REP-01,Silver,2,0.0,0.0,2.0,0.0,0.0,7.981392,0.923077,1.0,8.287692,8.71,0.0,0.0,2.711845,0.3121,0
Q-03085,REP-06,Bronze,3,0.579091,5.4,3.0,2.0,0.116162,9.382696,0.883838,0.0,4.209141,10.4,2.0,1.0,-1.91232,1.2723,0
Q-03086,REP-01,Bronze,3,3.532765,8.82,3.0,2.0,0.99608,11.593823,0.664053,0.0,8.515518,13.82,0.0,0.0,2.939671,3.9765,2
Q-03087,REP-05,Silver,4,0.0,0.0,4.0,0.0,0.0,9.954703,0.726841,1.0,5.974204,7.34,2.0,1.0,2.161426,0.2052,0
Q-03088,REP-01,Bronze,1,0.0,0.0,1.0,0.0,0.0,5.420535,0.0,0.0,0.37,0.37,0.0,0.0,-5.205847,0.0019,1
Q-03089,REP-06,Silver,4,0.0,0.0,4.0,0.0,0.0,10.989791,0.404961,1.0,6.213817,6.94,2.0,0.0,0.092355,0.0,0
Q-03090,REP-04,Bronze,2,0.0,0.0,2.0,0.0,0.0,10.03456,0.131579,0.0,4.255789,4.39,0.0,0.0,-1.538206,0.2624,0
Q-03091,REP-08,Gold,4,0.004215,1.09,4.0,1.0,0.003867,11.035954,0.994119,2.0,5.11988,16.09,0.0,0.0,-4.568516,0.7456,0
Q-03092,REP-04,Silver,6,0.346157,0.46,6.0,1.0,0.752516,11.628849,0.089055,1.0,8.736856,10.46,0.0,0.0,2.94286,0.9607,1
Q-03093,REP-04,Gold,1,0.0,0.0,1.0,0.0,0.0,9.878221,0.0,2.0,5.46,5.46,0.0,0.0,-0.333996,0.0,0
Q-03094,REP-02,Gold,3,0.0,0.0,3.0,0.0,0.0,10.384091,0.0,2.0,12.24616,13.67,0.0,0.0,6.05618,0.0,0
Q-03095,REP-02,Bronze,5,1.449367,3.53,5.0,3.0,0.600342,11.024611,0.391102,0.0,5.418898,8.53,0.0,0.0,-0.771082,1.7235,1
Q-03096,REP-01,Bronze,2,2.766204,4.81,2.0,2.0,1.0,12.090106,0.0,0.0,7.766204,9.81,0.0,0.0,2.190357,3.1751,2
Q-03097,REP-07,Silver,5,0.0,0.0,5.0,0.0,0.0,12.004727,0.1963,1.0,7.889153,8.41,1.0,0.0,-1.25689,0.9507,1
Q-03098,REP-05,Gold,3,0.0,0.0,3.0,0.0,0.0,9.848028,0.739958,2.0,0.20778,1.26,2.0,0.0,-3.604998,0.0,0
Q-03099,REP-02,Silver,4,0.0,0.0,4.0,0.0,0.0,11.282266,1.0,1.0,5.176348,5.84,0.0,0.0,-1.013632,0.9917,0
Q-03100,REP-08,Gold,2,1.598425,2.03,2.0,1.0,0.787402,10.142544,1.0,2.0,10.767165,12.03,0.0,1.0,1.078769,2.3376,2
Q-03101,REP-01,Silver,2,3.95,4.74,2.0,1.0,0.833333,10.268165,0.166667,1.0,12.633333,14.74,0.0,0.0,7.057486,2.2921,2
Q-03102,REP-08,Silver,2,0.0,0.0,2.0,0.0,0.0,11.492733,1.0,1.0,8.54,9.06,0.0,0.0,-1.148396,1.1467,1
Q-03103,REP-07,Silver,2,0.0,0.0,2.0,0.0,0.0,10.783654,0.995334,1.0,9.220762,9.23,1.0,0.0,0.074719,0.4293,0
Q-03104,REP-06,Silver,3,0.0,0.0,3.0,0.0,0.0,10.098273,0.777778,1.0,2.572222,5.65,2.0,0.0,-3.549239,0.0,0
Q-03105,REP-03,Silver,5,0.0,0.0,5.0,0.0,0.0,12.477248,0.298894,1.0,5.230743,6.86,2.0,0.0,0.951907,1.5302,1
Q-03106,REP-05,Silver,5,0.0,0.0,5.0,0.0,0.0,11.906999,0.060688,1.0,2.177195,6.34,2.0,0.0,-1.635583,0.4492,0
Q-03107,REP-07,Bronze,2,5.174371,5.2,2.0,2.0,1.0,9.622516,0.993377,0.0,10.174371,10.2,1.0,0.0,1.028328,5.287,2
Q-03108,REP-03,Gold,3,0.0,0.0,3.0,0.0,0.0,11.049317,0.370429,2.0,2.34399,6.73,2.0,0.0,-1.934846,0.0,0
Q-03109,REP-08,Gold,2,0.0,0.0,2.0,0.0,0.0,8.748464,0.904762,2.0,8.190952,12.38,0.0,0.0,-1.497444,0.1101,0
Q-03110,REP-06,Gold,3,0.00439,0.13,3.0,1.0,0.033771,9.967448,0.966229,2.0,5.8497,15.13,2.0,0.0,-0.271762,0.0,0
Q-03111,REP-05,Gold,4,0.0,0.0,4.0,0.0,0.0,10.877122,0.113314,2.0,5.60272,7.71,2.0,1.0,1.789942,0.0,0
Q-03112,REP-07,Gold,2,0.0,0.0,2.0,0.0,0.0,10.766399,0.0,2.0,9.320633,9.52,1.0,0.0,0.17459,0.0,0
Q-03113,REP-05,Silver,6,0.0,0.0,6.0,0.0,0.0,12.434407,0.411858,1.0,1.857803,8.61,2.0,0.0,-1.954974,1.5007,1
Q-03114,REP-04,Silver,2,0.0316,7.99,2.0,1.0,0.003955,11.13124,0.996045,1.0,9.722826,17.99,0.0,1.0,3.92883,2.2389,1
Q-03115,REP-06,Bronze,2,0.004073,2.35,2.0,1.0,0.001733,9.576787,0.0,0.0,2.198943,7.35,2.0,0.0,-3.922519,0.0,0
Q-03116,REP-01,Silver,2,0.0,0.0,2.0,0.0,0.0,9.898525,1.0,1.0,3.949849,4.82,0.0,0.0,-1.625998,0.4958,0
Q-03117,REP-05,Bronze,1,0.0,0.0,1.0,0.0,0.0,8.699681,1.0,0.0,2.25,2.25,2.0,0.0,-1.562778,0.0,0
Q-03118,REP-04,Silver,2,0.0,0.0,2.0,0.0,0.0,8.699681,0.8,1.0,2.258,6.01,0.0,0.0,-3.535996,0.27,0
Q-03119,REP-02,Silver,3,0.0,0.0,3.0,0.0,0.0,10.845466,0.333333,1.0,6.195439,9.68,0.0,0.0,0.005459,0.3908,0
Q-03120,REP-02,Silver,5,0.0,0.0,5.0,0.0,0.0,11.461643,0.532632,1.0,7.925653,8.23,0.0,1.0,1.735673,1.3146,1
Q-03121,REP-04,Bronze,4,2.114696,9.33,4.0,4.0,1.0,9.344522,0.865763,0.0,7.114696,14.33,0.0,1.0,1.3207,3.44,2
Q-03122,REP-08,Silver,2,0.0,0.0,2.0,0.0,0.0,9.498222,0.989876,1.0,6.059663,8.96,0.0,0.0,-3.628734,0.4356,0
Q-03123,REP-06,Silver,3,0.0,0.0,3.0,0.0,0.0,9.865578,0.0,1.0,1.966126,4.65,2.0,0.0,-4.155336,0.0,0
Q-03124,REP-04,Bronze,2,2.323828,4.14,2.0,2.0,1.0,9.457279,0.492188,0.0,7.323828,9.14,0.0,1.0,1.529832,2.3518,2
Q-03125,REP-08,Silver,4,0.031595,6.08,4.0,1.0,0.005196,11.251249,0.935369,1.0,5.413709,16.08,0.0,0.0,-4.274687,1.618,1
Q-03126,REP-08,Bronze,4,6.340391,9.2,4.0,3.0,0.997554,11.899283,0.0,0.0,11.340342,14.2,0.0,1.0,1.651946,5.3513,2
Q-03127,REP-08,Gold,5,0.0,0.0,5.0,0.0,0.0,12.342965,0.032703,2.0,9.245546,10.44,0.0,0.0,-0.44285,1.4892,1
Q-03128,REP-08,Silver,3,0.059124,0.9,3.0,1.0,0.065693,10.911464,0.583942,1.0,6.40365,10.9,0.0,0.0,-3.284747,0.6817,1
Q-03129,REP-08,Bronze,1,7.08,7.08,1.0,1.0,1.0,11.238502,1.0,0.0,12.08,12.08,0.0,0.0,2.391604,7.9093,2
Q-03130,REP-08,Gold,4,0.0,0.0,4.0,0.0,0.0,11.651391,0.883761,2.0,9.146478,14.94,0.0,0.0,-0.541918,1.0032,0
Q-03131,REP-01,Bronze,3,0.0,0.0,3.0,0.0,0.0,9.102867,0.534521,0.0,2.488196,4.9,0.0,0.0,-3.087651,0.3688,0
Q-03132,REP-08,Silver,2,0.0,0.0,2.0,0.0,0.0,10.63828,1.0,1.0,2.73705,3.25,0.0,0.0,-6.951346,0.6775,0
Q-03133,REP-08,Bronze,3,2.161191,5.72,3.0,3.0,1.0,10.552709,0.31348,0.0,7.161191,10.72,0.0,0.0,-2.527205,2.7814,2
Q-03134,REP-02,Bronze,6,2.328029,4.5,6.0,3.0,0.52288,12.007018,0.424039,0.0,6.022538,9.5,0.0,0.0,-0.167442,3.0733,2
Q-03135,REP-03,Bronze,3,3.963953,4.87,3.0,1.0,0.813953,12.029938,0.010733,0.0,8.855367,9.87,2.0,0.0,4.576531,3.004,2
Q-03136,REP-02,Gold,4,0.0,0.0,4.0,0.0,0.0,11.108725,0.87191,2.0,3.906315,5.62,0.0,0.0,-2.283665,0.5958,0
Q-03137,REP-08,Silver,1,0.0,0.0,1.0,0.0,0.0,9.200391,1.0,1.0,8.92,8.92,0.0,0.0,-0.768396,0.4125,0
Q-03138,REP-07,Gold,4,0.0,0.0,4.0,0.0,0.0,11.486951,0.067737,2.0,6.388224,11.47,1.0,0.0,-2.757819,0.1092,0
Q-03139,REP-01,Bronze,3,0.9972,2.77,3.0,1.0,0.36,8.922792,0.36,0.0,5.498,7.77,0.0,0.0,-0.077847,1.4028,1
Q-03140,REP-08,Silver,2,0.083889,1.51,2.0,1.0,0.055556,9.692828,1.0,1.0,8.714444,11.51,0.0,1.0,-0.973952,1.1516,1
Q-03141,REP-08,Gold,5,1.166886,8.88,5.0,1.0,0.131406,10.729,0.243101,2.0,11.74293,18.88,0.0,0.0,2.054534,2.0312,1
Q-03142,REP-08,Silver,1,0.0,0.0,1.0,0.0,0.0,8.306719,0.0,1.0,7.04,7.04,0.0,0.0,-2.648396,0.0,0
Q-03143,REP-07,Gold,3,0.0,0.0,3.0,0.0,0.0,9.025335,0.902527,2.0,8.47769,9.16,1.0,0.0,-0.668353,0.0,0
Q-03144,REP-07,Gold,5,0.198502,4.24,5.0,1.0,0.046816,11.473363,0.358926,2.0,6.375293,16.24,1.0,0.0,-2.77075,0.8916,0
Q-03145,REP-01,Silver,3,0.0,0.0,3.0,0.0,0.0,10.524091,0.072581,1.0,4.376613,5.7,0.0,0.0,-1.199234,0.1299,0
Q-03146,REP-04,Bronze,2,0.022759,0.04,2.0,1.0,0.568966,10.457401,0.431034,0.0,2.867586,5.04,0.0,0.0,-2.92641,0.541,0
Q-03147,REP-02,Silver,3,0.0,0.0,3.0,0.0,0.0,11.598929,0.984584,1.0,3.264737,4.0,0.0,0.0,-2.925243,1.2297,1
Q-03148,REP-07,Silver,3,0.278689,1.7,3.0,1.0,0.163934,10.507831,0.606557,1.0,5.237705,11.7,1.0,0.0,-3.908338,0.5397,0
Q-03149,REP-07,Gold,3,0.0,0.0,3.0,0.0,0.0,10.111152,0.975015,2.0,11.730841,12.41,1.0,1.0,2.584798,0.4514,0
Q-03150,REP-03,Bronze,4,0.028101,9.42,4.0,1.0,0.002983,11.230907,0.647,0.0,2.907319,14.42,2.0,0.0,-1.371518,1.4324,1
Q-03151,REP-05,Silver,2,1.222535,4.34,2.0,1.0,0.28169,9.273409,0.28169,1.0,4.125634,14.34,2.0,0.0,0.312856,0.928,1
Q-03152,REP-07,Bronze,4,1.245506,6.45,4.0,3.0,0.29415,12.123647,0.293199,0.0,6.238447,11.45,1.0,0.0,-2.907596,3.1509,2
Q-03153,REP-08,Gold,2,0.0,0.0,2.0,0.0,0.0,10.950824,1.0,2.0,6.292632,9.4,0.0,0.0,-3.395765,0.585,0
Q-03154,REP-07,Gold,6,0.080287,8.16,6.0,1.0,0.009839,11.472583,0.847519,2.0,9.121341,23.16,1.0,1.0,-0.024702,1.9078,2
Q-03155,REP-07,Bronze,2,4.061754,8.16,2.0,2.0,1.0,8.543056,0.0,0.0,9.061754,13.16,1.0,1.0,-0.084288,2.7963,2
Q-03156,REP-07,Bronze,1,4.34,4.34,1.0,1.0,1.0,6.398595,0.0,0.0,9.34,9.34,1.0,1.0,0.193957,2.4552,2
Q-03157,REP-07,Gold,2,5.490798,8.95,2.0,1.0,0.613497,11.08523,0.613497,2.0,16.086012,18.95,1.0,0.0,6.939969,5.7375,2
Q-03158,REP-04,Bronze,4,1.856295,4.69,4.0,3.0,0.98063,10.117833,0.581114,0.0,6.849709,9.69,0.0,0.0,1.055714,2.5368,2
Q-03159,REP-02,Silver,4,0.0,0.0,4.0,0.0,0.0,11.652261,0.226185,1.0,5.484211,7.2,0.0,0.0,-0.705769,0.8623,0
Q-03160,REP-06,Bronze,3,1.024195,2.86,3.0,2.0,0.788136,9.845911,0.783898,0.0,5.439449,7.86,2.0,0.0,-0.682012,0.9038,1
Q-03161,REP-07,Silver,4,0.547182,0.57,4.0,1.0,0.959969,11.553789,0.977249,1.0,10.311102,10.57,1.0,0.0,1.165059,1.4079,1
Q-03162,REP-06,Bronze,6,0.216677,5.62,6.0,4.0,0.154472,11.656948,0.121223,0.0,4.804953,10.62,2.0,0.0,-1.316509,1.2063,0
Q-03163,REP-01,Bronze,3,0.018299,2.45,3.0,1.0,0.007469,11.699413,0.763485,0.0,4.136473,7.45,0.0,1.0,-1.439374,2.1513,2
Q-03164,REP-01,Gold,2,0.738438,1.39,2.0,1.0,0.53125,9.169623,1.0,2.0,10.900937,13.39,0.0,1.0,5.32509,1.4132,1
Q-03165,REP-01,Silver,1,0.0,0.0,1.0,0.0,0.0,6.43935,0.0,1.0,8.74,8.74,0.0,0.0,3.164153,0.0,0
Q-03166,REP-06,Silver,2,0.0,0.0,2.0,0.0,0.0,11.657034,0.380952,1.0,4.816667,6.15,2.0,0.0,-1.304795,0.352,0
Q-03167,REP-06,Gold,2,0.0,0.0,2.0,0.0,0.0,9.287394,0.0,2.0,7.9275,12.84,2.0,0.0,1.806038,0.0,0
Q-03168,REP-06,Silver,3,0.026828,0.25,3.0,1.0,0.107311,11.912379,0.171697,1.0,3.546633,10.25,2.0,0.0,-2.574828,0.567,1
Q-03169,REP-07,Silver,1,0.0,0.0,1.0,0.0,0.0,5.170484,0.0,1.0,7.26,7.26,1.0,0.0,-1.886043,0.0,0
Q-03170,REP-02,Gold,3,0.0,0.0,3.0,0.0,0.0,11.600029,0.967003,2.0,8.379606,9.86,0.0,0.0,2.189626,1.001,1
Q-03171,REP-03,Silver,4,0.210989,1.44,4.0,1.0,0.14652,10.907807,1.0,1.0,5.212015,11.44,2.0,0.0,0.933178,0.5206,0
Q-03172,REP-04,Silver,1,0.0,0.0,1.0,0.0,0.0,6.398595,0.0,1.0,7.41,7.41,0.0,0.0,1.616004,0.0,0
Q-03173,REP-07,Silver,3,0.0,0.0,3.0,0.0,0.0,10.404293,0.927273,1.0,7.874182,9.84,1.0,0.0,-1.271861,0.265,0
Q-03174,REP-01,Silver,3,0.0,0.0,3.0,0.0,0.0,11.162531,0.511073,1.0,5.418228,7.14,0.0,0.0,-0.157619,0.6481,0
Q-03175,REP-05,Bronze,1,0.0,0.0,1.0,0.0,0.0,10.308986,0.0,0.0,2.24,2.24,2.0,0.0,-1.572778,0.0,0
Q-03176,REP-04,Gold,2,0.0,0.0,2.0,0.0,0.0,6.338594,0.0,2.0,5.457965,12.11,0.0,1.0,-0.336031,0.0147,0
Q-03177,REP-06,Silver,3,0.0,0.0,3.0,0.0,0.0,11.332614,0.191617,1.0,0.217605,1.77,2.0,0.0,-5.903857,0.0,0
Q-03178,REP-01,Silver,2,0.0,0.0,2.0,0.0,0.0,11.246365,1.0,1.0,1.021201,2.44,0.0,0.0,-4.554646,0.9683,0
Q-03179,REP-02,Bronze,5,3.329016,11.86,5.0,4.0,0.958549,10.050225,0.194301,0.0,8.279689,16.86,0.0,0.0,2.089709,3.1136,2
Q-03180,REP-04,Bronze,3,1.9573,2.03,3.0,1.0,0.964187,10.905056,0.0,0.0,6.894127,7.03,0.0,0.0,1.100131,1.4991,1
Q-03181,REP-08,Bronze,2,8.016957,10.57,2.0,2.0,1.0,7.453562,0.0,0.0,13.016957,15.57,0.0,1.0,3.32856,4.9942,2
Q-03182,REP-01,Bronze,5,2.208541,4.36,5.0,2.0,0.509513,11.022491,0.558504,0.0,6.700201,9.36,0.0,0.0,1.124354,3.1522,2
Q-03183,REP-05,Silver,1,0.0,0.0,1.0,0.0,0.0,8.314097,0.0,1.0,0.68,0.68,2.0,0.0,-3.132778,0.0,0
Q-03184,REP-02,Gold,3,0.0,0.0,3.0,0.0,0.0,10.118639,1.0,2.0,6.170242,6.89,0.0,1.0,-0.019738,0.7667,1
Q-03185,REP-07,Silver,2,0.0,0.0,2.0,0.0,0.0,8.616314,0.869565,1.0,3.516087,7.49,1.0,0.0,-5.629956,0.0043,0
Q-03186,REP-08,Silver,3,0.068179,1.16,3.0,2.0,0.227986,9.939144,0.945718,1.0,9.960097,11.16,0.0,0.0,0.2717,0.6313,0
Q-03187,REP-03,Silver,3,0.084574,1.13,3.0,1.0,0.074844,9.864799,0.925156,1.0,5.739459,11.13,2.0,0.0,1.460623,0.009,0
Q-03188,REP-06,Gold,4,0.0,0.0,4.0,0.0,0.0,11.289794,0.0825,2.0,9.09745,9.46,2.0,1.0,2.975988,0.122,0
Q-03189,REP-03,Bronze,4,0.117202,3.59,4.0,1.0,0.032647,11.071719,0.032647,0.0,0.326141,8.59,2.0,0.0,-3.952696,0.4473,0
Q-03190,REP-02,Bronze,2,0.0,0.0,2.0,0.0,0.0,9.798183,1.0,0.0,3.5275,3.85,0.0,0.0,-2.66248,0.7,0
Q-03191,REP-07,Bronze,3,4.733846,5.83,3.0,2.0,0.895105,10.261197,0.874126,0.0,9.732797,10.83,1.0,0.0,0.586754,4.7286,2
Q-03192,REP-06,Bronze,3,9.44,11.61,3.0,3.0,1.0,9.987415,0.703448,0.0,14.44,16.61,2.0,0.0,8.318538,8.6402,2
Q-03193,REP-07,Bronze,2,2.704281,3.22,2.0,2.0,1.0,10.193205,0.0,0.0,7.704281,8.22,1.0,0.0,-1.441761,1.4127,1
Q-03194,REP-06,Silver,3,1.043324,6.95,3.0,2.0,0.200544,10.512601,0.195785,1.0,7.277886,16.95,2.0,1.0,1.156424,1.6711,1
Q-03195,REP-05,Bronze,1,0.0,0.0,1.0,0.0,0.0,10.645449,1.0,0.0,4.1,4.1,2.0,0.0,0.287222,0.3,0
Q-03196,REP-02,Silver,2,0.0,0.0,2.0,0.0,0.0,10.622327,0.877193,1.0,6.322982,6.84,0.0,0.0,0.133003,0.6045,0
Q-03197,REP-04,Silver,5,0.0,0.0,5.0,0.0,0.0,11.667156,0.805657,1.0,7.999387,9.38,0.0,1.0,2.205391,1.6454,1
Q-03198,REP-01,Silver,2,0.0,0.0,2.0,0.0,0.0,5.583496,0.0,1.0,5.821698,5.9,0.0,1.0,0.245851,0.2322,0
Q-03199,REP-05,Silver,4,0.0,0.0,4.0,0.0,0.0,11.072884,0.380435,1.0,1.176149,4.41,2.0,0.0,-2.636629,0.0,0
Q-03200,REP-07,Silver,2,0.312948,5.21,2.0,1.0,0.060067,11.406464,0.0,1.0,7.427353,15.21,1.0,0.0,-1.71869,0.9337,0
Q-03201,REP-04,Silver,3,0.0,0.0,3.0,0.0,0.0,9.61086,0.924623,1.0,6.902563,9.23,0.0,1.0,1.108567,0.8629,0
Q-03202,REP-05,Gold,4,0.0,0.0,4.0,0.0,0.0,11.712522,0.999263,2.0,3.48615,8.49,2.0,1.0,-0.326627,0.977,0
Q-03203,REP-04,Bronze,2,0.01509,0.42,2.0,1.0,0.035928,10.821796,0.035928,0.0,4.263114,5.42,0.0,0.0,-1.530882,0.4961,0
Q-03204,REP-01,Gold,2,0.0,0.0,2.0,0.0,0.0,8.588769,0.0,2.0,3.354749,10.7,0.0,0.0,-2.221099,0.0,0
Q-03205,REP-05,Bronze,3,0.0,0.0,3.0,0.0,0.0,11.894788,0.201365,0.0,4.070171,4.78,2.0,0.0,0.257393,0.7316,0
Q-03206,REP-05,Gold,3,0.0,0.0,3.0,0.0,0.0,11.106475,0.540541,2.0,3.737477,6.11,2.0,0.0,-0.0753,0.0,0
Q-03207,REP-04,Silver,3,0.0,0.0,3.0,0.0,0.0,10.728671,0.328623,1.0,6.96957,9.56,0.0,0.0,1.175574,0.3411,0
Q-03208,REP-05,Bronze,4,0.001455,0.27,4.0,1.0,0.00539,12.074402,0.058178,0.0,2.880665,5.27,2.0,0.0,-0.932113,0.9234,1
Q-03209,REP-03,Silver,2,0.0,0.0,2.0,0.0,0.0,10.491302,0.166667,1.0,5.058333,6.07,2.0,0.0,0.779497,0.0,0
Q-03210,REP-05,Gold,5,0.370581,0.71,5.0,1.0,0.521945,11.342149,0.998814,2.0,6.412254,10.71,2.0,0.0,2.599476,0.6012,0
Q-03211,REP-03,Bronze,1,0.0,0.0,1.0,0.0,0.0,10.085851,1.0,0.0,0.42,0.42,2.0,1.0,-3.858836,0.6,0
Q-03212,REP-07,Silver,2,0.0,0.0,2.0,0.0,0.0,8.757941,0.943396,1.0,9.940377,9.98,1.0,1.0,0.794334,0.5019,0
Q-03213,REP-03,Silver,1,0.0,0.0,1.0,0.0,0.0,7.878913,0.0,1.0,1.54,1.54,2.0,0.0,-2.738836,0.0,0
Q-03214,REP-01,Bronze,3,1.631606,8.51,3.0,2.0,0.89781,10.623788,0.868613,0.0,6.460949,13.51,0.0,1.0,0.885102,3.1073,2
Q-03215,REP-05,Bronze,4,0.0,0.0,4.0,0.0,0.0,11.765752,0.341708,0.0,0.20821,2.81,2.0,0.0,-3.604568,0.661,0
Q-03216,REP-04,Bronze,1,0.0,0.0,1.0,0.0,0.0,7.09091,0.0,0.0,4.72,4.72,0.0,0.0,-1.073996,0.01,0
Q-03217,REP-08,Silver,3,0.081656,1.37,3.0,1.0,0.059603,11.925042,0.0,1.0,9.419007,11.37,0.0,0.0,-0.26939,1.2233,0
Q-03218,REP-02,Silver,3,0.0,0.0,3.0,0.0,0.0,10.89907,0.360277,1.0,3.676494,3.96,0.0,0.0,-2.513486,0.4292,0
Q-03219,REP-05,Silver,4,0.0,0.0,4.0,0.0,0.0,9.883591,0.0,1.0,2.471461,8.92,2.0,0.0,-1.341316,0.0,0
Q-03220,REP-04,Gold,2,0.0,0.0,2.0,0.0,0.0,12.034697,0.035608,2.0,6.544332,6.56,0.0,0.0,0.750336,0.9838,0
Q-03221,REP-07,Gold,2,5.988808,6.27,2.0,2.0,1.0,11.477309,1.0,2.0,17.895544,18.27,1.0,0.0,8.749501,6.3345,2
Q-03222,REP-07,Silver,1,0.0,0.0,1.0,0.0,0.0,11.289794,1.0,1.0,5.29,5.29,1.0,0.0,-3.856043,0.6967,0
Q-03223,REP-07,Silver,2,0.590462,3.33,2.0,2.0,1.0,11.899554,0.0,1.0,10.590462,13.33,1.0,0.0,1.444419,1.321,1
Q-03224,REP-08,Silver,3,0.28463,0.75,3.0,1.0,0.379507,10.87239,1.0,1.0,7.811822,10.75,0.0,0.0,-1.876575,1.0908,1
Q-03225,REP-04,Bronze,4,2.397622,9.18,4.0,2.0,0.291805,11.919064,0.708195,0.0,5.730959,14.18,0.0,0.0,-0.063037,3.6571,2
Q-03226,REP-02,Silver,2,0.0,0.0,2.0,0.0,0.0,8.938663,0.0,1.0,5.451575,9.53,0.0,0.0,-0.738405,0.0,0
Q-03227,REP-05,Silver,4,0.0,0.0,4.0,0.0,0.0,11.608926,0.125369,1.0,7.893747,9.33,2.0,0.0,4.08097,0.1662,0
Q-03228,REP-07,Bronze,2,3.073472,4.46,2.0,1.0,0.689119,10.96649,0.310881,0.0,7.650674,9.46,1.0,0.0,-1.495369,2.1349,1
Q-03229,REP-07,Silver,3,0.0,0.0,3.0,0.0,0.0,9.506809,0.178439,1.0,5.213532,7.96,1.0,0.0,-3.932511,0.0,0
Q-03230,REP-07,Bronze,2,6.045155,10.09,2.0,2.0,1.0,10.278528,1.0,0.0,11.045155,15.09,1.0,1.0,1.899112,7.1303,2
Q-03231,REP-01,Silver,2,0.0,0.0,2.0,0.0,0.0,10.772708,0.075472,1.0,4.195472,4.2,0.0,0.0,-1.380375,0.219,0
Q-03232,REP-06,Gold,3,0.562963,1.9,3.0,1.0,0.296296,10.385945,0.694444,2.0,6.98713,16.9,2.0,1.0,0.865668,0.5074,0
Q-03233,REP-03,Bronze,2,8.533871,12.21,2.0,1.0,0.698925,10.929547,0.0,0.0,12.814301,17.21,2.0,1.0,8.535465,5.2423,2
Q-03234,REP-05,Silver,5,0.001529,0.22,5.0,1.0,0.00695,11.771444,0.150579,1.0,6.391174,10.22,2.0,1.0,2.578396,0.8168,1
Q-03235,REP-01,Gold,4,0.0,0.0,4.0,0.0,0.0,12.001143,0.68737,2.0,6.420136,7.18,0.0,0.0,0.844289,1.2959,1
Q-03236,REP-05,Silver,4,0.0,0.0,4.0,0.0,0.0,11.99616,0.046259,1.0,3.08385,4.77,2.0,1.0,-0.728928,1.0065,0
Q-03237,REP-06,Gold,3,0.0,0.0,3.0,0.0,0.0,10.21596,0.724346,2.0,6.566654,9.22,2.0,0.0,0.445193,0.0,0
Q-03238,REP-02,Silver,2,1.96978,7.17,2.0,1.0,0.274725,10.214679,0.274725,1.0,11.346044,17.17,0.0,1.0,5.156064,3.0519,2
Q-03239,REP-04,Silver,2,0.0,0.0,2.0,0.0,0.0,9.814711,0.081967,1.0,1.164754,3.57,0.0,0.0,-4.629242,0.0,0
Q-03240,REP-05,Bronze,4,0.0,0.0,4.0,0.0,0.0,10.247999,0.669619,0.0,1.615208,3.29,2.0,0.0,-2.19757,0.0035,0
Q-03241,REP-07,Silver,4,0.816012,1.42,4.0,1.0,0.574656,12.223917,0.425344,1.0,10.652053,11.42,1.0,1.0,1.50601,2.3595,2
Q-03242,REP-08,Bronze,1,0.0,0.0,1.0,0.0,0.0,8.188967,1.0,0.0,4.06,4.06,0.0,0.0,-5.628396,0.58,0
Q-03243,REP-02,Silver,3,0.0,0.0,3.0,0.0,0.0,10.7627,0.508205,1.0,4.311138,6.91,0.0,0.0,-1.878842,0.4531,0
Q-03244,REP-03,Gold,2,0.0,0.0,2.0,0.0,0.0,10.653157,0.0,2.0,14.844814,14.87,2.0,0.0,10.565978,0.0,0
Q-03245,REP-03,Silver,3,0.0,0.0,3.0,0.0,0.0,11.156265,0.571429,1.0,5.735714,9.89,2.0,0.0,1.456878,0.0776,0
Q-03246,REP-02,Bronze,3,0.0,0.0,3.0,0.0,0.0,10.376642,0.308411,0.0,2.951776,3.51,0.0,1.0,-3.238204,0.8871,0
Q-03247,REP-03,Gold,2,0.0,0.0,2.0,0.0,0.0,11.222587,0.0,2.0,3.313583,4.1,2.0,1.0,-0.965253,0.0333,0
Q-03248,REP-06,Bronze,6,0.182813,1.41,6.0,2.0,0.193015,11.597276,0.900735,0.0,3.439706,6.41,2.0,0.0,-2.681756,1.1107,0
Q-03249,REP-07,Silver,4,0.0,0.0,4.0,0.0,0.0,10.102379,0.971311,1.0,9.204713,9.96,1.0,0.0,0.05867,0.2176,0
Q-03250,REP-02,Silver,1,0.0,0.0,1.0,0.0,0.0,6.111467,0.0,1.0,8.5,8.5,0.0,0.0,2.31002,0.0,0
Q-03251,REP-05,Bronze,3,0.0,0.0,3.0,0.0,0.0,11.277469,0.531511,0.0,1.378071,1.64,2.0,0.0,-2.434706,0.3508,0
Q-03252,REP-06,Gold,4,0.0,0.0,4.0,0.0,0.0,11.000198,0.63455,2.0,4.699038,7.05,2.0,0.0,-1.422423,0.0,0
Q-03253,REP-05,Gold,4,2.856511,6.15,4.0,1.0,0.464473,11.412287,0.484379,2.0,13.523453,16.15,2.0,1.0,9.710675,3.5059,2
Q-03254,REP-07,Bronze,1,10.59,10.59,1.0,1.0,1.0,10.63106,0.0,0.0,15.59,15.59,1.0,1.0,6.443957,6.1077,2
Q-03255,REP-05,Bronze,3,0.17,2.9,3.0,2.0,0.747368,9.564582,0.252632,0.0,4.391895,7.9,2.0,1.0,0.579117,0.4981,0
Q-03256,REP-02,Gold,3,0.0,0.0,3.0,0.0,0.0,10.63106,0.289855,2.0,5.303333,8.45,0.0,1.0,-0.886647,0.5144,0
Q-03257,REP-01,Gold,1,0.0,0.0,1.0,0.0,0.0,8.942592,0.0,2.0,7.48,7.48,0.0,1.0,1.904153,0.0738,0
Q-03258,REP-06,Silver,3,0.0,0.0,3.0,0.0,0.0,11.110969,0.215247,1.0,4.216951,4.34,2.0,0.0,-1.904511,0.0,0
Q-03259,REP-07,Silver,1,0.99,0.99,1.0,1.0,1.0,8.47658,1.0,1.0,10.99,10.99,1.0,0.0,1.843957,1.0105,1
Q-03260,REP-06,Silver,2,0.0,0.0,2.0,0.0,0.0,7.751905,0.774194,1.0,8.727097,9.89,2.0,0.0,2.605635,0.0,0
Q-03261,REP-08,Silver,3,0.0,0.0,3.0,0.0,0.0,10.913287,0.73224,1.0,8.164536,9.11,0.0,0.0,-1.523861,0.6402,1
Q-03262,REP-01,Silver,4,0.048548,0.18,4.0,1.0,0.26971,11.188593,0.298755,1.0,6.106971,10.18,0.0,0.0,0.531124,0.587,1
Q-03263,REP-05,Silver,4,1.565757,4.63,4.0,1.0,0.338176,11.287792,0.626253,1.0,7.104619,14.63,2.0,1.0,3.291841,1.8067,1
Q-03264,REP-04,Bronze,1,2.08,2.08,1.0,1.0,1.0,8.748464,0.0,0.0,7.08,7.08,0.0,0.0,1.286004,1.1549,1
Q-03265,REP-01,Bronze,2,0.0,0.0,2.0,0.0,0.0,10.226513,0.0,0.0,4.248471,4.28,0.0,0.0,-1.327377,0.2302,0
Q-03266,REP-05,Gold,4,0.0,0.0,4.0,0.0,0.0,10.743998,0.323625,2.0,1.538317,4.18,2.0,0.0,-2.274461,0.0,0
Q-03267,REP-01,Silver,5,0.147165,2.48,5.0,1.0,0.059341,11.130947,0.202198,1.0,3.06444,12.48,0.0,0.0,-2.511408,0.7946,1
Q-03268,REP-03,Gold,3,0.0,0.0,3.0,0.0,0.0,10.772708,0.0,2.0,3.703522,6.67,2.0,1.0,-0.575314,0.0,0
Q-03269,REP-06,Gold,5,0.0,0.0,5.0,0.0,0.0,11.336439,0.604868,2.0,3.90247,5.94,2.0,0.0,-2.218992,0.0,0
Q-03270,REP-06,Silver,1,0.0,0.0,1.0,0.0,0.0,8.881975,0.0,1.0,9.7,9.7,2.0,0.0,3.578538,0.0,0
Q-03271,REP-03,Bronze,1,0.0,0.0,1.0,0.0,0.0,11.429555,1.0,0.0,2.23,2.23,2.0,0.0,-2.048836,0.7167,0
Q-03272,REP-04,Gold,3,0.0,0.0,3.0,0.0,0.0,10.506464,0.963064,2.0,7.28238,7.79,0.0,0.0,1.488384,0.3943,0
Q-03273,REP-04,Bronze,3,0.106187,1.91,3.0,2.0,0.834532,10.63828,1.0,0.0,4.487338,6.91,0.0,0.0,-1.306658,1.1968,0
Q-03274,REP-04,Gold,2,0.0,0.0,2.0,0.0,0.0,9.31479,0.108108,2.0,0.861622,5.33,0.0,0.0,-4.932374,0.0,0
Q-03275,REP-01,Bronze,5,4.079335,5.1,5.0,4.0,0.975435,12.182809,0.243603,0.0,8.963879,10.1,0.0,1.0,3.388032,4.6324,2
Q-03276,REP-01,Bronze,3,0.676031,3.28,3.0,1.0,0.206107,11.089821,0.633588,0.0,5.25771,8.28,0.0,0.0,-0.318137,1.823,1
Q-03277,REP-07,Silver,3,0.285938,1.22,3.0,1.0,0.234375,11.248973,0.507812,1.0,8.806641,11.22,1.0,1.0,-0.339402,1.2237,1
Q-03278,REP-02,Silver,6,0.0,0.0,6.0,0.0,0.0,11.53362,0.355569,1.0,7.788763,9.99,0.0,1.0,1.598783,1.2763,1
Q-03279,REP-03,Bronze,4,0.688886,2.98,4.0,2.0,0.247911,10.670837,0.222841,0.0,4.392786,7.98,2.0,0.0,0.113949,0.7776,1
Q-03280,REP-07,Silver,4,1.555135,12.17,4.0,2.0,0.85116,11.952476,0.032861,1.0,11.048421,22.17,1.0,0.0,1.902379,2.7833,2
Q-03281,REP-05,Bronze,4,0.0,0.0,4.0,0.0,0.0,11.292541,0.321616,0.0,2.835355,3.34,2.0,0.0,-0.977423,0.2454,0
Q-03282,REP-04,Bronze,1,0.0,0.0,1.0,0.0,0.0,8.314097,0.0,0.0,2.64,2.64,0.0,0.0,-3.153996,0.034,0
Q-03283,REP-05,Gold,4,0.179861,0.68,4.0,1.0,0.264501,11.364437,0.394432,2.0,7.934455,15.68,2.0,1.0,4.121677,0.4956,0
Q-03284,REP-02,Silver,3,0.0,0.0,3.0,0.0,0.0,9.908525,1.0,1.0,3.176866,5.34,0.0,0.0,-3.013114,0.4975,0
Q-03285,REP-06,Silver,2,0.0,0.0,2.0,0.0,0.0,9.002824,0.984615,1.0,5.733538,8.52,2.0,0.0,-0.387923,0.0,0
Q-03286,REP-01,Silver,5,0.0,0.0,5.0,0.0,0.0,10.402018,0.747153,1.0,3.645923,6.18,0.0,0.0,-1.929925,0.4653,0
Q-03287,REP-01,Bronze,3,7.83075,9.12,3.0,2.0,0.99631,11.711375,0.196802,0.0,12.822005,14.12,0.0,0.0,7.246158,5.6431,2
Q-03288,REP-03,Bronze,2,0.0,0.0,2.0,0.0,0.0,10.069044,0.847458,0.0,0.187627,1.23,2.0,0.0,-4.091209,0.0628,0
Q-03289,REP-06,Silver,5,0.0,0.0,5.0,0.0,0.0,11.801452,0.213571,1.0,1.765458,7.51,2.0,0.0,-4.356004,0.4095,0
Q-03290,REP-07,Gold,4,0.0,0.0,4.0,0.0,0.0,10.308486,0.250125,2.0,6.038269,9.86,1.0,0.0,-3.107774,0.0,0
Q-03291,REP-06,Bronze,2,5.1,8.16,2.0,1.0,0.625,10.555839,0.625,0.0,10.0625,13.16,2.0,0.0,3.941038,5.2454,2
Q-03292,REP-05,Bronze,4,1.249433,1.45,4.0,1.0,0.861678,10.58888,0.128496,0.0,5.908617,6.45,2.0,0.0,2.095839,0.4857,0
Q-03293,REP-08,Silver,3,0.256606,5.46,3.0,1.0,0.046997,9.86011,0.046997,1.0,3.003995,15.46,0.0,0.0,-6.684401,0.7816,0
Q-03294,REP-06,Silver,3,0.162494,0.22,3.0,1.0,0.738609,10.350606,0.0,1.0,8.869568,10.22,2.0,0.0,2.748107,0.0,0
Q-03295,REP-04,Silver,3,0.038077,0.13,3.0,1.0,0.292899,11.121378,0.707101,1.0,9.186834,10.13,0.0,1.0,3.392838,1.2285,0
Q-03296,REP-01,Gold,1,0.0,0.0,1.0,0.0,0.0,9.105091,1.0,2.0,5.29,5.29,0.0,1.0,-0.285847,0.635,0
Q-03297,REP-01,Bronze,4,0.500112,1.7,4.0,2.0,0.857334,11.11522,0.857334,0.0,4.94764,6.7,0.0,0.0,-0.628207,1.6385,0
Q-03298,REP-04,Gold,3,0.0,0.0,3.0,0.0,0.0,10.444386,0.209607,2.0,5.965939,9.04,0.0,1.0,0.171943,0.4115,0
Q-03299,REP-01,Silver,2,0.0,0.0,2.0,0.0,0.0,9.295692,0.909091,1.0,5.84,6.37,0.0,0.0,0.264153,0.3708,0
Q-03300,REP-04,Bronze,5,0.948674,4.62,5.0,3.0,0.826217,12.207327,0.041948,0.0,5.591176,9.62,0.0,1.0,-0.20282,3.05,2
Q-03301,REP-08,Bronze,4,4.175755,7.08,4.0,3.0,0.992167,10.60202,0.872809,0.0,9.170507,12.08,0.0,0.0,-0.517889,4.7983,2
Q-03302,REP-01,Silver,5,0.0,0.0,5.0,0.0,0.0,11.169604,0.47223,1.0,2.754094,5.27,0.0,0.0,-2.821754,0.6309,0
Q-03303,REP-04,Bronze,4,3.136667,8.65,4.0,2.0,0.666667,9.287394,0.583333,0.0,7.601667,13.65,0.0,0.0,1.807671,2.7861,2
Q-03304,REP-06,Silver,4,3.640585,3.98,4.0,1.0,0.91472,11.576754,0.05629,1.0,12.95031,13.98,2.0,0.0,6.828848,2.0661,1
Q-03305,REP-01,Gold,2,0.01997,0.02,2.0,1.0,0.998502,11.514434,0.998502,2.0,12.013665,12.02,0.0,1.0,6.437817,1.4127,1
Q-03306,REP-07,Silver,3,0.587244,3.11,3.0,2.0,0.205493,9.229751,0.794507,1.0,7.584007,13.11,1.0,1.0,-1.562036,1.0407,0
Q-03307,REP-04,Silver,5,0.0,0.0,5.0,0.0,0.0,12.190126,0.139711,1.0,4.119286,6.92,0.0,0.0,-1.67471,1.4971,1
Q-03308,REP-06,Gold,3,0.0,0.0,3.0,0.0,0.0,11.870607,0.318182,2.0,8.427622,10.44,2.0,0.0,2.306161,0.3267,0
Q-03309,REP-01,Silver,1,0.0,0.0,1.0,0.0,0.0,10.673619,0.0,1.0,6.72,6.72,0.0,0.0,1.144153,0.14,0
Q-03310,REP-03,Gold,5,0.0,0.0,5.0,0.0,0.0,10.854489,0.13909,2.0,0.846595,4.13,2.0,0.0,-3.432241,0.0,0
Q-03311,REP-06,Silver,5,0.342265,5.09,5.0,1.0,0.067243,11.070475,0.927699,1.0,6.549872,15.09,2.0,0.0,0.428411,0.9293,0
Q-03312,REP-02,Silver,2,0.0,0.0,2.0,0.0,0.0,10.701017,0.540541,1.0,6.62973,6.74,0.0,0.0,0.43975,0.4473,0
Q-03313,REP-08,Bronze,6,0.969991,9.38,6.0,5.0,0.743618,12.09749,0.878943,0.0,5.959736,14.38,0.0,0.0,-3.72866,3.6274,2
Q-03314,REP-01,Bronze,5,0.0,0.0,5.0,0.0,0.0,11.689405,0.788768,0.0,3.799044,4.46,0.0,0.0,-1.776803,1.428,1
Q-03315,REP-01,Bronze,5,0.228229,0.77,5.0,1.0,0.296401,11.350654,0.0247,0.0,3.670819,5.77,0.0,0.0,-1.905028,0.9026,1
Q-03316,REP-06,Silver,1,0.0,0.0,1.0,0.0,0.0,9.575053,0.0,1.0,7.11,7.11,2.0,0.0,0.988538,0.0,0
Q-03317,REP-06,Bronze,5,4.368778,5.64,5.0,2.0,0.777264,11.676625,0.0,0.0,8.461462,10.64,2.0,0.0,2.34,2.8368,2
Q-03318,REP-06,Silver,3,0.0,0.0,3.0,0.0,0.0,8.952347,0.038835,1.0,0.249903,4.74,2.0,0.0,-5.871559,0.0,0
Q-03319,REP-01,Gold,5,0.0,0.0,5.0,0.0,0.0,11.207229,0.065164,2.0,4.90808,6.98,0.0,0.0,-0.667767,0.2097,0
Q-03320,REP-08,Silver,2,0.079345,1.53,2.0,2.0,1.0,10.732061,0.960699,1.0,10.079345,11.53,0.0,0.0,0.390949,0.8997,0
Q-03321,REP-08,Silver,4,0.417358,2.37,4.0,1.0,0.176101,11.871306,0.714885,1.0,6.460692,12.37,0.0,0.0,-3.227704,1.8017,2
Q-03322,REP-04,Gold,3,0.0,0.0,3.0,0.0,0.0,10.570573,0.0,2.0,8.545035,11.27,0.0,0.0,2.751039,0.0,0
Q-03323,REP-01,Silver,4,0.0,0.0,4.0,0.0,0.0,12.097462,0.0,1.0,5.5308,9.44,0.0,0.0,-0.045047,1.2751,1
Q-03324,REP-02,Silver,1,0.0,0.0,1.0,0.0,0.0,10.404293,1.0,1.0,2.98,2.98,0.0,0.0,-3.20998,0.605,0
Q-03325,REP-05,Bronze,6,0.642178,10.05,6.0,3.0,0.482267,11.849369,0.428587,0.0,4.805817,15.05,2.0,1.0,0.993039,2.885,2
Q-03326,REP-03,Gold,4,3.317912,5.04,4.0,1.0,0.658316,10.909363,0.658316,2.0,13.616893,15.04,2.0,1.0,9.338057,3.5692,2
Q-03327,REP-02,Silver,2,0.0,0.0,2.0,0.0,0.0,7.771067,0.0,1.0,4.532658,6.72,0.0,0.0,-1.657322,0.0,0
Q-03328,REP-04,Silver,6,0.070595,1.91,6.0,1.0,0.036961,10.793455,0.89117,1.0,5.003419,11.91,0.0,1.0,-0.790577,1.3954,1
Q-03329,REP-03,Silver,4,0.001649,1.51,4.0,1.0,0.001092,11.319231,0.047336,1.0,0.042395,11.51,2.0,0.0,-4.236441,0.0594,0
Q-03330,REP-06,Gold,3,0.0,0.0,3.0,0.0,0.0,11.440366,0.241935,2.0,6.272742,10.57,2.0,0.0,0.15128,0.0,0
Q-03331,REP-04,Bronze,5,2.136439,10.95,5.0,3.0,0.663894,11.003782,0.663894,0.0,6.695408,15.95,0.0,0.0,0.901412,3.8651,2
Q-03332,REP-08,Gold,3,4.730185,9.11,3.0,2.0,0.881266,11.235867,0.778364,2.0,15.833615,24.11,0.0,1.0,6.145219,5.1972,2
Q-03333,REP-02,Bronze,1,2.2,2.2,1.0,1.0,1.0,10.308986,0.0,0.0,7.2,7.2,0.0,0.0,1.01002,1.416,1
Q-03334,REP-03,Bronze,3,1.363911,2.31,3.0,2.0,0.754948,11.572147,0.584354,0.0,5.209717,7.31,2.0,0.0,0.930881,1.6021,1
Q-03335,REP-02,Silver,5,0.0,0.0,5.0,0.0,0.0,11.681875,0.557409,1.0,5.671627,6.95,0.0,0.0,-0.518353,1.0733,1
Q-03336,REP-02,Silver,3,0.0,0.0,3.0,0.0,0.0,12.26576,0.098917,1.0,6.821451,7.28,0.0,0.0,0.631471,1.6036,1
Q-03337,REP-07,Silver,2,0.0,0.0,2.0,0.0,0.0,8.678632,0.919149,1.0,8.613532,8.62,1.0,1.0,-0.532511,0.4845,0
Q-03338,REP-08,Silver,3,0.291646,0.36,3.0,1.0,0.810127,10.989538,0.992405,1.0,8.402937,10.36,0.0,0.0,-1.28546,1.1042,1
Q-03339,REP-06,Silver,3,0.0,0.0,3.0,0.0,0.0,11.578723,0.524345,1.0,4.111629,5.18,2.0,0.0,-2.009832,0.3584,0
Q-03340,REP-04,Gold,5,0.0,0.0,5.0,0.0,0.0,12.234179,0.466699,2.0,7.462927,9.32,0.0,1.0,1.668931,1.9809,2
Q-03341,REP-06,Bronze,6,0.319604,7.28,6.0,3.0,0.810316,11.920063,0.08386,0.0,4.71006,12.28,2.0,0.0,-1.411402,1.6699,2
Q-03342,REP-04,Bronze,2,0.088261,2.03,2.0,1.0,0.043478,9.937937,1.0,0.0,4.380435,7.03,0.0,0.0,-1.413561,1.0199,0
Q-03343,REP-07,Bronze,4,1.411881,7.32,4.0,3.0,0.997881,12.265996,0.282552,0.0,6.411563,12.32,1.0,0.0,-2.734479,3.1941,2
Q-03344,REP-08,Gold,3,0.725255,1.08,3.0,1.0,0.671533,11.134604,0.986861,2.0,10.121664,11.1,0.0,1.0,0.433268,1.8516,2
Q-03345,REP-07,Gold,1,0.0,0.0,1.0,0.0,0.0,8.699681,1.0,2.0,8.8,8.8,1.0,1.0,-0.346043,0.31,0
Q-03346,REP-04,Bronze,5,1.811436,3.31,5.0,3.0,0.99505,11.299745,0.003713,0.0,6.802054,8.31,0.0,1.0,1.008059,2.2503,2
Q-03347,REP-01,Bronze,1,0.0,0.0,1.0,0.0,0.0,9.259226,1.0,0.0,3.19,3.19,0.0,1.0,-2.385847,1.0875,0
Q-03348,REP-05,Silver,3,0.0,0.0,3.0,0.0,0.0,11.255979,0.0,1.0,6.838906,8.78,2.0,0.0,3.026128,0.0,0
Q-03349,REP-02,Gold,2,0.0,0.0,2.0,0.0,0.0,12.003963,0.0,2.0,7.119064,7.12,0.0,1.0,0.929084,1.3717,1
Q-03350,REP-07,Bronze,2,6.056624,10.47,2.0,2.0,1.0,11.270867,0.171975,0.0,11.056624,15.47,1.0,0.0,1.910581,4.9005,2
Q-03351,REP-04,Silver,2,0.0,0.0,2.0,0.0,0.0,10.134639,0.285714,1.0,5.401429,6.68,0.0,0.0,-0.392567,0.1471,0
Q-03352,REP-07,Silver,3,4.25,8.5,3.0,1.0,0.5,9.798183,0.5,1.0,12.376,18.5,1.0,0.0,3.229957,2.625,2
Q-03353,REP-02,Silver,2,0.0,0.0,2.0,0.0,0.0,9.82016,0.217391,1.0,7.574348,8.22,0.0,0.0,1.384368,0.0529,0
Q-03354,REP-07,Gold,3,0.0,0.0,3.0,0.0,0.0,9.898525,0.939698,2.0,9.624472,10.24,1.0,0.0,0.478429,0.0,0
Q-03355,REP-03,Silver,5,0.0,0.0,5.0,0.0,0.0,11.659801,0.23312,1.0,3.990349,6.46,2.0,0.0,-0.288487,0.2734,0
Q-03356,REP-07,Bronze,2,2.951923,3.07,2.0,1.0,0.961538,10.348205,1.0,0.0,7.938462,8.07,1.0,0.0,-1.207581,3.3273,2
Q-03357,REP-02,Bronze,5,1.728802,2.07,5.0,2.0,0.84127,12.182297,0.02765,0.0,6.165597,7.07,0.0,0.0,-0.024383,2.5965,2
Q-03358,REP-01,Silver,1,0.0,0.0,1.0,0.0,0.0,7.71913,0.0,1.0,0.0,0.0,0.0,0.0,-5.575847,0.0,0
Q-03359,REP-06,Silver,2,3.032814,4.87,2.0,1.0,0.622754,11.332614,0.0,1.0,11.723772,14.87,2.0,1.0,5.602311,2.1353,2
Q-03360,REP-03,Silver,4,0.0,0.0,4.0,0.0,0.0,10.940242,0.382979,1.0,1.061809,3.58,2.0,0.0,-3.217028,0.0,0
Q-03361,REP-05,Silver,5,0.0,0.0,5.0,0.0,0.0,12.08179,0.093984,1.0,0.665534,3.46,2.0,1.0,-3.147243,1.1536,1
Q-03362,REP-07,Bronze,3,2.924372,3.02,3.0,3.0,1.0,11.246692,0.489396,0.0,7.924372,8.02,1.0,0.0,-1.221671,2.7498,2
Q-03363,REP-05,Silver,2,0.0,0.0,2.0,0.0,0.0,10.212478,0.0,1.0,3.270925,3.3,2.0,0.0,-0.541853,0.0,0
Q-03364,REP-06,Silver,4,0.0,0.0,4.0,0.0,0.0,10.66268,0.93611,1.0,3.024099,6.0,2.0,0.0,-3.097363,0.0509,0
Q-03365,REP-06,Gold,4,0.0,0.0,4.0,0.0,0.0,11.173754,0.379027,2.0,1.708117,6.85,2.0,0.0,-4.413344,0.0,0
Q-03366,REP-01,Bronze,2,0.986667,2.96,2.0,1.0,0.333333,8.881975,0.0,0.0,5.9,7.96,0.0,0.0,0.324153,0.8,0
Q-03367,REP-05,Silver,1,0.0,0.0,1.0,0.0,0.0,10.482934,0.0,1.0,2.0,2.0,2.0,0.0,-1.812778,0.0,0
Q-03368,REP-04,Bronze,3,0.630539,2.32,3.0,2.0,0.281943,11.45848,0.987328,0.0,3.605618,7.32,0.0,0.0,-2.188378,2.1146,2
Q-03369,REP-01,Silver,2,0.0,0.0,2.0,0.0,0.0,11.10196,0.0,1.0,5.769321,6.06,0.0,1.0,0.193474,0.7825,1
Q-03370,REP-05,Silver,1,0.0,0.0,1.0,0.0,0.0,9.053804,0.0,1.0,0.0,0.0,2.0,1.0,-3.812778,0.0,0
Q-03371,REP-01,Bronze,1,1.96,1.96,1.0,1.0,1.0,8.412055,1.0,0.0,6.96,6.96,0.0,1.0,1.384153,2.8995,2
Q-03372,REP-06,Gold,4,0.0,0.0,4.0,0.0,0.0,11.83284,0.150327,2.0,9.179978,9.86,2.0,0.0,3.058517,0.1902,0
Q-03373,REP-08,Silver,3,1.467671,5.48,3.0,2.0,0.592466,11.380548,0.222603,1.0,11.284281,15.48,0.0,1.0,1.595885,2.814,2
Q-03374,REP-03,Gold,2,0.0,0.0,2.0,0.0,0.0,8.395252,0.0,2.0,3.364746,3.47,2.0,1.0,-0.91409,0.0,0
Q-03375,REP-01,Gold,4,0.0,0.0,4.0,0.0,0.0,11.571958,0.995475,2.0,5.305566,5.75,0.0,0.0,-0.270281,0.9915,1
Q-03376,REP-01,Gold,3,0.0,0.0,3.0,0.0,0.0,10.439864,0.833455,2.0,5.678867,7.48,0.0,1.0,0.10302,0.7534,0
Q-03377,REP-07,Silver,2,1.049429,1.15,2.0,2.0,1.0,10.357775,0.685714,1.0,11.049429,11.15,1.0,1.0,1.903386,1.4681,1
Q-03378,REP-06,Gold,3,0.0,0.0,3.0,0.0,0.0,11.041337,0.423077,2.0,6.687308,8.98,2.0,1.0,0.565846,0.1627,0
Q-03379,REP-07,Gold,3,0.0,0.0,3.0,0.0,0.0,11.523875,0.106825,2.0,7.943205,9.2,1.0,0.0,-1.202838,0.1613,0
Q-03380,REP-07,Silver,1,0.0,0.0,1.0,0.0,0.0,7.496097,1.0,1.0,5.02,5.02,1.0,0.0,-4.126043,0.045,0
Q-03381,REP-07,Bronze,1,7.07,7.07,1.0,1.0,1.0,10.482934,0.0,0.0,12.07,12.07,1.0,0.0,2.923957,3.7446,2
Q-03382,REP-06,Silver,5,0.0,0.0,5.0,0.0,0.0,10.442055,0.817041,1.0,2.777123,5.49,2.0,0.0,-3.344339,0.0,0
Q-03383,REP-02,Silver,1,0.18,0.18,1.0,1.0,1.0,9.441531,0.0,1.0,10.18,10.18,0.0,1.0,3.99002,0.4304,0
Q-03384,REP-05,Gold,2,0.0,0.0,2.0,0.0,0.0,8.794976,0.272727,2.0,4.12,7.0,2.0,1.0,0.307222,0.0,0
Q-03385,REP-08,Silver,5,0.182619,0.79,5.0,2.0,0.233397,11.277848,0.303605,1.0,6.9474,10.79,0.0,0.0,-2.740996,0.8449,0
Q-03386,REP-01,Silver,6,1.925157,5.46,6.0,3.0,0.367716,10.604876,0.974461,1.0,9.887716,15.46,0.0,1.0,4.311869,3.2959,2
Q-03387,REP-01,Silver,1,1.22,1.22,1.0,1.0,1.0,10.645449,0.0,1.0,11.22,11.22,0.0,0.0,5.644153,0.7766,0
Q-03388,REP-07,Silver,4,1.188936,2.02,4.0,2.0,0.93617,10.940242,0.425532,1.0,11.061915,12.02,1.0,1.0,1.915872,1.4217,0
Q-03389,REP-06,Bronze,2,3.257561,6.36,2.0,1.0,0.512195,10.803669,0.487805,0.0,5.881951,11.36,2.0,0.0,-0.23951,2.1461,2
Q-03390,REP-07,Gold,4,0.213483,0.95,4.0,1.0,0.224719,11.491712,0.224719,2.0,9.815148,11.09,1.0,0.0,0.669105,0.4833,0
Q-03391,REP-02,Silver,3,0.0,0.0,3.0,0.0,0.0,11.252223,0.519143,1.0,5.814614,8.92,0.0,0.0,-0.375366,0.7076,0
Q-03392,REP-07,Gold,1,0.0,0.0,1.0,0.0,0.0,7.09091,0.0,2.0,8.53,8.53,1.0,0.0,-0.616043,0.0,0
Q-03393,REP-08,Gold,1,0.0,0.0,1.0,0.0,0.0,6.293419,0.0,2.0,4.75,4.75,0.0,0.0,-4.938396,0.0,0
Q-03394,REP-08,Silver,2,4.848804,4.88,2.0,2.0,1.0,10.610316,0.986436,1.0,14.848804,14.88,0.0,0.0,5.160408,5.2556,2
Q-03395,REP-05,Bronze,6,0.026098,9.87,6.0,2.0,0.017632,11.754506,0.980954,0.0,2.572629,14.87,2.0,0.0,-1.240149,2.0972,2
Q-03396,REP-03,Gold,2,0.0,0.0,2.0,0.0,0.0,11.305914,0.04059,2.0,9.618893,9.64,2.0,0.0,5.340057,0.0,0
Q-03397,REP-02,Bronze,2,4.328333,11.13,2.0,1.0,0.388889,9.980495,0.388889,0.0,8.271111,16.13,0.0,1.0,2.081131,5.704,2
Q-03398,REP-02,Silver,3,0.0,0.0,3.0,0.0,0.0,8.703839,0.995851,1.0,3.910083,5.86,0.0,0.0,-2.279897,0.3779,1
Q-03399,REP-08,Bronze,2,7.118384,8.62,2.0,2.0,1.0,11.033292,0.0,0.0,12.118384,13.62,0.0,0.0,2.429988,4.4538,2
Q-03400,REP-08,Gold,1,0.0,0.0,1.0,0.0,0.0,7.313887,1.0,2.0,5.34,5.34,0.0,0.0,-4.348396,0.1225,0
Q-03401,REP-01,Bronze,5,0.182322,2.32,5.0,2.0,0.242076,12.161839,0.0,0.0,4.590617,7.32,0.0,0.0,-0.98523,1.9263,2
Q-03402,REP-08,Silver,4,1.832597,6.12,4.0,1.0,0.299444,12.544404,0.401041,1.0,9.685889,16.12,0.0,0.0,-0.002507,4.5508,2
Q-03403,REP-04,Gold,3,0.086634,0.85,3.0,2.0,0.646814,11.187209,1.0,2.0,10.069945,12.85,0.0,1.0,4.275949,1.3279,1
Q-03404,REP-02,Gold,4,0.0,0.0,4.0,0.0,0.0,11.417526,0.389439,2.0,3.553597,4.48,0.0,0.0,-2.636383,0.5317,0
Q-03405,REP-06,Silver,5,0.0,0.0,5.0,0.0,0.0,11.306528,0.931776,1.0,5.595212,6.64,2.0,0.0,-0.526249,0.3704,0
Q-03406,REP-07,Silver,3,0.206519,2.67,3.0,1.0,0.077348,11.595436,0.0,1.0,9.081436,12.67,1.0,0.0,-0.064606,0.7654,1
Q-03407,REP-04,Silver,4,1.998511,6.71,4.0,1.0,0.297841,11.807839,0.95309,1.0,10.644185,16.71,0.0,0.0,4.850189,3.8402,2
Q-03408,REP-08,Silver,1,2.01,2.01,1.0,1.0,1.0,9.680406,1.0,1.0,12.01,12.01,0.0,1.0,2.321604,2.8228,2
Q-03409,REP-04,Bronze,3,1.760455,5.69,3.0,3.0,1.0,10.58661,0.25,0.0,6.760455,10.69,0.0,1.0,0.966459,2.498,2
Q-03410,REP-07,Silver,2,0.280709,0.31,2.0,1.0,0.905512,10.835671,1.0,1.0,9.82622,10.31,1.0,1.0,0.680178,1.1732,1
Q-03411,REP-04,Gold,4,0.0,0.0,4.0,0.0,0.0,11.436865,0.0,2.0,2.816873,5.44,0.0,0.0,-2.977122,0.3323,0
Q-03412,REP-06,Gold,3,0.0,0.0,3.0,0.0,0.0,9.388989,0.0,2.0,6.617516,7.52,2.0,0.0,0.496054,0.0,0
Q-03413,REP-02,Gold,4,0.0,0.0,4.0,0.0,0.0,11.168475,0.757832,2.0,2.445419,7.54,0.0,0.0,-3.744561,0.5673,0
Q-03414,REP-05,Silver,4,0.0,0.0,4.0,0.0,0.0,10.40399,0.879054,1.0,1.171446,9.47,2.0,0.0,-2.641332,0.0,0
Q-03415,REP-02,Bronze,1,0.0,0.0,1.0,0.0,0.0,6.311735,0.0,0.0,4.47,4.47,0.0,0.0,-1.71998,0.0046,0
Q-03416,REP-03,Bronze,2,3.724162,3.75,2.0,2.0,1.0,11.522341,0.990638,0.0,8.724162,8.75,2.0,0.0,4.445326,4.323,2
Q-03417,REP-02,Gold,5,0.0,0.0,5.0,0.0,0.0,12.192992,0.141844,2.0,9.159686,14.89,0.0,0.0,2.969706,1.283,1
Q-03418,REP-04,Silver,6,0.667495,1.2,6.0,3.0,0.567244,12.165386,0.312459,1.0,8.902334,11.2,0.0,1.0,3.108338,2.4144,2
Q-03419,REP-07,Gold,5,2.604251,5.31,5.0,1.0,0.490443,11.689237,0.025151,2.0,15.744256,20.31,1.0,0.0,6.598213,1.9457,1
Q-03420,REP-06,Silver,1,0.0,0.0,1.0,0.0,0.0,7.71913,0.0,1.0,7.39,7.39,2.0,0.0,1.268538,0.0,0
Q-03421,REP-05,Silver,1,0.0,0.0,1.0,0.0,0.0,10.085851,0.0,1.0,5.34,5.34,2.0,1.0,1.527222,0.0,0
Q-03422,REP-04,Bronze,2,0.6804,1.89,2.0,1.0,0.36,8.922792,0.64,0.0,3.9908,6.89,0.0,0.0,-1.803196,0.9082,0
Q-03423,REP-07,Silver,3,4.559388,6.77,3.0,1.0,0.673469,10.288784,1.0,1.0,13.838163,16.77,1.0,0.0,4.69212,4.8496,2
Q-03424,REP-01,Silver,3,0.0,0.0,3.0,0.0,0.0,11.751163,0.378251,1.0,7.221986,8.07,0.0,0.0,1.646139,1.0455,1
Q-03425,REP-06,Gold,2,0.0,0.0,2.0,0.0,0.0,11.366986,0.0,2.0,6.763569,6.82,2.0,1.0,0.642107,0.1302,0
Q-03426,REP-06,Gold,1,1.53,1.53,1.0,1.0,1.0,8.594339,1.0,2.0,11.53,11.53,2.0,0.0,5.408538,1.0085,1
Q-03427,REP-05,Gold,6,0.0,0.0,6.0,0.0,0.0,11.736677,0.447731,2.0,3.347639,5.29,2.0,0.0,-0.465138,0.2485,0
Q-03428,REP-01,Silver,2,0.0,0.0,2.0,0.0,0.0,10.045464,0.0,1.0,3.489935,3.51,0.0,0.0,-2.085912,0.0,0
Q-03429,REP-03,Gold,3,0.0,0.0,3.0,0.0,0.0,11.715874,1.0,2.0,5.730612,8.64,2.0,0.0,1.451776,0.5308,0
Q-03430,REP-06,Bronze,2,0.109489,0.12,2.0,1.0,0.912409,9.419872,0.0,0.0,4.725839,5.12,2.0,0.0,-1.395622,0.0,0
Q-03431,REP-02,Silver,6,0.0,0.0,6.0,0.0,0.0,11.090584,0.155606,1.0,3.735561,7.01,0.0,0.0,-2.454419,0.4118,0
Q-03432,REP-02,Bronze,2,1.161176,1.2,2.0,2.0,1.0,7.844241,0.0,0.0,6.161176,6.2,0.0,1.0,-0.028803,1.0909,0
Q-03433,REP-08,Silver,2,2.334906,2.97,2.0,1.0,0.786164,9.856448,0.786164,1.0,11.734025,12.97,0.0,0.0,2.045629,2.6594,2
Q-03434,REP-06,Gold,4,0.0,0.0,4.0,0.0,0.0,10.934909,0.869875,2.0,8.333975,9.46,2.0,1.0,2.212514,0.3559,0
Q-03435,REP-07,Silver,4,1.861351,5.92,4.0,3.0,0.643527,11.576848,0.769231,1.0,11.119887,15.92,1.0,1.0,1.973845,2.9032,2
Q-03436,REP-05,Bronze,4,3.350147,13.68,4.0,2.0,0.939932,11.100073,0.939932,0.0,8.140113,18.68,2.0,0.0,4.327336,4.7873,2
Q-03437,REP-06,Silver,5,0.195322,8.42,5.0,1.0,0.023197,10.160685,0.023197,1.0,4.77253,18.42,2.0,0.0,-1.348931,0.4986,1
Q-03438,REP-04,Silver,3,0.0,0.0,3.0,0.0,0.0,10.812169,0.024184,1.0,5.183785,5.57,0.0,0.0,-0.610211,0.2068,0
Q-03439,REP-02,Gold,3,0.0,0.0,3.0,0.0,0.0,10.194701,0.44843,2.0,5.296054,6.5,0.0,0.0,-0.893926,0.0296,0
Q-03440,REP-08,Silver,1,0.4,0.4,1.0,1.0,1.0,9.980495,0.0,1.0,10.4,10.4,0.0,0.0,0.711604,0.172,0
Q-03441,REP-08,Bronze,4,6.705074,9.12,4.0,4.0,1.0,9.871274,0.325329,0.0,11.705074,14.12,0.0,1.0,2.016677,5.8558,2
Q-03442,REP-08,Gold,3,0.077173,1.29,3.0,1.0,0.059824,12.046496,0.059824,2.0,9.914493,13.71,0.0,1.0,0.226096,1.6705,1
Q-03443,REP-05,Gold,2,0.0,0.0,2.0,0.0,0.0,8.441607,0.0,2.0,7.937573,10.05,2.0,1.0,4.124795,0.0,0
Q-03444,REP-04,Gold,2,2.445455,5.38,2.0,1.0,0.454545,11.097425,1.0,2.0,6.990909,15.38,0.0,0.0,1.196913,3.306,2
Q-03445,REP-03,Silver,5,0.0,0.0,5.0,0.0,0.0,11.191356,0.921379,1.0,1.721628,2.02,2.0,0.0,-2.557209,0.2909,0
Q-03446,REP-03,Bronze,1,5.66,5.66,1.0,1.0,1.0,8.594339,1.0,0.0,10.66,10.66,2.0,0.0,6.381164,5.372,2
Q-03447,REP-07,Silver,3,0.0,0.0,3.0,0.0,0.0,9.372969,0.841479,1.0,5.88623,9.86,1.0,0.0,-3.259813,0.0409,0
Q-03448,REP-01,Bronze,4,1.332457,1.56,4.0,2.0,0.906702,11.645277,0.777924,0.0,6.218975,6.56,0.0,0.0,0.643128,2.5925,2
Q-03449,REP-02,Bronze,4,1.043695,5.76,4.0,3.0,0.441157,10.728343,0.815253,0.0,5.35073,10.76,0.0,0.0,-0.83925,1.9771,2
Q-03450,REP-02,Gold,1,0.0,0.0,1.0,0.0,0.0,9.729194,0.0,2.0,6.72,6.72,0.0,0.0,0.53002,0.0,0
Q-03451,REP-06,Silver,2,0.0,0.0,2.0,0.0,0.0,9.309371,0.652174,1.0,5.177826,5.39,2.0,0.0,-0.943635,0.0,0
Q-03452,REP-01,Silver,6,0.00314,0.41,6.0,1.0,0.007658,11.045814,0.762604,1.0,4.430373,10.41,0.0,0.0,-1.145474,0.7682,0
Q-03453,REP-01,Silver,4,0.0,0.0,4.0,0.0,0.0,11.925704,0.176704,1.0,6.1364,8.43,0.0,1.0,0.560553,1.5864,1
Q-03454,REP-06,Silver,2,0.7425,1.1,2.0,1.0,0.675,10.59666,0.675,1.0,10.3655,11.1,2.0,1.0,4.244038,1.0793,0
Q-03455,REP-05,Gold,3,0.0,0.0,3.0,0.0,0.0,11.02453,0.906128,2.0,0.398018,4.24,2.0,1.0,-3.41476,0.4197,0
Q-03456,REP-01,Silver,2,0.0,0.0,2.0,0.0,0.0,11.002117,0.5,1.0,4.335,6.48,0.0,0.0,-1.240847,0.555,0
Q-03457,REP-08,Silver,3,7.308279,8.73,3.0,2.0,0.907787,10.795506,0.0,1.0,17.078668,18.73,0.0,1.0,7.390272,4.6664,2
Q-03458,REP-08,Bronze,5,2.865336,8.7,5.0,5.0,1.0,11.948862,0.746249,0.0,7.865336,13.7,0.0,1.0,-1.82306,5.0697,2
Q-03459,REP-03,Bronze,1,0.0,0.0,1.0,0.0,0.0,9.980495,0.0,0.0,0.0,0.0,2.0,0.0,-4.278836,0.0,0
Q-03460,REP-08,Gold,2,0.0,0.0,2.0,0.0,0.0,9.676963,0.940734,2.0,1.790254,6.08,0.0,1.0,-7.898142,0.6603,0
Q-03461,REP-01,Bronze,2,4.419059,4.49,2.0,1.0,0.9842,11.930984,0.0158,0.0,9.346853,9.49,0.0,0.0,3.771006,3.6244,2
Q-03462,REP-01,Gold,5,0.0,0.0,5.0,0.0,0.0,11.912379,0.71831,2.0,3.257673,5.98,0.0,1.0,-2.318174,1.6476,1
Q-03463,REP-07,Bronze,3,2.344137,4.27,3.0,3.0,1.0,10.087932,0.0,0.0,7.344137,9.27,1.0,0.0,-1.801906,1.3547,1
Q-03464,REP-02,Gold,3,0.0,0.0,3.0,0.0,0.0,10.913287,0.016393,2.0,2.837049,10.94,0.0,0.0,-3.352931,0.0265,0
Q-03465,REP-01,Bronze,2,0.744118,12.65,2.0,1.0,0.058824,9.635673,0.941176,0.0,3.908824,17.65,0.0,1.0,-1.667024,2.7992,2
Q-03466,REP-05,Bronze,1,0.0,0.0,1.0,0.0,0.0,8.594339,1.0,0.0,3.54,3.54,2.0,1.0,-0.272778,0.445,0
Q-03467,REP-06,Bronze,5,0.903592,5.66,5.0,1.0,0.159645,11.409796,0.820399,0.0,4.014368,10.66,2.0,0.0,-2.107093,1.605,1
Q-03468,REP-05,Silver,4,0.0,0.0,4.0,0.0,0.0,11.481961,0.948943,1.0,6.818706,7.07,2.0,0.0,3.005928,0.5098,0
Q-03469,REP-08,Bronze,4,3.681723,4.26,4.0,4.0,1.0,10.860459,0.979357,0.0,8.681723,9.26,0.0,0.0,-1.006673,4.5029,2
Q-03470,REP-01,Bronze,4,0.0,0.0,4.0,0.0,0.0,11.06509,0.169014,0.0,3.287653,4.45,0.0,0.0,-2.288195,0.6255,0
Q-03471,REP-06,Bronze,3,2.217788,2.98,3.0,2.0,0.946903,12.040614,0.19469,0.0,7.12646,7.98,2.0,0.0,1.004999,2.3561,2
Q-03472,REP-05,Gold,3,0.0,0.0,3.0,0.0,0.0,11.756663,0.689655,2.0,2.547774,3.96,2.0,0.0,-1.265003,0.4026,0
Q-03473,REP-07,Silver,4,0.0,0.0,4.0,0.0,0.0,11.484742,0.576013,1.0,6.986599,7.94,1.0,0.0,-2.159443,0.607,0
Q-03474,REP-04,Gold,3,0.0,0.0,3.0,0.0,0.0,11.284782,0.70603,2.0,6.517789,10.97,0.0,0.0,0.723793,0.6116,0
Q-03475,REP-07,Silver,6,3.259554,4.36,6.0,3.0,0.760523,12.278933,0.044627,1.0,12.631758,14.36,1.0,1.0,3.485715,3.6631,2
Q-03476,REP-03,Bronze,2,0.0,0.0,2.0,0.0,0.0,10.859018,0.192308,0.0,4.253077,4.73,2.0,1.0,-0.025759,0.3891,0
Q-03477,REP-08,Silver,6,1.251782,2.85,6.0,2.0,0.45078,11.550424,0.173377,1.0,10.128877,12.85,0.0,1.0,0.440481,2.2235,2
Q-03478,REP-05,Gold,2,0.345349,1.65,2.0,1.0,0.209302,11.362114,1.0,2.0,5.846279,11.65,2.0,1.0,2.033501,1.1483,0
Q-03479,REP-05,Bronze,3,2.080349,8.66,3.0,2.0,0.960699,9.528139,0.960699,0.0,6.883843,13.66,2.0,0.0,3.071065,2.743,2
Q-03480,REP-08,Bronze,5,1.814771,11.3,5.0,3.0,0.207588,11.869592,0.855413,0.0,6.391712,16.3,0.0,0.0,-3.296684,3.7577,2
Q-03481,REP-01,Bronze,3,0.028988,1.11,3.0,1.0,0.026115,10.22452,0.761697,0.0,0.730348,6.11,0.0,1.0,-4.845499,1.233,0
Q-03482,REP-08,Silver,2,0.0,0.0,2.0,0.0,0.0,9.686637,0.0,1.0,9.148012,9.71,0.0,1.0,-0.540384,0.3642,0
Q-03483,REP-01,Silver,1,0.0,0.0,1.0,0.0,0.0,10.491302,1.0,1.0,5.93,5.93,0.0,0.0,0.354153,0.63,0
Q-03484,REP-01,Bronze,3,0.957303,4.62,3.0,2.0,0.505618,8.583168,0.337079,0.0,5.453034,9.62,0.0,1.0,-0.122813,1.6652,1
Q-03485,REP-05,Silver,3,0.0,0.0,3.0,0.0,0.0,8.993552,0.720497,1.0,2.047764,4.74,2.0,1.0,-1.765014,0.0934,0
Q-03486,REP-02,Silver,5,0.0,0.0,5.0,0.0,0.0,12.127711,0.225497,1.0,3.960626,6.47,0.0,0.0,-2.229354,1.4451,1
Q-03487,REP-08,Bronze,1,0.0,0.0,1.0,0.0,0.0,9.036106,0.0,0.0,2.13,2.13,0.0,0.0,-7.558396,0.07,0
Q-03488,REP-02,Gold,4,0.0,0.0,4.0,0.0,0.0,10.517348,0.129905,2.0,8.227673,10.24,0.0,1.0,2.037693,0.3894,1
Q-03489,REP-02,Silver,3,2.709384,2.74,3.0,1.0,0.988826,10.831035,0.988826,1.0,12.641019,12.74,0.0,0.0,6.45104,3.3225,2
Q-03490,REP-08,Gold,2,0.0,0.0,2.0,0.0,0.0,10.706408,0.0,2.0,7.207742,7.56,0.0,0.0,-2.480654,0.0,0
Q-03491,REP-06,Silver,3,0.0,0.0,3.0,0.0,0.0,11.994987,0.027788,1.0,6.694609,6.76,2.0,0.0,0.573148,0.5448,0
Q-03492,REP-06,Silver,3,0.708254,1.17,3.0,2.0,0.608483,10.735875,0.391517,1.0,6.793083,11.17,2.0,1.0,0.671622,0.6546,0
Q-03493,REP-03,Bronze,2,0.015576,0.57,2.0,1.0,0.027326,11.942764,0.0,0.0,0.152206,5.57,2.0,0.0,-4.126631,0.7501,0
Q-03494,REP-05,Silver,2,0.0,0.0,2.0,0.0,0.0,10.396994,0.0,1.0,7.526593,7.56,2.0,1.0,3.713816,0.0,0
Q-03495,REP-04,Silver,2,0.0,0.0,2.0,0.0,0.0,9.291552,0.0,1.0,7.437469,7.82,0.0,1.0,1.643473,0.3204,0
Q-03496,REP-07,Silver,2,1.038087,10.65,2.0,1.0,0.097473,10.922353,0.902527,1.0,9.873827,20.65,1.0,0.0,0.727784,2.0456,2
Q-03497,REP-01,Bronze,2,1.064046,1.18,2.0,1.0,0.901734,8.372399,0.901734,0.0,6.020809,6.18,0.0,1.0,0.444962,2.0056,2
Q-03498,REP-02,Silver,6,0.073056,7.76,6.0,2.0,0.07395,11.55853,0.764343,1.0,4.535102,17.76,0.0,0.0,-1.654878,1.9569,1
Q-03499,REP-02,Gold,2,0.0,0.0,2.0,0.0,0.0,7.730175,0.0,2.0,6.390769,6.72,0.0,0.0,0.200789,0.0,0
Q-03500,REP-08,Gold,3,1.775676,6.03,3.0,2.0,0.878378,9.78476,0.878378,2.0,13.671081,18.03,0.0,1.0,3.982685,2.796,2
Q-03501,REP-04,Bronze,2,2.035068,2.1,2.0,2.0,1.0,9.771155,0.0,0.0,7.035068,7.1,0.0,1.0,1.241073,1.6817,2
Q-03502,REP-05,Bronze,4,0.815753,1.34,4.0,2.0,0.814508,12.124732,0.117153,0.0,5.601852,6.34,2.0,1.0,1.789074,1.9409,1
Q-03503,REP-03,Silver,2,0.0,0.0,2.0,0.0,0.0,10.606115,0.928678,1.0,0.268886,3.77,2.0,0.0,-4.009951,0.0273,0
Q-03504,REP-01,Bronze,3,4.08691,6.1,3.0,3.0,1.0,10.056252,0.909871,0.0,9.08691,11.1,0.0,1.0,3.511063,5.1013,2
Q-03505,REP-02,Gold,2,0.0,0.0,2.0,0.0,0.0,11.028433,0.649351,2.0,8.424416,9.28,0.0,0.0,2.234436,0.4305,0
Q-03506,REP-02,Bronze,5,2.050695,7.61,5.0,4.0,0.460674,10.798575,0.134831,0.0,6.18238,12.61,0.0,1.0,-0.0076,2.7392,2
Q-03507,REP-08,Silver,1,0.0,0.0,1.0,0.0,0.0,9.980495,0.0,1.0,7.8,7.8,0.0,0.0,-1.888396,0.0,0
Q-03508,REP-06,Silver,3,0.0,0.0,3.0,0.0,0.0,10.615236,0.993865,1.0,5.439571,6.28,2.0,0.0,-0.681891,0.0662,0
Q-03509,REP-01,Silver,3,0.0,0.0,3.0,0.0,0.0,10.905056,0.991736,1.0,2.623434,7.26,0.0,0.0,-2.952413,0.7792,0
Q-03510,REP-08,Bronze,4,11.664535,13.77,4.0,4.0,1.0,11.634267,0.884854,0.0,16.664535,18.77,0.0,1.0,6.976139,12.8214,2
Q-03511,REP-05,Silver,4,0.0,0.0,4.0,0.0,0.0,9.858804,0.203922,1.0,4.636235,6.58,2.0,0.0,0.823458,0.0,0
Q-03512,REP-03,Silver,4,1.755247,1.93,4.0,1.0,0.909454,11.513535,0.014991,1.0,10.920788,11.93,2.0,0.0,6.641951,0.9716,1
Q-03513,REP-04,Silver,6,0.366292,1.63,6.0,1.0,0.224719,11.173262,0.625,1.0,6.576121,11.63,0.0,0.0,0.782125,1.2041,0
Q-03514,REP-01,Bronze,3,0.13648,0.49,3.0,1.0,0.27853,9.466996,0.696325,0.0,2.121006,5.49,0.0,0.0,-3.454841,0.6019,0
Q-03515,REP-08,Silver,5,0.071941,0.97,5.0,1.0,0.074166,10.790164,0.815822,1.0,7.921755,10.97,0.0,0.0,-1.766641,0.8003,1
Q-03516,REP-06,Bronze,1,0.31,0.31,1.0,1.0,1.0,8.188967,0.0,0.0,5.31,5.31,2.0,0.0,-0.811462,0.0,0
Q-03517,REP-01,Silver,4,0.0,0.0,4.0,0.0,0.0,10.837638,0.787819,1.0,2.79611,5.67,0.0,0.0,-2.779737,0.6375,1
Q-03518,REP-06,Silver,4,1.684394,1.96,4.0,2.0,0.920549,12.22539,0.061795,1.0,11.319009,11.96,2.0,1.0,5.197548,2.2862,2
Q-03519,REP-07,Gold,3,0.0,0.0,3.0,0.0,0.0,10.787689,0.204461,2.0,7.970781,10.51,1.0,0.0,-1.175262,0.0,0
Q-03520,REP-05,Silver,5,0.0,0.0,5.0,0.0,0.0,10.606115,0.913819,1.0,3.978484,9.09,2.0,0.0,0.165707,0.0191,0
Q-03521,REP-02,Silver,4,0.000315,0.19,4.0,1.0,0.001659,11.229581,0.970461,1.0,6.789588,10.19,0.0,0.0,0.599609,0.9625,0
Q-03522,REP-04,Silver,3,0.0,0.0,3.0,0.0,0.0,8.743691,0.430622,1.0,3.790335,4.33,0.0,0.0,-2.003661,0.0691,0
Q-03523,REP-06,Bronze,2,0.0,0.0,2.0,0.0,0.0,9.64866,0.967742,0.0,0.156774,4.86,2.0,0.0,-5.964687,0.0614,0
Q-03524,REP-01,Silver,2,2.209865,3.08,2.0,1.0,0.717489,11.398648,0.717489,1.0,10.777534,13.08,0.0,0.0,5.201687,3.113,2
Q-03525,REP-03,Bronze,4,0.007247,1.04,4.0,1.0,0.006969,11.545596,0.426829,0.0,2.678908,6.04,2.0,1.0,-1.599928,1.0632,1
Q-03526,REP-05,Gold,4,0.0,0.0,4.0,0.0,0.0,11.294782,0.347015,2.0,1.893843,7.05,2.0,0.0,-1.918934,0.0,0
Q-03527,REP-06,Silver,1,0.0,0.0,1.0,0.0,0.0,10.594157,0.0,1.0,9.11,9.11,2.0,1.0,2.988538,0.0,0
Q-03528,REP-08,Bronze,2,3.892329,4.74,2.0,2.0,1.0,9.994288,1.0,0.0,8.892329,9.74,0.0,0.0,-0.796067,4.5235,2
Q-03529,REP-02,Silver,2,0.0,0.0,2.0,0.0,0.0,9.405167,0.740741,1.0,2.856667,8.79,0.0,0.0,-3.333313,0.2887,0
Q-03530,REP-06,Gold,4,0.0,0.0,4.0,0.0,0.0,10.524091,0.580645,2.0,1.503226,4.74,2.0,0.0,-4.618236,0.0,0
Q-03531,REP-08,Silver,4,0.0,0.0,4.0,0.0,0.0,11.478344,0.372671,1.0,7.836801,9.72,0.0,0.0,-1.851595,0.79,0
Q-03532,REP-02,Silver,3,3.841004,6.8,3.0,1.0,0.564854,10.95712,0.376569,1.0,11.523096,16.8,0.0,0.0,5.333116,2.8263,2
Q-03533,REP-08,Bronze,3,6.32,9.04,3.0,2.0,0.982036,10.534121,0.0,0.0,11.236826,14.04,0.0,0.0,1.54843,3.9619,2
Q-03534,REP-08,Bronze,3,1.606829,5.48,3.0,3.0,1.0,10.398214,1.0,0.0,6.606829,10.48,0.0,0.0,-3.081567,2.7759,2
Q-03535,REP-03,Gold,6,0.0,0.0,6.0,0.0,0.0,11.52001,0.722868,2.0,5.029657,7.46,2.0,1.0,0.750821,0.6468,0
Q-03536,REP-01,Bronze,3,1.388163,3.31,3.0,2.0,0.44898,10.44293,0.55102,0.0,6.222857,8.31,0.0,0.0,0.64701,1.536,1
Q-03537,REP-04,Silver,1,0.67,0.67,1.0,1.0,1.0,10.827766,0.0,1.0,10.67,10.67,0.0,1.0,4.876004,1.0051,0
Q-03538,REP-07,Silver,3,0.009261,3.23,3.0,1.0,0.002867,11.963657,0.0,1.0,9.916023,13.23,1.0,0.0,0.76998,1.1471,1
Q-03539,REP-04,Silver,2,0.0,0.0,2.0,0.0,0.0,11.082696,0.984085,1.0,6.367933,6.43,0.0,0.0,0.573938,0.8632,1
Q-03540,REP-06,Silver,2,0.0,0.0,2.0,0.0,0.0,10.922353,0.0,1.0,3.408231,5.14,2.0,0.0,-2.71323,0.0,0
Q-03541,REP-05,Bronze,1,4.06,4.06,1.0,1.0,1.0,9.036106,0.0,0.0,9.06,9.06,2.0,0.0,5.247222,1.6218,1
Q-03542,REP-08,Silver,4,0.462034,6.78,4.0,1.0,0.068147,11.257788,0.552401,1.0,8.939035,16.78,0.0,0.0,-0.749362,1.6693,1
Q-03543,REP-08,Silver,4,0.0,0.0,4.0,0.0,0.0,10.797451,0.327232,1.0,6.175529,9.9,0.0,0.0,-3.512867,0.3674,0
Q-03544,REP-06,Silver,4,0.136707,0.28,4.0,1.0,0.488238,11.408908,0.488238,1.0,7.999383,10.28,2.0,1.0,1.877922,0.7952,0
Q-03545,REP-04,Bronze,2,0.0,0.0,2.0,0.0,0.0,8.688791,0.0,0.0,0.230573,3.87,0.0,0.0,-5.563423,0.0495,0
Q-03546,REP-03,Gold,2,0.0,0.0,2.0,0.0,0.0,11.877576,0.097222,2.0,5.691528,5.71,2.0,1.0,1.412692,0.6635,0
Q-03547,REP-01,Silver,4,0.0,0.0,4.0,0.0,0.0,11.291979,0.759588,1.0,6.11507,6.78,0.0,1.0,0.539223,1.3159,0
Q-03548,REP-02,Silver,5,0.054045,0.81,5.0,1.0,0.066722,10.308152,0.827356,1.0,7.692127,10.81,0.0,1.0,1.502147,1.0693,0
Q-03549,REP-02,Silver,3,0.0,0.0,3.0,0.0,0.0,11.249494,0.934409,1.0,4.118881,7.65,0.0,0.0,-2.071099,0.9343,1
Q-03550,REP-08,Silver,1,0.0,0.0,1.0,0.0,0.0,8.942592,0.0,1.0,7.91,7.91,0.0,0.0,-1.778396,0.0,0
Q-03551,REP-04,Silver,1,0.0,0.0,1.0,0.0,0.0,11.002117,1.0,1.0,2.83,2.83,0.0,1.0,-2.963996,1.28,1
Q-03552,REP-02,Silver,1,0.0,0.0,1.0,0.0,0.0,8.425297,0.0,1.0,2.29,2.29,0.0,0.0,-3.89998,0.0,0
Q-03553,REP-01,Gold,5,0.0,0.0,5.0,0.0,0.0,10.245516,0.575386,2.0,3.517112,7.52,0.0,1.0,-2.058735,0.5611,0
Q-03554,REP-03,Silver,4,0.0,0.0,4.0,0.0,0.0,11.314609,0.048775,1.0,1.590833,4.02,2.0,0.0,-2.688003,0.0,0
Q-03555,REP-08,Silver,1,0.0,0.0,1.0,0.0,0.0,11.127278,1.0,1.0,9.4,9.4,0.0,0.0,-0.288396,0.8967,0
Q-03556,REP-05,Bronze,1,0.0,0.0,1.0,0.0,0.0,8.52536,0.0,0.0,3.14,3.14,2.0,1.0,-0.672778,0.0,0
Q-03557,REP-04,Gold,2,0.0,0.0,2.0,0.0,0.0,9.575053,0.0,2.0,7.6425,7.68,0.0,1.0,1.848504,0.13,0
Q-03558,REP-08,Bronze,1,9.15,9.15,1.0,1.0,1.0,8.699681,1.0,0.0,14.15,14.15,0.0,0.0,4.461604,9.2925,2
Q-03559,REP-06,Gold,6,0.0,0.0,6.0,0.0,0.0,11.546853,0.717255,2.0,4.344596,7.57,2.0,0.0,-1.776865,0.2166,0
Q-03560,REP-06,Bronze,3,1.146432,1.18,3.0,3.0,1.0,10.908814,0.032934,0.0,6.146432,6.18,2.0,1.0,0.024971,0.9412,0
Q-03561,REP-07,Gold,4,0.0,0.0,4.0,0.0,0.0,10.292857,0.70122,2.0,7.05128,9.8,1.0,0.0,-2.094762,0.0,0
Q-03562,REP-01,Silver,4,0.0,0.0,4.0,0.0,0.0,11.298754,0.545094,1.0,5.568127,6.02,0.0,0.0,-0.00772,0.7525,0
Q-03563,REP-02,Bronze,4,0.097935,2.16,4.0,1.0,0.04534,11.282266,0.06801,0.0,0.94738,7.16,0.0,0.0,-5.2426,1.0189,0
Q-03564,REP-04,Silver,4,0.022998,3.47,4.0,1.0,0.006628,11.767614,0.106973,1.0,2.326141,13.47,0.0,1.0,-3.467855,1.7552,1
Q-03565,REP-03,Silver,1,0.0,0.0,1.0,0.0,0.0,11.552156,0.0,1.0,0.0,0.0,2.0,0.0,-4.278836,0.0467,0
Q-03566,REP-05,Silver,5,0.0,0.0,5.0,0.0,0.0,11.040054,0.545571,1.0,2.093068,5.23,2.0,0.0,-1.71971,0.0,0
Q-03567,REP-04,Silver,4,0.0,0.0,4.0,0.0,0.0,12.068539,0.104991,1.0,7.375731,7.9,0.0,0.0,1.581736,1.2902,0
Q-03568,REP-06,Gold,5,0.354197,0.97,5.0,1.0,0.365151,11.835197,0.633219,2.0,10.45764,15.97,2.0,0.0,4.336178,0.7139,1
Q-03569,REP-04,Silver,1,3.13,3.13,1.0,1.0,1.0,9.392745,1.0,1.0,13.13,13.13,0.0,1.0,7.336004,3.8535,2
Q-03570,REP-01,Silver,4,2.47026,3.58,4.0,2.0,0.836431,11.298506,0.30855,1.0,11.232788,13.58,0.0,1.0,5.656941,2.7026,2
Q-03571,REP-05,Bronze,3,0.0,0.0,3.0,0.0,0.0,9.841133,0.532198,0.0,1.939894,2.85,2.0,0.0,-1.872884,0.0,0
Q-03572,REP-04,Bronze,2,0.155618,0.31,2.0,1.0,0.501992,11.516927,0.498008,0.0,5.041076,5.31,0.0,0.0,-0.75292,1.21,0
Q-03573,REP-04,Gold,1,0.0,0.0,1.0,0.0,0.0,10.59666,1.0,2.0,2.81,2.81,0.0,0.0,-2.983996,0.4433,0
Q-03574,REP-07,Bronze,2,4.836923,4.89,2.0,2.0,1.0,8.49208,0.0,0.0,9.836923,9.89,1.0,1.0,0.69088,2.76,2
Q-03575,REP-07,Gold,3,0.0,0.0,3.0,0.0,0.0,11.640448,0.492958,2.0,9.324261,11.6,1.0,0.0,0.178218,0.4778,0
Q-03576,REP-08,Silver,3,1.834566,2.78,3.0,2.0,0.762264,11.571204,0.490566,1.0,11.401887,12.78,0.0,0.0,1.713491,2.4627,2
Q-03577,REP-06,Bronze,3,0.000829,0.28,3.0,1.0,0.002962,10.321902,0.167818,0.0,2.82926,5.28,2.0,0.0,-3.292202,0.0,0
Q-03578,REP-05,Silver,5,0.051359,2.52,5.0,1.0,0.02038,11.206414,0.983696,1.0,1.419239,12.52,2.0,1.0,-2.393539,1.1047,0
Q-03579,REP-07,Bronze,4,6.373898,12.07,4.0,4.0,1.0,10.013283,0.30914,0.0,11.373898,17.07,1.0,1.0,2.227855,5.1461,2
Q-03580,REP-06,Gold,3,0.637775,1.21,3.0,1.0,0.527086,10.620864,0.373353,2.0,10.269209,16.21,2.0,0.0,4.147748,0.0,0
Q-03581,REP-05,Bronze,2,0.0,0.0,2.0,0.0,0.0,9.387733,0.577889,0.0,2.879749,3.61,2.0,1.0,-0.933029,0.2673,0
Q-03582,REP-03,Gold,4,0.771372,1.94,4.0,1.0,0.397614,11.162247,0.717126,2.0,6.332133,13.94,2.0,0.0,2.053297,0.8026,0
Q-03583,REP-06,Bronze,5,1.304514,2.59,5.0,3.0,0.613111,10.236955,0.601827,0.0,5.217356,7.59,2.0,1.0,-0.904105,1.4802,1
Q-03584,REP-04,Silver,5,0.297891,4.21,5.0,2.0,0.072261,10.840874,0.986977,1.0,4.49983,14.21,0.0,0.0,-1.294166,1.4612,1
Q-03585,REP-02,Bronze,4,2.830371,5.34,4.0,4.0,1.0,10.637921,0.0,0.0,7.830371,10.34,0.0,1.0,1.640391,2.5735,2
Q-03586,REP-04,Bronze,5,2.088369,8.94,5.0,5.0,1.0,11.485821,0.908297,0.0,7.088369,13.94,0.0,1.0,1.294373,4.438,2
Q-03587,REP-04,Gold,5,0.064939,0.09,5.0,1.0,0.721548,12.196961,0.034816,2.0,13.677759,15.09,0.0,0.0,7.883763,1.2679,1
Q-03588,REP-06,Gold,2,0.0,0.0,2.0,0.0,0.0,10.791399,0.407407,2.0,7.271481,7.74,2.0,1.0,1.15002,0.0391,0
Q-03589,REP-08,Gold,2,0.0,0.0,2.0,0.0,0.0,10.788308,0.0,2.0,5.137183,6.57,0.0,0.0,-4.551214,0.0,0
Q-03590,REP-07,Silver,2,0.0,0.0,2.0,0.0,0.0,10.547996,0.905512,1.0,7.694724,8.89,1.0,1.0,-1.451318,0.7455,0
Q-03591,REP-08,Silver,3,0.939929,0.96,3.0,1.0,0.979092,10.800106,0.99745,1.0,10.938654,10.96,0.0,0.0,1.250258,1.6323,1
Q-03592,REP-08,Bronze,2,6.70698,8.06,2.0,2.0,1.0,11.911708,0.214765,0.0,11.70698,13.06,0.0,1.0,2.018584,5.6721,2
Q-03593,REP-02,Silver,5,0.15683,3.1,5.0,1.0,0.05059,10.297251,0.887015,1.0,6.010388,13.1,0.0,0.0,-0.179592,0.9877,1
Q-03594,REP-04,Silver,4,1.480779,3.32,4.0,1.0,0.446018,10.248884,0.283186,1.0,11.042991,13.32,0.0,1.0,5.248995,1.6083,1
Q-03595,REP-05,Gold,3,0.0,0.0,3.0,0.0,0.0,9.962982,0.254417,2.0,1.036749,3.94,2.0,0.0,-2.776029,0.0,0
Q-03596,REP-02,Silver,3,0.0,0.0,3.0,0.0,0.0,9.595671,0.591837,1.0,4.35898,6.63,0.0,0.0,-1.831,0.228,0
Q-03597,REP-07,Bronze,4,4.30157,12.12,4.0,4.0,1.0,10.499601,0.305785,0.0,9.30157,17.12,1.0,0.0,0.155527,4.028,2
Q-03598,REP-05,Bronze,2,0.079553,0.08,2.0,1.0,0.994406,10.784586,0.994406,0.0,5.064953,5.08,2.0,0.0,1.252176,0.4248,0
Q-03599,REP-02,Silver,4,0.0,0.0,4.0,0.0,0.0,11.201579,0.724964,1.0,5.032746,6.7,0.0,0.0,-1.157234,0.7891,0
Q-03600,REP-05,Silver,1,0.0,0.0,1.0,0.0,0.0,6.803505,1.0,1.0,4.81,4.81,2.0,0.0,0.997222,0.0,0
Q-03601,REP-04,Gold,4,0.0,0.0,4.0,0.0,0.0,10.59978,0.0,2.0,6.918374,7.48,0.0,1.0,1.124378,0.3444,0
Q-03602,REP-04,Bronze,5,0.078682,1.25,5.0,1.0,0.062946,11.177327,0.10491,0.0,1.336039,6.25,0.0,0.0,-4.457957,0.857,0
Q-03603,REP-02,Silver,1,0.0,0.0,1.0,0.0,0.0,8.188967,1.0,1.0,5.78,5.78,0.0,1.0,-0.40998,0.81,0
Q-03604,REP-06,Silver,3,0.0,0.0,3.0,0.0,0.0,10.305647,1.0,1.0,6.916054,8.19,2.0,1.0,0.794592,0.4292,0
Q-03605,REP-07,Bronze,2,3.790193,3.8,2.0,2.0,1.0,11.386239,0.0,0.0,8.790193,8.8,1.0,0.0,-0.35585,2.444,2
Q-03606,REP-06,Silver,2,0.0,0.0,2.0,0.0,0.0,8.188967,1.0,1.0,7.366667,8.84,2.0,0.0,1.245205,0.0,0
Q-03607,REP-06,Gold,3,0.076514,0.36,3.0,1.0,0.21254,9.842729,0.834219,2.0,6.273911,10.36,2.0,0.0,0.152449,0.0,0
Q-03608,REP-08,Gold,3,0.0,0.0,3.0,0.0,0.0,10.896758,1.0,2.0,6.586667,11.8,0.0,0.0,-3.10173,0.56,0
Q-03609,REP-06,Gold,1,0.0,0.0,1.0,0.0,0.0,6.943122,0.0,2.0,10.77,10.77,2.0,1.0,4.648538,0.0,0
Q-03610,REP-07,Silver,3,0.292926,5.59,3.0,1.0,0.052402,11.137519,0.947598,1.0,9.715502,15.59,1.0,1.0,0.569459,1.7616,1
Q-03611,REP-08,Silver,6,0.015769,0.12,6.0,1.0,0.131406,11.422136,0.456636,1.0,7.355834,10.12,0.0,0.0,-2.332562,0.8186,1
Q-03612,REP-04,Silver,1,0.0,0.0,1.0,0.0,0.0,6.054439,0.0,1.0,3.69,3.69,0.0,0.0,-2.103996,0.0,0
Q-03613,REP-03,Bronze,4,2.92498,11.56,4.0,2.0,0.297189,11.914389,0.943775,0.0,6.32257,16.56,2.0,1.0,2.043734,5.2841,2
Q-03614,REP-08,Silver,4,0.799083,1.86,4.0,2.0,0.805765,10.731952,0.805765,1.0,9.952974,11.86,0.0,0.0,0.264578,1.4806,1
Q-03615,REP-08,Gold,3,0.189231,1.23,3.0,1.0,0.153846,11.669938,0.222222,2.0,12.767436,14.07,0.0,0.0,3.07904,0.9515,0
Q-03616,REP-01,Silver,5,0.0,0.0,5.0,0.0,0.0,11.799239,0.411566,1.0,3.458505,5.75,0.0,0.0,-2.117342,1.1159,1
Q-03617,REP-06,Bronze,3,13.67145,14.68,3.0,3.0,1.0,11.987301,0.124456,0.0,18.67145,19.68,2.0,1.0,12.549988,9.0676,2
Q-03618,REP-08,Silver,3,0.0,0.0,3.0,0.0,0.0,9.814711,1.0,1.0,6.784098,8.62,0.0,0.0,-2.904298,0.4825,0
Q-03619,REP-01,Gold,1,0.0,0.0,1.0,0.0,0.0,10.404293,1.0,2.0,4.78,4.78,0.0,0.0,-0.795847,0.385,0
Q-03620,REP-05,Bronze,1,0.0,0.0,1.0,0.0,0.0,10.778977,1.0,0.0,1.9,1.9,2.0,0.0,-1.912778,0.35,0
Q-03621,REP-07,Silver,5,0.389318,4.43,5.0,2.0,0.641542,12.154021,0.0,1.0,9.412305,14.43,1.0,0.0,0.266263,1.7129,1
Q-03622,REP-06,Silver,2,0.0,0.0,2.0,0.0,0.0,11.89547,0.0,1.0,2.031869,7.27,2.0,0.0,-4.089593,0.4017,0
Q-03623,REP-06,Bronze,4,1.350474,1.78,4.0,1.0,0.758693,9.563529,0.758693,0.0,6.132929,6.78,2.0,1.0,0.011468,1.7161,1
Q-03624,REP-01,Silver,1,0.0,0.0,1.0,0.0,0.0,9.862718,0.0,1.0,4.23,4.23,0.0,0.0,-1.345847,0.0,0
Q-03625,REP-08,Silver,1,0.0,0.0,1.0,0.0,0.0,9.244838,0.0,1.0,7.53,7.53,0.0,0.0,-2.158396,0.0,0
Q-03626,REP-07,Silver,3,1.91119,2.53,3.0,2.0,0.97061,11.022654,0.0,1.0,11.877098,12.53,1.0,1.0,2.731055,1.5214,1
Q-03627,REP-02,Bronze,1,0.0,0.0,1.0,0.0,0.0,6.75227,0.0,0.0,3.63,3.63,0.0,0.0,-2.55998,0.0071,0
Q-03628,REP-05,Bronze,3,0.0,0.0,3.0,0.0,0.0,8.092851,0.0,0.0,0.493532,3.23,2.0,0.0,-3.319246,0.0,0
Q-03629,REP-06,Bronze,5,0.483138,4.58,5.0,2.0,0.528282,10.754728,0.458911,0.0,4.889434,9.58,2.0,0.0,-1.232027,0.7495,0
Q-03630,REP-05,Silver,3,0.0,0.0,3.0,0.0,0.0,10.645449,0.761905,1.0,4.710095,5.14,2.0,0.0,0.897317,0.0,0
Q-03631,REP-02,Silver,3,0.030622,1.94,3.0,1.0,0.015785,10.200848,0.984215,1.0,7.921987,11.94,0.0,1.0,1.732007,1.222,1
Q-03632,REP-08,Gold,4,0.17654,1.02,4.0,1.0,0.173079,12.011674,0.205873,2.0,6.958541,11.02,0.0,0.0,-2.729855,1.3059,0
Q-03633,REP-04,Silver,4,0.233571,4.74,4.0,1.0,0.049276,12.451764,0.315213,1.0,4.13756,14.74,0.0,0.0,-1.656436,2.7037,2
Q-03634,REP-05,Silver,1,0.0,0.0,1.0,0.0,0.0,5.484797,0.0,1.0,4.36,4.36,2.0,1.0,0.547222,0.0,0
Q-03635,REP-01,Gold,4,0.0,0.0,4.0,0.0,0.0,9.289244,0.914972,2.0,0.882052,8.39,0.0,0.0,-4.693795,0.1534,0
Q-03636,REP-05,Silver,5,0.063378,5.9,5.0,1.0,0.010742,11.741462,0.254625,1.0,3.98898,15.9,2.0,0.0,0.176202,1.043,1
Q-03637,REP-02,Silver,2,0.0,0.0,2.0,0.0,0.0,11.104972,0.120301,1.0,7.872782,8.36,0.0,1.0,1.682802,0.8503,0
Q-03638,REP-02,Gold,2,0.00137,0.1,2.0,1.0,0.013699,9.301186,0.0,2.0,1.686301,15.1,0.0,1.0,-4.503679,0.1128,0
Q-03639,REP-01,Gold,6,0.0,0.0,6.0,0.0,0.0,10.835179,0.850812,2.0,4.461566,7.08,0.0,0.0,-1.114281,0.4511,0
Q-03640,REP-04,Bronze,3,3.424594,4.21,3.0,3.0,1.0,9.80317,0.66335,0.0,8.424594,9.21,0.0,1.0,2.630598,3.8143,2
Q-03641,REP-07,Silver,1,2.11,2.11,1.0,1.0,1.0,8.343078,1.0,1.0,12.11,12.11,1.0,0.0,2.963957,2.0695,2
Q-03642,REP-04,Gold,3,0.0,0.0,3.0,0.0,0.0,9.16858,0.0,2.0,3.979333,9.67,0.0,0.0,-1.814663,0.0,0
Q-03643,REP-06,Gold,1,0.0,0.0,1.0,0.0,0.0,8.188967,0.0,2.0,4.78,4.78,2.0,1.0,-1.341462,0.0,0
Q-03644,REP-07,Gold,4,0.018153,0.17,4.0,1.0,0.10678,10.98531,0.877966,2.0,8.107169,12.36,1.0,0.0,-1.038873,0.2685,0
Q-03645,REP-03,Bronze,2,0.014694,0.08,2.0,1.0,0.183673,8.391857,0.816327,0.0,1.202449,5.08,2.0,0.0,-3.076387,0.0,0
Q-03646,REP-06,Silver,6,0.0,0.0,6.0,0.0,0.0,11.671006,0.896478,1.0,3.198062,7.44,2.0,0.0,-2.9234,0.6491,0
Q-03647,REP-06,Silver,4,0.0,0.0,4.0,0.0,0.0,10.867635,0.390848,1.0,5.242307,7.74,2.0,1.0,-0.879155,0.282,0
Q-03648,REP-04,Bronze,2,5.035475,5.05,2.0,1.0,0.997124,11.555036,0.0,0.0,10.023279,10.05,0.0,0.0,4.229283,3.5396,2
Q-03649,REP-03,Gold,3,0.0,0.0,3.0,0.0,0.0,11.410904,0.166113,2.0,3.180233,5.75,2.0,0.0,-1.098604,0.0,0
Q-03650,REP-01,Silver,2,0.0,0.0,2.0,0.0,0.0,9.429556,0.0,1.0,4.540602,4.93,0.0,1.0,-1.035245,0.3337,0
Q-03651,REP-06,Silver,4,1.462312,6.66,4.0,2.0,0.237856,10.48629,0.343384,1.0,7.960302,16.66,2.0,1.0,1.83884,2.0732,2
Q-03652,REP-01,Gold,2,0.0,0.0,2.0,0.0,0.0,10.471667,0.226629,2.0,3.051303,6.4,0.0,0.0,-2.524544,0.0,0
Q-03653,REP-05,Bronze,6,0.088303,0.27,6.0,2.0,0.328746,10.577477,0.565749,0.0,3.267859,5.27,2.0,0.0,-0.544918,0.142,0
Q-03654,REP-07,Silver,3,0.05971,0.94,3.0,1.0,0.063521,7.921536,0.0,1.0,6.236697,10.94,1.0,0.0,-2.909346,0.0,0
Q-03655,REP-05,Silver,3,0.215143,0.57,3.0,1.0,0.377443,10.010367,0.0,1.0,7.103774,10.57,2.0,1.0,3.290997,0.0,0
Q-03656,REP-01,Gold,3,0.0,0.0,3.0,0.0,0.0,11.611874,0.234601,2.0,9.511033,10.84,0.0,0.0,3.935186,0.609,0
Q-03657,REP-03,Bronze,3,0.0,0.0,3.0,0.0,0.0,10.706632,0.987682,0.0,0.004188,0.34,2.0,0.0,-4.274648,0.3153,0
Q-03658,REP-03,Bronze,4,8.277316,10.85,4.0,2.0,0.84121,10.876178,0.914934,0.0,12.880624,15.85,2.0,0.0,8.601788,8.4598,2
Q-03659,REP-08,Bronze,5,12.172759,12.68,5.0,5.0,1.0,11.065012,0.989123,0.0,17.172759,17.68,0.0,0.0,7.484363,12.6775,2
Q-03660,REP-06,Gold,3,0.0,0.0,3.0,0.0,0.0,10.655752,0.0,2.0,9.186455,14.97,2.0,1.0,3.064993,0.0,0
Q-03661,REP-07,Bronze,2,1.731654,2.67,2.0,2.0,1.0,10.881832,0.977444,0.0,6.731654,7.67,1.0,0.0,-2.414389,2.4039,2
Q-03662,REP-04,Bronze,4,4.086698,5.33,4.0,3.0,0.836289,11.89547,0.216917,0.0,8.744543,10.33,0.0,1.0,2.950547,4.102,2
Q-03663,REP-05,Bronze,4,0.0,0.0,4.0,0.0,0.0,11.154835,0.725322,0.0,2.479742,3.9,2.0,0.0,-1.333035,0.3814,0
Q-03664,REP-05,Silver,3,0.0,0.0,3.0,0.0,0.0,10.666184,0.932836,1.0,2.931642,3.7,2.0,0.0,-0.881136,0.0504,0
Q-03665,REP-01,Silver,6,0.0,0.0,6.0,0.0,0.0,11.096592,0.962924,1.0,2.765865,4.7,0.0,0.0,-2.809982,0.8591,0
Q-03666,REP-06,Gold,4,0.0,0.0,4.0,0.0,0.0,10.58522,0.720698,2.0,3.662753,9.19,2.0,0.0,-2.458709,0.0,0
Q-03667,REP-06,Gold,1,0.0,0.0,1.0,0.0,0.0,9.341456,1.0,2.0,3.76,3.76,2.0,0.0,-2.361462,0.0,0
Q-03668,REP-03,Gold,5,0.0,0.0,5.0,0.0,0.0,10.538767,0.296689,2.0,5.064318,7.32,2.0,0.0,0.785482,0.0,0
Q-03669,REP-02,Silver,4,0.0,0.0,4.0,0.0,0.0,10.789855,0.574961,1.0,5.63575,6.56,0.0,0.0,-0.55423,0.5006,0
Q-03670,REP-04,Bronze,5,0.0,0.0,5.0,0.0,0.0,11.354527,0.796719,0.0,1.212677,2.87,0.0,0.0,-4.581319,1.1494,0
Q-03671,REP-02,Gold,1,0.0,0.0,1.0,0.0,0.0,9.488048,1.0,2.0,8.77,8.77,0.0,0.0,2.58002,0.22,0
Q-03672,REP-04,Gold,4,0.0,0.0,4.0,0.0,0.0,11.708089,0.098725,2.0,5.321329,9.83,0.0,0.0,-0.472667,0.6272,0
Q-03673,REP-08,Silver,4,0.69545,4.32,4.0,1.0,0.160984,10.70831,0.248183,1.0,9.41673,14.32,0.0,0.0,-0.271666,1.3486,1
Q-03674,REP-07,Silver,4,0.46529,6.01,4.0,1.0,0.077419,11.440366,0.387097,1.0,7.429161,16.01,1.0,0.0,-1.716882,1.3244,1
Q-03675,REP-08,Bronze,3,2.9045,14.99,3.0,3.0,1.0,10.63888,0.997004,0.0,7.9045,19.99,0.0,1.0,-1.783897,5.4313,2
Q-03676,REP-05,Bronze,3,0.0,0.0,3.0,0.0,0.0,11.745631,0.002377,0.0,0.0,0.0,2.0,0.0,-3.812778,0.453,0
Q-03677,REP-08,Bronze,2,7.684227,7.72,2.0,2.0,1.0,10.78934,0.989691,0.0,12.684227,12.72,0.0,0.0,2.995831,8.234,2
Q-03678,REP-07,Bronze,1,0.0,0.0,1.0,0.0,0.0,8.962007,1.0,0.0,3.92,3.92,1.0,0.0,-5.226043,0.315,0
Q-03679,REP-04,Silver,4,0.0,0.0,4.0,0.0,0.0,10.761323,0.928753,1.0,5.480356,7.49,0.0,1.0,-0.31364,1.1338,1
Q-03680,REP-02,Silver,6,0.113676,0.66,6.0,1.0,0.172237,11.200349,0.273392,1.0,6.403927,10.66,0.0,0.0,0.213947,0.6603,0
Q-03681,REP-03,Gold,6,0.0,0.0,6.0,0.0,0.0,12.221336,0.449588,2.0,4.237679,10.33,2.0,0.0,-0.041157,0.8996,1
Q-03682,REP-07,Silver,4,0.029091,0.18,4.0,1.0,0.161616,11.397526,0.16835,1.0,8.783367,10.18,1.0,0.0,-0.362676,0.3471,1
Q-03683,REP-01,Silver,1,0.0,0.0,1.0,0.0,0.0,5.01728,0.0,1.0,2.96,2.96,0.0,1.0,-2.615847,0.2312,0
Q-03684,REP-06,Gold,2,0.0,0.0,2.0,0.0,0.0,9.158626,0.0,2.0,4.274408,4.9,2.0,1.0,-1.847054,0.0,0
Q-03685,REP-01,Bronze,4,0.607582,6.15,4.0,3.0,0.978873,11.352768,0.514085,0.0,5.538286,11.15,0.0,0.0,-0.037561,2.1408,2
Q-03686,REP-07,Gold,3,0.0,0.0,3.0,0.0,0.0,11.422465,0.0,2.0,9.647734,11.09,1.0,0.0,0.501691,0.0212,0
Q-03687,REP-02,Gold,1,0.0,0.0,1.0,0.0,0.0,8.343078,0.0,2.0,7.97,7.97,0.0,0.0,1.78002,0.0,0
Q-03688,REP-05,Silver,2,0.0,0.0,2.0,0.0,0.0,9.096724,0.941176,1.0,4.234706,7.99,2.0,0.0,0.421928,0.0,0
Q-03689,REP-02,Gold,3,0.366296,0.43,3.0,1.0,0.851852,9.692828,0.944444,2.0,10.692963,12.43,0.0,0.0,4.502983,0.5694,0
Q-03690,REP-07,Gold,2,0.0,0.0,2.0,0.0,0.0,12.144203,0.135638,2.0,5.374973,6.49,1.0,0.0,-3.771069,0.9013,0
Q-03691,REP-03,Bronze,1,0.0,0.0,1.0,0.0,0.0,10.239996,1.0,0.0,0.0,0.0,2.0,0.0,-4.278836,0.1833,0
Q-03692,REP-05,Silver,4,0.0,0.0,4.0,0.0,0.0,10.236776,0.143318,1.0,4.261487,9.04,2.0,0.0,0.448709,0.0,0
Q-03693,REP-08,Gold,4,0.0,0.0,4.0,0.0,0.0,11.03893,0.125301,2.0,5.418386,13.82,0.0,1.0,-4.270011,0.5977,0
Q-03694,REP-02,Silver,3,0.459574,7.56,3.0,1.0,0.06079,10.401258,0.416413,1.0,5.588085,17.56,0.0,0.0,-0.601895,1.5008,1
Q-03695,REP-05,Bronze,1,0.0,0.0,1.0,0.0,0.0,10.085851,1.0,0.0,0.75,0.75,2.0,0.0,-3.062778,0.15,0
Q-03696,REP-04,Bronze,3,0.0,0.0,3.0,0.0,0.0,8.656259,0.887728,0.0,3.017885,3.65,0.0,0.0,-2.776111,0.5361,0
Q-03697,REP-05,Bronze,4,6.855907,9.05,4.0,2.0,0.864771,10.741946,0.981516,0.0,11.528226,14.05,2.0,1.0,7.715448,7.5298,2
Q-03698,REP-03,Silver,5,0.0,0.0,5.0,0.0,0.0,11.235471,0.616339,1.0,4.827046,6.39,2.0,1.0,0.54821,0.6004,0
Q-03699,REP-07,Silver,1,5.26,5.26,1.0,1.0,1.0,8.999743,0.0,1.0,15.26,15.26,1.0,0.0,6.113957,2.3353,1
Q-03700,REP-08,Gold,3,0.0,0.0,3.0,0.0,0.0,11.454141,0.0,2.0,11.709236,13.72,0.0,1.0,2.02084,0.7957,1
Q-03701,REP-06,Silver,3,0.0,0.0,3.0,0.0,0.0,10.394549,0.966952,1.0,1.726928,4.2,2.0,0.0,-4.394534,0.0,0
Q-03702,REP-05,Silver,6,0.155217,3.06,6.0,1.0,0.050725,11.729656,0.700483,1.0,2.555,13.06,2.0,0.0,-1.257778,1.0021,1
Q-03703,REP-03,Bronze,1,0.0,0.0,1.0,0.0,0.0,11.724005,0.0,0.0,3.51,3.51,2.0,0.0,-0.768836,0.4292,0
Q-03704,REP-02,Silver,1,0.0,0.0,1.0,0.0,0.0,8.699681,1.0,1.0,8.07,8.07,0.0,1.0,1.88002,0.83,1
Q-03705,REP-06,Gold,1,0.0,0.0,1.0,0.0,0.0,8.343078,0.0,2.0,6.65,6.65,2.0,1.0,0.528538,0.0,0
Q-03706,REP-08,Gold,3,6.896762,10.77,3.0,2.0,0.914286,11.274046,0.914286,2.0,16.421048,20.77,0.0,1.0,6.732651,8.1471,2
Q-03707,REP-07,Silver,3,1.027576,3.43,3.0,2.0,0.393939,11.502885,0.606061,1.0,9.524545,13.43,1.0,1.0,0.378503,1.8972,1
Q-03708,REP-06,Bronze,6,5.16258,6.99,6.0,4.0,0.922623,12.373729,0.271876,0.0,10.014207,11.99,2.0,1.0,3.892746,5.4786,2
Q-03709,REP-06,Gold,1,0.0,0.0,1.0,0.0,0.0,10.357775,1.0,2.0,4.47,4.47,2.0,0.0,-1.651462,0.0,0
Q-03710,REP-01,Gold,2,0.0,0.0,2.0,0.0,0.0,11.096592,0.0,2.0,5.904679,8.29,0.0,0.0,0.328832,0.1095,0
Q-03711,REP-07,Silver,3,0.0,0.0,3.0,0.0,0.0,8.997889,0.0,1.0,6.269443,8.07,1.0,0.0,-2.876599,0.0,0
Q-03712,REP-04,Silver,3,0.283979,1.33,3.0,2.0,0.960212,11.230576,0.888594,1.0,10.254138,11.33,0.0,1.0,4.460142,1.6697,1
Q-03713,REP-05,Gold,3,0.0,0.0,3.0,0.0,0.0,12.186385,0.0,2.0,1.995099,11.16,2.0,0.0,-1.817678,0.5942,0
Q-03714,REP-01,Silver,2,0.0,0.0,2.0,0.0,0.0,11.127278,1.0,1.0,6.523529,8.22,0.0,0.0,0.947682,0.8967,0
Q-03715,REP-01,Bronze,4,1.145004,6.27,4.0,1.0,0.182616,9.746015,0.24583,0.0,2.263477,11.27,0.0,0.0,-3.31237,1.4482,0
Q-03716,REP-01,Gold,2,0.0,0.0,2.0,0.0,0.0,10.257694,1.0,2.0,2.082632,2.44,0.0,0.0,-3.493216,0.3475,0
Q-03717,REP-06,Gold,1,0.0,0.0,1.0,0.0,0.0,11.915058,0.0,2.0,3.11,3.11,2.0,0.0,-3.011462,0.2058,0
Q-03718,REP-06,Gold,2,0.0,0.0,2.0,0.0,0.0,8.103494,0.0,2.0,4.101573,4.18,2.0,1.0,-2.019888,0.0,0
Q-03719,REP-04,Silver,5,0.0,0.0,5.0,0.0,0.0,10.927394,0.193966,1.0,3.645517,6.9,0.0,0.0,-2.148479,0.3507,0
Q-03720,REP-04,Gold,2,0.0,0.0,2.0,0.0,0.0,10.422311,0.0,2.0,1.138571,7.97,0.0,0.0,-4.655424,0.0,0
Q-03721,REP-05,Bronze,6,0.146507,2.4,6.0,2.0,0.074975,12.092125,0.481901,0.0,3.335793,7.4,2.0,0.0,-0.476985,1.4777,1
Q-03722,REP-07,Silver,5,1.747548,3.19,5.0,2.0,0.854792,12.193372,0.142803,1.0,11.226468,13.19,1.0,0.0,2.080425,2.289,1
Q-03723,REP-06,Gold,6,0.0,0.0,6.0,0.0,0.0,10.812572,0.60838,2.0,4.563513,10.62,2.0,1.0,-1.557948,0.1583,0
Q-03724,REP-01,Gold,2,0.0,0.0,2.0,0.0,0.0,10.051951,0.689655,2.0,3.061724,5.51,0.0,0.0,-2.514123,0.1326,0
Q-03725,REP-02,Gold,3,0.671078,1.0,3.0,2.0,0.869937,12.07426,0.0,2.0,14.82437,16.0,0.0,1.0,8.63439,1.8627,1
Q-03726,REP-07,Silver,2,0.116949,0.12,2.0,1.0,0.974576,11.940811,0.025424,1.0,10.049068,10.12,1.0,0.0,0.903025,0.8346,1
Q-03727,REP-05,Bronze,2,0.0,0.0,2.0,0.0,0.0,8.583168,0.280899,0.0,0.106742,0.38,2.0,0.0,-3.706036,0.0,0
Q-03728,REP-04,Bronze,1,2.95,2.95,1.0,1.0,1.0,10.859018,1.0,0.0,7.95,7.95,0.0,0.0,2.156004,3.7858,2
Q-03729,REP-03,Bronze,2,0.0,0.0,2.0,0.0,0.0,11.665655,0.72103,0.0,2.537425,2.66,2.0,0.0,-1.741411,0.7674,0
Q-03730,REP-01,Gold,1,0.0,0.0,1.0,0.0,0.0,6.580639,0.0,2.0,2.13,2.13,0.0,1.0,-3.445847,0.016,0
Q-03731,REP-08,Silver,2,0.88898,2.35,2.0,1.0,0.378289,7.327123,0.0,1.0,7.370099,12.35,0.0,0.0,-2.318298,0.4245,0
Q-03732,REP-04,Silver,4,0.0,0.0,4.0,0.0,0.0,11.259464,0.463858,1.0,6.369378,7.59,0.0,0.0,0.575382,0.6819,0
Q-03733,REP-07,Bronze,2,2.966977,13.86,2.0,2.0,1.0,10.158169,1.0,0.0,7.966977,18.86,1.0,0.0,-1.179066,4.4819,2
Q-03734,REP-02,Silver,3,1.058534,5.38,3.0,1.0,0.196754,10.325351,0.983768,1.0,5.082135,15.38,0.0,0.0,-1.107845,2.0562,2
Q-03735,REP-05,Silver,2,0.0,0.0,2.0,0.0,0.0,10.939799,0.993348,1.0,0.002395,0.36,2.0,0.0,-3.810383,0.1961,0
Q-03736,REP-03,Bronze,6,0.286507,1.54,6.0,2.0,0.284072,10.700003,0.676361,0.0,4.473284,6.54,2.0,1.0,0.194448,0.8967,1
Q-03737,REP-01,Silver,6,1.671974,7.16,6.0,2.0,0.239123,11.136135,0.425625,1.0,7.908255,17.16,0.0,1.0,2.332407,3.227,2
Q-03738,REP-04,Silver,2,0.0,0.0,2.0,0.0,0.0,8.402007,0.0,1.0,2.200101,4.39,0.0,0.0,-3.593895,0.0,0
Q-03739,REP-06,Bronze,6,1.699083,12.71,6.0,4.0,0.239733,11.964326,0.168099,0.0,3.88533,17.71,2.0,1.0,-2.236132,4.0364,2
Q-03740,REP-08,Silver,4,0.0,0.0,4.0,0.0,0.0,10.461702,0.206009,1.0,8.730386,9.66,0.0,0.0,-0.95801,0.1846,0
Q-03741,REP-03,Gold,2,0.0,0.0,2.0,0.0,0.0,10.727685,0.0,2.0,6.641053,7.01,2.0,0.0,2.362216,0.0,0
Q-03742,REP-07,Silver,1,0.0,0.0,1.0,0.0,0.0,9.729194,0.0,1.0,7.16,7.16,1.0,0.0,-1.986043,0.0,0
Q-03743,REP-03,Silver,3,1.210182,2.73,3.0,2.0,0.448485,10.809748,0.109091,1.0,6.031455,12.73,2.0,0.0,1.752618,0.5802,0
Q-03744,REP-03,Gold,2,0.0,0.0,2.0,0.0,0.0,8.77663,0.925926,2.0,0.467778,3.44,2.0,1.0,-3.811058,0.0,0
Q-03745,REP-07,Bronze,5,1.028571,5.52,5.0,3.0,0.228175,11.520904,0.207341,0.0,5.650089,10.52,1.0,0.0,-3.495954,1.9779,1
Q-03746,REP-05,Bronze,4,1.705854,10.09,4.0,3.0,0.302439,12.23077,0.261463,0.0,6.44078,15.09,2.0,0.0,2.628003,3.7759,2
Q-03747,REP-01,Gold,4,0.0,0.0,4.0,0.0,0.0,11.161963,1.0,2.0,2.223864,9.48,0.0,0.0,-3.351983,0.6967,0
Q-03748,REP-04,Gold,1,0.0,0.0,1.0,0.0,0.0,8.922792,1.0,2.0,9.26,9.26,0.0,0.0,3.466004,0.1725,0
Q-03749,REP-05,Silver,5,0.0,0.0,5.0,0.0,0.0,11.580126,0.030856,1.0,6.521234,7.48,2.0,1.0,2.708456,0.5382,0
Q-03750,REP-01,Bronze,4,0.379192,1.38,4.0,3.0,0.343434,10.298936,0.89899,0.0,2.818586,6.38,0.0,0.0,-2.757261,1.1935,0
Q-03751,REP-06,Silver,1,4.63,4.63,1.0,1.0,1.0,10.021315,1.0,1.0,14.63,14.63,2.0,1.0,8.508538,4.766,2
Q-03752,REP-02,Silver,3,0.0,0.0,3.0,0.0,0.0,10.3366,0.243191,1.0,4.192607,5.15,0.0,0.0,-1.997373,0.1708,0
Q-03753,REP-03,Silver,2,0.0,0.0,2.0,0.0,0.0,11.962095,0.0,1.0,1.875558,3.3,2.0,0.0,-2.403278,0.4858,0
Q-03754,REP-06,Gold,2,0.0,0.0,2.0,0.0,0.0,10.441325,0.0,2.0,7.57636,7.58,2.0,1.0,1.454899,0.0,0
Q-03755,REP-03,Gold,2,0.0,0.0,2.0,0.0,0.0,11.06509,0.0,2.0,4.789155,4.85,2.0,0.0,0.510319,0.0,0
Q-03756,REP-01,Bronze,4,1.810726,2.87,4.0,1.0,0.630915,10.258746,0.252366,0.0,6.368991,7.87,0.0,0.0,0.793143,1.4528,1
Q-03757,REP-08,Bronze,1,4.12,4.12,1.0,1.0,1.0,9.615872,1.0,0.0,9.12,9.12,0.0,1.0,-0.568396,5.039,2
Q-03758,REP-03,Gold,4,0.0,0.0,4.0,0.0,0.0,11.533718,0.468168,2.0,4.004574,9.48,2.0,0.0,-0.274262,0.0683,0
Q-03759,REP-05,Gold,3,0.0,0.0,3.0,0.0,0.0,11.287291,1.0,2.0,0.310727,2.42,2.0,0.0,-3.502051,0.175,0
Q-03760,REP-05,Silver,2,0.0,0.0,2.0,0.0,0.0,10.451638,0.115607,1.0,6.740636,7.21,2.0,0.0,2.927858,0.0,0
Q-03761,REP-03,Silver,5,0.0,0.0,5.0,0.0,0.0,11.986585,0.744154,1.0,3.788108,9.95,2.0,0.0,-0.490728,0.9275,1
Q-03762,REP-01,Bronze,1,0.0,0.0,1.0,0.0,0.0,9.153876,0.0,0.0,4.0,4.0,0.0,0.0,-1.575847,0.0788,0
Q-03763,REP-06,Gold,2,0.0,0.0,2.0,0.0,0.0,9.328212,0.96,2.0,0.8952,3.18,2.0,0.0,-5.226262,0.0,0
Q-03764,REP-03,Bronze,2,0.0,0.0,2.0,0.0,0.0,11.89547,0.0,0.0,3.536603,4.16,2.0,1.0,-0.742233,1.0717,1
Q-03765,REP-08,Bronze,3,6.965221,10.18,3.0,3.0,1.0,10.616462,0.066176,0.0,11.965221,15.18,0.0,1.0,2.276824,4.9408,2
Q-03766,REP-05,Bronze,2,0.072704,1.59,2.0,1.0,0.045726,10.027297,0.0,0.0,4.242485,6.59,2.0,1.0,0.429707,0.2441,0
Q-03767,REP-02,Gold,6,0.0,0.0,6.0,0.0,0.0,12.197667,0.11345,2.0,3.222061,10.02,0.0,0.0,-2.967919,1.2751,1
Q-03768,REP-01,Gold,1,0.0,0.0,1.0,0.0,0.0,9.287394,0.0,2.0,5.52,5.52,0.0,0.0,-0.055847,0.0,0
Q-03769,REP-03,Silver,4,0.0,0.0,4.0,0.0,0.0,10.436202,0.0,1.0,1.851758,2.72,2.0,0.0,-2.427078,0.0,0
Q-03770,REP-01,Silver,3,0.3968,1.24,3.0,1.0,0.32,8.922792,0.68,1.0,3.6984,11.24,0.0,0.0,-1.877447,0.5196,0
Q-03771,REP-08,Silver,3,3.06574,9.08,3.0,1.0,0.337637,11.519911,1.0,1.0,12.762502,19.08,0.0,0.0,3.074106,4.7432,2
Q-03772,REP-02,Silver,3,0.0,0.0,3.0,0.0,0.0,9.382696,0.0,1.0,4.333485,6.81,0.0,0.0,-1.856495,0.0,0
Q-03773,REP-01,Bronze,6,1.747773,6.89,6.0,3.0,0.637441,11.055656,0.459716,0.0,4.934976,11.89,0.0,0.0,-0.640871,2.6152,2
Q-03774,REP-01,Silver,4,0.093528,1.6,4.0,1.0,0.058455,11.18235,0.670842,1.0,5.204349,11.6,0.0,0.0,-0.371498,1.0023,0
Q-03775,REP-04,Silver,2,0.0,0.0,2.0,0.0,0.0,10.658224,0.987306,1.0,0.065628,5.17,0.0,0.0,-5.728368,0.6775,0
Q-03776,REP-07,Silver,1,0.0,0.0,1.0,0.0,0.0,8.306719,0.0,1.0,7.11,7.11,1.0,0.0,-2.036043,0.0,0
Q-03777,REP-03,Bronze,4,1.17088,1.68,4.0,1.0,0.696953,12.08504,0.303047,0.0,5.892111,6.68,2.0,0.0,1.613274,1.7199,1
Q-03778,REP-03,Bronze,3,0.0,0.0,3.0,0.0,0.0,11.767885,0.743955,0.0,2.33679,4.69,2.0,0.0,-1.942046,0.8845,1
Q-03779,REP-01,Silver,6,0.00862,0.84,6.0,1.0,0.010262,11.60483,0.655872,1.0,3.866965,10.84,0.0,0.0,-1.708882,1.1503,1
Q-03780,REP-08,Gold,6,2.715884,11.29,6.0,2.0,0.878385,11.873714,0.878385,2.0,14.084054,21.29,0.0,1.0,4.395658,5.2117,2
Q-03781,REP-03,Gold,3,0.0,0.0,3.0,0.0,0.0,10.44001,0.526316,2.0,5.497895,5.62,2.0,0.0,1.219059,0.0,0
Q-03782,REP-05,Bronze,6,0.879492,9.11,6.0,3.0,0.18324,12.229061,0.090887,0.0,1.79569,14.11,2.0,1.0,-2.017088,3.2384,2
Q-03783,REP-05,Bronze,1,0.0,0.0,1.0,0.0,0.0,8.594339,1.0,0.0,1.05,1.05,2.0,0.0,-2.762778,0.0,0
Q-03784,REP-06,Silver,1,0.0,0.0,1.0,0.0,0.0,7.313887,1.0,1.0,0.0,0.0,2.0,0.0,-6.121462,0.0,0
Q-03785,REP-07,Silver,1,0.0,0.0,1.0,0.0,0.0,10.385945,0.0,1.0,7.02,7.02,1.0,0.0,-2.126043,0.0,0
Q-03786,REP-07,Silver,5,2.919818,6.08,5.0,3.0,0.950157,11.382543,0.28368,1.0,12.713637,16.08,1.0,1.0,3.567594,3.4155,2
Q-03787,REP-05,Gold,3,0.0,0.0,3.0,0.0,0.0,10.747229,0.012903,2.0,8.733355,9.03,2.0,0.0,4.920577,0.0,0
Q-03788,REP-07,Bronze,4,7.275675,12.82,4.0,4.0,1.0,11.035309,0.535268,0.0,12.275675,17.82,1.0,0.0,3.129632,7.8255,2
Q-03789,REP-03,Bronze,3,0.966457,4.23,3.0,1.0,0.228477,11.7019,0.761589,0.0,4.325066,9.23,2.0,1.0,0.04623,2.1468,1
Q-03790,REP-08,Bronze,6,5.291362,6.96,6.0,6.0,1.0,12.299112,0.060137,0.0,10.291362,11.96,0.0,1.0,0.602966,5.4311,2
Q-03791,REP-02,Bronze,1,2.34,2.34,1.0,1.0,1.0,9.980495,0.0,0.0,7.34,7.34,0.0,0.0,1.15002,1.4202,1
Q-03792,REP-07,Silver,3,0.0,0.0,3.0,0.0,0.0,10.66665,0.328671,1.0,6.615664,6.9,1.0,0.0,-2.530379,0.0183,0
Q-03793,REP-05,Silver,5,0.0,0.0,5.0,0.0,0.0,10.780018,0.784599,1.0,1.220104,3.33,2.0,0.0,-2.592674,0.0119,0
Q-03794,REP-05,Gold,4,0.0,0.0,4.0,0.0,0.0,9.256365,0.916905,2.0,0.138653,3.37,2.0,0.0,-3.674124,0.0,0
Q-03795,REP-06,Silver,3,0.0,0.0,3.0,0.0,0.0,10.744214,0.603969,1.0,5.731156,8.03,2.0,0.0,-0.390305,0.0,0
Q-03796,REP-02,Bronze,1,0.72,0.72,1.0,1.0,1.0,7.601402,1.0,0.0,5.72,5.72,0.0,0.0,-0.46998,1.2507,0
Q-03797,REP-04,Bronze,2,2.466091,2.5,2.0,1.0,0.986436,10.610316,0.986436,0.0,7.445339,7.5,0.0,0.0,1.651343,3.227,2
Q-03798,REP-05,Silver,2,0.0,0.0,2.0,0.0,0.0,10.933125,0.535714,1.0,4.146786,6.07,2.0,1.0,0.334008,0.3913,0
Q-03799,REP-04,Silver,2,0.0,0.0,2.0,0.0,0.0,10.322231,0.526316,1.0,7.497895,9.44,0.0,1.0,1.703899,0.7728,0
Q-03800,REP-01,Bronze,3,2.424084,4.41,3.0,3.0,1.0,10.210273,0.264901,0.0,7.424084,9.41,0.0,0.0,1.848237,2.3661,2
Q-03801,REP-06,Bronze,6,10.684137,18.17,6.0,1.0,0.58801,11.267421,0.823214,0.0,14.673949,23.17,2.0,0.0,8.552487,11.4781,2
Q-03802,REP-06,Silver,2,0.0,0.0,2.0,0.0,0.0,9.998843,1.0,1.0,6.156364,8.81,2.0,1.0,0.034902,0.3633,0
Q-03803,REP-08,Gold,3,0.033533,0.4,3.0,1.0,0.083832,11.227255,0.083832,2.0,8.593952,10.4,0.0,1.0,-1.094444,0.7545,0
Q-03804,REP-03,Gold,2,0.0,0.0,2.0,0.0,0.0,9.986035,0.966851,2.0,7.318343,7.56,2.0,0.0,3.039506,0.0,0
Q-03805,REP-08,Gold,1,0.0,0.0,1.0,0.0,0.0,11.669938,0.0,2.0,6.97,6.97,0.0,0.0,-2.718396,0.535,0
Q-03806,REP-05,Silver,2,0.0,0.0,2.0,0.0,0.0,9.698982,1.0,1.0,0.0,0.0,2.0,0.0,-3.812778,0.0,0
Q-03807,REP-02,Gold,2,0.0,0.0,2.0,0.0,0.0,11.355815,0.0,2.0,8.151477,8.22,0.0,0.0,1.961497,0.2722,0
Q-03808,REP-04,Gold,6,0.839514,3.21,6.0,1.0,0.261531,11.629962,0.193924,2.0,9.646233,18.21,0.0,0.0,3.852237,1.3091,1
Q-03809,REP-02,Gold,2,0.0,0.0,2.0,0.0,0.0,10.942014,0.079646,2.0,5.938496,8.81,0.0,0.0,-0.251484,0.0746,0
Q-03810,REP-06,Bronze,1,0.0,0.0,1.0,0.0,0.0,9.200391,1.0,0.0,4.43,4.43,2.0,1.0,-1.691462,0.4825,0
Q-03811,REP-05,Silver,3,0.0,0.0,3.0,0.0,0.0,10.890255,0.999068,1.0,6.345116,8.79,2.0,1.0,2.532339,0.6266,0
Q-03812,REP-01,Silver,2,0.0,0.0,2.0,0.0,0.0,9.692828,1.0,1.0,3.524444,5.07,0.0,1.0,-2.051403,0.915,1
Q-03813,REP-04,Gold,4,0.0,0.0,4.0,0.0,0.0,12.281069,0.394294,2.0,5.322084,10.49,0.0,0.0,-0.471912,1.5733,1
Q-03814,REP-04,Silver,3,0.0,0.0,3.0,0.0,0.0,11.25998,0.901481,1.0,6.980992,9.34,0.0,1.0,1.186996,1.3729,1
Q-03815,REP-01,Bronze,4,0.606604,2.83,4.0,2.0,0.491393,11.247409,0.532081,0.0,3.687121,7.83,0.0,1.0,-1.888727,2.1765,2
Q-03816,REP-03,Bronze,1,0.0,0.0,1.0,0.0,0.0,9.259226,1.0,0.0,0.0,0.0,2.0,0.0,-4.278836,0.0375,0
Q-03817,REP-04,Silver,4,0.0,0.0,4.0,0.0,0.0,10.520725,0.080917,1.0,1.642839,3.17,0.0,0.0,-4.151157,0.1335,0
Q-03818,REP-08,Bronze,4,1.311805,4.83,4.0,4.0,1.0,11.416976,0.770501,0.0,6.311805,9.83,0.0,0.0,-3.376591,2.4683,2
Q-03819,REP-07,Bronze,2,0.451831,4.01,2.0,1.0,0.112676,9.273409,0.112676,0.0,4.29831,9.01,1.0,0.0,-4.847733,0.6714,0
Q-03820,REP-02,Silver,1,0.0,0.0,1.0,0.0,0.0,11.066654,1.0,1.0,5.62,5.62,0.0,0.0,-0.56998,0.8633,1
Q-03821,REP-03,Silver,3,0.0,0.0,3.0,0.0,0.0,10.203629,0.2,1.0,4.297333,4.99,2.0,1.0,0.018497,0.0,0
Q-03822,REP-02,Silver,3,0.0,0.0,3.0,0.0,0.0,10.683981,0.845361,1.0,5.274536,9.59,0.0,1.0,-0.915444,1.0587,1
Q-03823,REP-05,Silver,1,0.0,0.0,1.0,0.0,0.0,8.594339,0.0,1.0,5.96,5.96,2.0,0.0,2.147222,0.0,0
Q-03824,REP-02,Bronze,4,1.420048,2.38,4.0,1.0,0.596659,11.230841,0.377884,0.0,5.632259,7.38,0.0,0.0,-0.557721,1.6946,1
Q-03825,REP-04,Gold,4,0.064244,4.02,4.0,1.0,0.015981,10.42795,0.0,2.0,7.634117,19.02,0.0,0.0,1.840121,0.3108,0
Q-03826,REP-08,Gold,2,2.179747,2.46,2.0,1.0,0.886076,10.766399,1.0,2.0,11.323038,12.46,0.0,0.0,1.634642,2.6066,2
Q-03827,REP-06,Silver,2,0.0,0.0,2.0,0.0,0.0,9.31479,1.0,1.0,4.747568,5.4,2.0,0.0,-1.373894,0.0,0
Q-03828,REP-06,Gold,5,0.0,0.0,5.0,0.0,0.0,11.046133,0.813397,2.0,3.98311,6.12,2.0,0.0,-2.138351,0.0,0
Q-03829,REP-03,Gold,3,0.0,0.0,3.0,0.0,0.0,10.824786,0.865672,2.0,0.0,0.0,2.0,0.0,-4.278836,0.0,0
Q-03830,REP-07,Silver,1,0.19,0.19,1.0,1.0,1.0,9.980495,1.0,1.0,10.19,10.19,1.0,1.0,1.043957,0.8405,0
Q-03831,REP-06,Gold,5,0.104727,4.8,5.0,1.0,0.021818,11.831386,0.123636,2.0,2.396364,16.8,2.0,0.0,-3.725098,0.7898,0
Q-03832,REP-07,Silver,3,0.499342,0.69,3.0,1.0,0.723684,11.015362,0.782895,1.0,10.128092,10.69,1.0,0.0,0.982049,0.9126,0
Q-03833,REP-04,Gold,3,0.0,0.0,3.0,0.0,0.0,8.183397,0.837989,2.0,3.644916,7.46,0.0,1.0,-2.14908,0.5007,0
Q-03834,REP-01,Bronze,1,2.43,2.43,1.0,1.0,1.0,6.641182,0.0,0.0,7.43,7.43,0.0,0.0,1.854153,1.2943,0
Q-03835,REP-08,Bronze,1,4.2,4.2,1.0,1.0,1.0,10.594157,0.0,0.0,9.2,9.2,0.0,1.0,-0.488396,3.0085,2
Q-03836,REP-08,Bronze,6,12.13436,24.39,6.0,6.0,1.0,10.754407,0.153731,0.0,17.13436,29.39,0.0,1.0,7.445964,8.8825,2
Q-03837,REP-08,Silver,2,0.0,0.0,2.0,0.0,0.0,9.142704,0.0,1.0,5.302472,7.28,0.0,0.0,-4.385924,0.0,0
Q-03838,REP-04,Silver,1,0.0,0.0,1.0,0.0,0.0,4.615121,0.0,1.0,4.46,4.46,0.0,1.0,-1.333996,0.2308,0
Q-03839,REP-06,Gold,4,0.011865,1.07,4.0,1.0,0.011089,11.928381,0.037623,2.0,6.706494,16.07,2.0,1.0,0.585032,0.8159,0
Q-03840,REP-01,Silver,1,0.0,0.0,1.0,0.0,0.0,8.794976,1.0,1.0,9.85,9.85,0.0,0.0,4.274153,0.385,0
Q-03841,REP-07,Bronze,1,2.7,2.7,1.0,1.0,1.0,11.957618,0.0,0.0,7.7,7.7,1.0,0.0,-1.446043,2.431,2
Q-03842,REP-02,Silver,1,4.36,4.36,1.0,1.0,1.0,10.434145,1.0,1.0,14.36,14.36,0.0,0.0,8.17002,4.7553,2
Q-03843,REP-04,Silver,2,0.0,0.0,2.0,0.0,0.0,9.253496,0.0,1.0,6.805862,7.98,0.0,1.0,1.011866,0.317,0
Q-03844,REP-02,Bronze,1,0.0,0.0,1.0,0.0,0.0,10.203629,1.0,0.0,4.34,4.34,0.0,0.0,-1.84998,0.775,0
Q-03845,REP-03,Gold,3,0.0,0.0,3.0,0.0,0.0,11.96909,0.005703,2.0,4.192795,4.22,2.0,0.0,-0.086042,0.2781,0
Q-03846,REP-07,Gold,2,0.0,0.0,2.0,0.0,0.0,9.398975,0.993789,2.0,2.704783,6.67,1.0,0.0,-6.44126,0.0,0
Q-03847,REP-07,Silver,6,1.218001,2.33,6.0,2.0,0.669577,11.814222,0.909293,1.0,10.587576,12.33,1.0,1.0,1.441533,2.8359,2
Q-03848,REP-05,Silver,5,0.030698,0.22,5.0,1.0,0.139535,11.256755,0.631783,1.0,3.469806,10.22,2.0,0.0,-0.342972,0.2225,0
Q-03849,REP-01,Bronze,3,1.455714,4.7,3.0,3.0,1.0,10.357775,1.0,0.0,6.455714,9.7,0.0,1.0,0.879867,3.0023,2
Q-03850,REP-08,Bronze,5,3.919064,13.95,5.0,4.0,0.9974,11.3682,0.706154,0.0,8.91753,18.95,0.0,0.0,-0.770867,5.3439,2
Q-03851,REP-01,Gold,6,0.0,0.0,6.0,0.0,0.0,11.578254,0.677283,2.0,7.562871,11.58,0.0,1.0,1.987024,1.2721,1
Q-03852,REP-01,Silver,1,0.0,0.0,1.0,0.0,0.0,6.356108,0.0,1.0,2.91,2.91,0.0,0.0,-2.665847,0.0,0
Q-03853,REP-01,Bronze,3,0.0,0.0,3.0,0.0,0.0,10.868587,0.125714,0.0,1.731314,2.5,0.0,0.0,-3.844533,0.5066,0
Q-03854,REP-06,Bronze,4,0.777212,4.52,4.0,2.0,0.187879,10.809748,0.975758,0.0,4.904485,9.52,2.0,0.0,-1.216977,1.4834,0
Q-03855,REP-02,Bronze,1,2.45,2.45,1.0,1.0,1.0,9.615872,1.0,0.0,7.45,7.45,0.0,0.0,1.26002,3.0025,2
Q-03856,REP-01,Silver,3,0.0,0.0,3.0,0.0,0.0,10.546025,0.970414,1.0,1.222584,3.85,0.0,0.0,-4.353263,0.6306,0
Q-03857,REP-07,Silver,5,0.428591,4.46,5.0,3.0,0.104674,10.881174,0.677137,1.0,8.762457,14.46,1.0,1.0,-0.383585,1.557,1
Q-03858,REP-07,Bronze,5,3.439119,4.79,5.0,5.0,1.0,11.22459,0.681788,0.0,8.439119,9.79,1.0,0.0,-0.706923,3.9299,2
Q-03859,REP-06,Gold,3,0.0,0.0,3.0,0.0,0.0,12.04591,0.042254,2.0,5.715915,6.1,2.0,0.0,-0.405546,0.4032,0
Q-03860,REP-06,Gold,4,0.0,0.0,4.0,0.0,0.0,9.203416,0.845921,2.0,6.485423,7.14,2.0,0.0,0.363961,0.0,0
Q-03861,REP-07,Silver,4,0.0,0.0,4.0,0.0,0.0,9.36743,0.333333,1.0,8.062051,8.4,1.0,0.0,-1.083992,0.0,0
Q-03862,REP-07,Gold,1,0.0,0.0,1.0,0.0,0.0,8.594339,1.0,2.0,5.77,5.77,1.0,0.0,-3.376043,0.0,0
Q-03863,REP-06,Silver,4,0.0,0.0,4.0,0.0,0.0,11.579658,1.0,1.0,7.049897,8.12,2.0,0.0,0.928436,0.6208,1
Q-03864,REP-08,Gold,2,0.226301,0.23,2.0,1.0,0.983917,10.182104,0.983917,2.0,10.248978,11.41,0.0,1.0,0.560582,0.9868,0
Q-03865,REP-07,Gold,2,0.0,0.0,2.0,0.0,0.0,9.781376,0.389831,2.0,6.746271,8.65,1.0,1.0,-2.399772,0.0719,0
Q-03866,REP-02,Silver,5,0.0,0.0,5.0,0.0,0.0,11.429011,0.176183,1.0,4.143165,6.12,0.0,0.0,-2.046815,0.6432,0
Q-03867,REP-02,Gold,4,0.0,0.0,4.0,0.0,0.0,11.129408,0.0,2.0,8.437466,10.05,0.0,1.0,2.247487,0.5779,0
Q-03868,REP-04,Gold,6,0.0,0.0,6.0,0.0,0.0,11.267805,0.661896,2.0,4.735858,14.67,0.0,0.0,-1.058138,0.5762,0
Q-03869,REP-02,Silver,5,0.815349,3.63,5.0,1.0,0.224614,11.579191,0.505381,1.0,6.58379,13.63,0.0,0.0,0.39381,2.0326,2
Q-03870,REP-08,Silver,2,0.0,0.0,2.0,0.0,0.0,10.198058,0.0,1.0,4.858827,9.27,0.0,0.0,-4.829569,0.0038,0
Q-03871,REP-02,Gold,6,0.010155,1.6,6.0,1.0,0.006347,11.233622,0.384768,2.0,4.280543,16.6,0.0,0.0,-1.909436,0.5821,0
Q-03872,REP-08,Bronze,3,14.298478,14.91,3.0,2.0,0.987418,10.63888,0.987418,0.0,19.272684,19.91,0.0,0.0,9.584288,14.5416,2
Q-03873,REP-06,Silver,1,0.0,0.0,1.0,0.0,0.0,10.44001,0.0,1.0,8.67,8.67,2.0,1.0,2.548538,0.0,0
Q-03874,REP-04,Gold,3,0.0,0.0,3.0,0.0,0.0,11.359145,0.932999,2.0,8.965399,9.29,0.0,0.0,3.171403,0.7877,0
Q-03875,REP-02,Bronze,4,1.366681,9.51,4.0,3.0,0.959583,12.362268,0.290834,0.0,6.164593,14.51,0.0,0.0,-0.025386,4.0021,2
Q-03876,REP-02,Bronze,4,2.061937,2.94,4.0,2.0,0.784585,10.831727,0.0,0.0,6.961561,7.94,0.0,0.0,0.771581,1.6111,1
Q-03877,REP-04,Silver,3,0.0,0.0,3.0,0.0,0.0,12.150037,0.27816,1.0,6.904146,7.39,0.0,1.0,1.11015,1.9588,1
Q-03878,REP-07,Gold,1,0.0,0.0,1.0,0.0,0.0,9.230241,1.0,2.0,7.12,7.12,1.0,1.0,-2.026043,0.345,0
Q-03879,REP-02,Silver,2,0.0,0.0,2.0,0.0,0.0,9.355825,0.933852,1.0,0.766226,8.76,0.0,1.0,-5.423754,0.84,1
Q-03880,REP-01,Silver,6,0.0,0.0,6.0,0.0,0.0,11.085613,0.941357,1.0,4.306432,7.34,0.0,0.0,-1.269416,0.8413,0
Q-03881,REP-03,Silver,5,0.0,0.0,5.0,0.0,0.0,10.950736,0.175454,1.0,4.87807,6.74,2.0,0.0,0.599234,0.0,0
Q-03882,REP-02,Silver,2,0.0,0.0,2.0,0.0,0.0,10.155257,0.991254,1.0,1.304373,8.6,0.0,0.0,-4.885607,0.5396,0
Q-03883,REP-05,Gold,2,0.0,0.0,2.0,0.0,0.0,10.159137,0.0,2.0,0.683059,0.7,2.0,0.0,-3.129719,0.0,0
Q-03884,REP-08,Bronze,1,5.72,5.72,1.0,1.0,1.0,10.44001,0.0,0.0,10.72,10.72,0.0,0.0,1.031604,3.3166,2
Q-03885,REP-05,Silver,2,0.0,0.0,2.0,0.0,0.0,8.451267,0.384615,1.0,1.761538,4.58,2.0,0.0,-2.051239,0.0,0
Q-03886,REP-08,Bronze,2,6.951557,8.2,2.0,1.0,0.847751,9.760829,0.0,0.0,11.542007,13.2,0.0,0.0,1.853611,3.9662,2
Q-03887,REP-07,Bronze,3,0.0,0.0,3.0,0.0,0.0,9.46506,0.581395,0.0,4.241395,4.88,1.0,0.0,-4.904648,0.1273,0
Q-03888,REP-05,Silver,2,0.0,0.0,2.0,0.0,0.0,11.18026,1.0,1.0,6.961339,7.96,2.0,0.0,3.148561,0.3275,0
Q-03889,REP-06,Silver,1,0.0,0.0,1.0,0.0,0.0,6.803505,1.0,1.0,4.45,4.45,2.0,0.0,-1.671462,0.0,0
Q-03890,REP-01,Gold,3,0.160278,2.38,3.0,1.0,0.067344,12.139404,0.067344,2.0,5.271849,12.38,0.0,0.0,-0.303998,1.5526,1
Q-03891,REP-01,Silver,1,0.0,0.0,1.0,0.0,0.0,6.898715,0.0,1.0,2.8,2.8,0.0,0.0,-2.775847,0.0,0
Q-03892,REP-04,Bronze,6,0.506069,4.2,6.0,3.0,0.397336,11.576942,0.337679,0.0,4.330358,9.2,0.0,0.0,-1.463638,1.7487,1
Q-03893,REP-04,Gold,4,0.0,0.0,4.0,0.0,0.0,11.124332,1.0,2.0,7.626947,9.8,0.0,1.0,1.832951,1.125,1
Q-03894,REP-02,Silver,3,1.161429,2.71,3.0,1.0,0.428571,9.441531,0.0,1.0,8.746786,12.71,0.0,0.0,2.556806,0.6709,0
Q-03895,REP-02,Gold,1,0.0,0.0,1.0,0.0,0.0,9.036106,0.0,2.0,1.77,1.77,0.0,0.0,-4.41998,0.0,0
Q-03896,REP-04,Gold,3,0.0,0.0,3.0,0.0,0.0,11.133143,1.0,2.0,3.195614,5.32,0.0,0.0,-2.598382,0.68,0
Q-03897,REP-07,Silver,2,6.496471,7.22,2.0,2.0,1.0,10.328788,0.0,1.0,16.496471,17.22,1.0,0.0,7.350428,3.2577,2
Q-03898,REP-08,Silver,5,1.696063,6.59,5.0,3.0,0.480916,11.426289,0.371865,1.0,11.364286,16.59,0.0,1.0,1.675889,3.0193,2
Q-03899,REP-01,Bronze,5,0.331285,2.85,5.0,4.0,0.992905,10.952227,0.105116,0.0,5.323764,7.85,0.0,1.0,-0.252083,1.5176,1
Q-03900,REP-01,Bronze,1,0.46,0.46,1.0,1.0,1.0,9.341456,1.0,0.0,5.46,5.46,0.0,1.0,-0.115847,1.532,1
Q-03901,REP-06,Silver,1,0.0,0.0,1.0,0.0,0.0,10.239996,1.0,1.0,5.62,5.62,2.0,0.0,-0.501462,0.0,0
Q-03902,REP-08,Silver,3,0.021007,0.06,3.0,1.0,0.350109,11.135333,0.350109,1.0,6.869497,10.06,0.0,0.0,-2.8189,0.5681,0
Q-03903,REP-08,Silver,6,1.132453,7.48,6.0,3.0,0.574483,11.900573,0.693587,1.0,9.929135,17.48,0.0,0.0,0.240738,3.0963,2
Q-03904,REP-07,Silver,5,0.002059,1.47,5.0,1.0,0.001401,12.27467,0.293184,1.0,6.243044,11.47,1.0,0.0,-2.902999,1.5888,1
Q-03905,REP-06,Bronze,1,0.0,0.0,1.0,0.0,0.0,8.412055,0.0,0.0,0.0,0.0,2.0,0.0,-6.121462,0.0,0
Q-03906,REP-04,Silver,1,0.0,0.0,1.0,0.0,0.0,8.571871,0.0,1.0,6.93,6.93,0.0,0.0,1.136004,0.0,0
Q-03907,REP-01,Gold,4,0.0,0.0,4.0,0.0,0.0,9.85172,0.410742,2.0,3.454186,8.2,0.0,1.0,-2.121661,0.3942,0
Q-03908,REP-02,Bronze,3,3.683918,13.49,3.0,3.0,1.0,11.365886,0.486533,0.0,8.683918,18.49,0.0,1.0,2.493938,4.8441,2
Q-03909,REP-02,Bronze,5,0.043397,0.66,5.0,1.0,0.065753,10.217422,0.56621,0.0,2.038393,5.66,0.0,0.0,-4.151587,0.6304,0
Q-03910,REP-01,Bronze,3,2.453801,3.07,3.0,2.0,0.935205,10.232108,0.74514,0.0,7.230907,8.07,0.0,0.0,1.65506,2.7952,2
Q-03911,REP-02,Silver,1,0.0,0.0,1.0,0.0,0.0,8.594339,1.0,1.0,3.1,3.1,0.0,0.0,-3.08998,0.375,0
Q-03912,REP-02,Gold,1,0.0,0.0,1.0,0.0,0.0,8.188967,0.0,2.0,5.91,5.91,0.0,1.0,-0.27998,0.04,0
Q-03913,REP-06,Bronze,2,1.197924,3.41,2.0,1.0,0.351297,12.431218,0.351297,0.0,4.43994,8.41,2.0,1.0,-1.681521,3.5121,2
Q-03914,REP-03,Gold,5,1.208285,2.25,5.0,1.0,0.537016,11.267166,0.398926,2.0,10.224503,17.25,2.0,0.0,5.945667,0.5861,1
Q-03915,REP-06,Silver,2,1.96,4.48,2.0,1.0,0.4375,10.268165,1.0,1.0,9.87875,14.48,2.0,0.0,3.757288,2.1092,2
Q-03916,REP-02,Silver,2,0.0,0.0,2.0,0.0,0.0,11.318139,0.923451,1.0,2.750243,2.8,0.0,0.0,-3.439737,0.9737,1
Q-03917,REP-08,Silver,1,0.0,0.0,1.0,0.0,0.0,7.09091,1.0,1.0,6.52,6.52,0.0,1.0,-3.168396,0.79,0
Q-03918,REP-06,Bronze,4,0.0,0.0,4.0,0.0,0.0,10.730969,0.443716,0.0,1.036328,4.94,2.0,0.0,-5.085134,0.0253,0
Q-03919,REP-03,Silver,1,0.0,0.0,1.0,0.0,0.0,9.105091,1.0,1.0,6.85,6.85,2.0,1.0,2.571164,0.255,0
Q-03920,REP-06,Bronze,3,0.004198,0.02,3.0,1.0,0.209895,12.206578,0.209895,0.0,3.728246,5.02,2.0,0.0,-2.393216,1.1887,0
Q-03921,REP-02,Gold,6,0.0,0.0,6.0,0.0,0.0,11.268699,0.697051,2.0,5.427246,7.79,0.0,0.0,-0.762734,0.5961,0
Q-03922,REP-08,Gold,5,0.0,0.0,5.0,0.0,0.0,11.164091,0.627923,2.0,7.423317,9.34,0.0,0.0,-2.265079,0.4933,0
Q-03923,REP-03,Bronze,2,0.0,0.0,2.0,0.0,0.0,11.291044,0.449438,0.0,1.92427,3.34,2.0,0.0,-2.354567,0.3147,0
Q-03924,REP-02,Bronze,1,1.19,1.19,1.0,1.0,1.0,9.105091,1.0,0.0,6.19,6.19,0.0,0.0,2e-05,1.7555,1
Q-03925,REP-02,Gold,1,0.0,0.0,1.0,0.0,0.0,4.615121,0.0,2.0,4.52,4.52,0.0,1.0,-1.66998,0.0108,0
Q-03926,REP-05,Gold,2,0.0,0.0,2.0,0.0,0.0,10.796735,0.0,2.0,1.162693,11.22,2.0,0.0,-2.650084,0.0,0
Q-03927,REP-02,Bronze,5,0.840642,2.69,5.0,3.0,0.44801,10.752377,0.436457,0.0,4.654249,7.69,0.0,0.0,-1.535731,1.6236,1
Q-03928,REP-04,Gold,6,0.0,0.0,6.0,0.0,0.0,10.889136,0.908752,2.0,5.698436,8.81,0.0,0.0,-0.09556,0.5064,0
Q-03929,REP-03,Silver,4,0.0,0.0,4.0,0.0,0.0,10.738807,0.065062,1.0,5.387716,6.47,2.0,0.0,1.10888,0.0,0
Q-03930,REP-08,Silver,4,0.038496,5.4,4.0,1.0,0.007129,10.560386,0.155541,1.0,7.231082,15.4,0.0,0.0,-2.457314,0.7972,1
Q-03931,REP-05,Silver,1,0.0,0.0,1.0,0.0,0.0,10.214679,0.0,1.0,3.06,3.06,2.0,1.0,-0.752778,0.0,0
Q-03932,REP-06,Silver,3,0.0,0.0,3.0,0.0,0.0,11.396403,0.013483,1.0,8.80982,9.93,2.0,0.0,2.688359,0.0,0
Q-03933,REP-05,Bronze,3,0.0,0.0,3.0,0.0,0.0,9.924074,0.98457,0.0,1.541264,2.58,2.0,0.0,-2.271514,0.1116,0
Q-03934,REP-03,Silver,4,1.515443,1.84,4.0,1.0,0.82361,10.503038,0.82361,1.0,10.632972,11.84,2.0,1.0,6.354136,1.8619,1
Q-03935,REP-07,Silver,2,0.0,0.0,2.0,0.0,0.0,8.585973,0.840336,1.0,7.286387,9.32,1.0,0.0,-1.859656,0.0,0
Q-03936,REP-03,Bronze,3,0.0,0.0,3.0,0.0,0.0,10.212478,0.0,0.0,1.286586,1.75,2.0,0.0,-2.99225,0.0,0
Q-03937,REP-08,Silver,3,2.040169,2.69,3.0,1.0,0.758427,10.662446,0.0,1.0,11.393764,12.69,0.0,0.0,1.705368,1.2888,1
Q-03938,REP-01,Silver,6,0.664644,6.74,6.0,1.0,0.098612,12.194739,0.098612,1.0,3.846833,16.74,0.0,0.0,-1.729014,2.7818,2
Q-03939,REP-08,Gold,4,0.0,0.0,4.0,0.0,0.0,11.271185,0.114613,2.0,4.438453,8.19,0.0,0.0,-5.249944,0.2774,0
Q-03940,REP-06,Gold,2,0.0,0.0,2.0,0.0,0.0,10.843514,0.859375,2.0,7.556719,8.16,2.0,0.0,1.435257,0.0,0
Q-03941,REP-08,Silver,5,3.441792,8.72,5.0,2.0,0.937964,12.232939,0.06133,1.0,12.916411,18.72,0.0,0.0,3.228014,3.9305,2
Q-03942,REP-03,Gold,5,0.0,0.0,5.0,0.0,0.0,11.442138,0.644019,2.0,6.932407,13.14,2.0,1.0,2.653571,0.5406,0
Q-03943,REP-04,Bronze,1,5.06,5.06,1.0,1.0,1.0,9.729194,0.0,0.0,10.06,10.06,0.0,0.0,4.266004,2.8218,2
Q-03944,REP-08,Bronze,2,13.92,16.62,2.0,2.0,1.0,8.881975,1.0,0.0,18.92,21.62,0.0,1.0,9.231604,14.581,2
Q-03945,REP-03,Silver,6,0.0,0.0,6.0,0.0,0.0,11.909256,0.638477,1.0,1.009022,8.08,2.0,0.0,-3.269814,0.7698,1
Q-03946,REP-02,Bronze,2,0.862385,3.76,2.0,1.0,0.229358,8.785845,0.229358,0.0,5.415413,8.76,0.0,1.0,-0.774567,1.7687,1
Q-03947,REP-01,Silver,2,0.0,0.0,2.0,0.0,0.0,10.827766,0.392857,1.0,3.06,6.29,0.0,0.0,-2.515847,0.4161,0
Q-03948,REP-05,Gold,2,0.0,0.0,2.0,0.0,0.0,11.015362,1.0,2.0,4.948618,5.7,2.0,0.0,1.135841,0.0167,0
Q-03949,REP-04,Silver,5,0.0,0.0,5.0,0.0,0.0,10.781786,0.872546,1.0,2.226868,6.21,0.0,0.0,-3.567128,0.661,0
Q-03950,REP-03,Gold,4,0.0,0.0,4.0,0.0,0.0,11.903791,0.117707,2.0,5.944037,9.17,2.0,0.0,1.665201,0.2566,0
Q-03951,REP-04,Gold,2,0.42963,5.8,2.0,1.0,0.074074,10.098273,1.0,2.0,4.466667,15.8,0.0,0.0,-1.327329,1.3114,1
Q-03952,REP-01,Gold,2,0.0,0.0,2.0,0.0,0.0,7.601402,0.9,2.0,3.534,6.27,0.0,1.0,-2.041847,0.5217,0
Q-03953,REP-05,Gold,6,0.004166,0.04,6.0,1.0,0.104151,11.492069,0.104151,2.0,8.354344,12.88,2.0,1.0,4.541566,0.2913,0
Q-03954,REP-01,Silver,4,0.0,0.0,4.0,0.0,0.0,10.328788,0.568627,1.0,3.692745,6.72,0.0,0.0,-1.883102,0.3477,0
Q-03955,REP-08,Gold,4,1.030858,6.44,4.0,1.0,0.160071,10.426321,0.995998,2.0,10.191432,16.44,0.0,0.0,0.503036,1.9632,1
Q-03956,REP-07,Silver,2,0.0,0.0,2.0,0.0,0.0,11.506917,0.0,1.0,9.642535,9.94,1.0,0.0,0.496492,0.3083,0
Q-03957,REP-05,Gold,1,0.0,0.0,1.0,0.0,0.0,10.491302,1.0,2.0,2.07,2.07,2.0,1.0,-1.742778,0.26,0
Q-03958,REP-03,Bronze,2,0.903226,1.0,2.0,1.0,0.903226,10.929547,0.096774,0.0,5.727097,6.0,2.0,0.0,1.448261,0.4076,0
Q-03959,REP-05,Gold,3,0.0,0.0,3.0,0.0,0.0,11.131387,0.351494,2.0,0.868928,1.78,2.0,0.0,-2.94385,0.0,0
Q-03960,REP-04,Bronze,3,0.882666,3.27,3.0,3.0,1.0,12.105152,0.0,0.0,5.882666,8.27,0.0,1.0,0.08867,2.6871,2
Q-03961,REP-03,Silver,2,0.0,0.0,2.0,0.0,0.0,10.971658,1.0,1.0,5.440309,6.25,2.0,0.0,1.161473,0.215,0
Q-03962,REP-08,Silver,1,0.0,0.0,1.0,0.0,0.0,7.783641,0.0,1.0,9.96,9.96,0.0,1.0,0.271604,0.25,0
Q-03963,REP-08,Gold,4,1.565456,3.07,4.0,2.0,0.519943,11.852258,1.0,2.0,11.135014,13.07,0.0,0.0,1.446618,2.9327,2
Q-03964,REP-06,Gold,4,0.0,0.0,4.0,0.0,0.0,11.409519,0.807319,2.0,5.51901,8.37,2.0,0.0,-0.602451,0.1555,0
Q-03965,REP-05,Silver,2,0.0,0.0,2.0,0.0,0.0,10.134639,1.0,1.0,1.11,1.16,2.0,0.0,-2.702778,0.0,0
Q-03966,REP-02,Gold,3,0.0,0.0,3.0,0.0,0.0,10.404293,0.0,2.0,6.497273,6.95,0.0,0.0,0.307293,0.0,0
Q-03967,REP-03,Gold,2,0.0,0.0,2.0,0.0,0.0,10.073273,0.443038,2.0,0.37519,0.52,2.0,0.0,-3.903646,0.0,0
Q-03968,REP-02,Gold,3,0.005703,3.61,3.0,1.0,0.00158,10.76798,0.505529,2.0,6.18763,18.61,0.0,1.0,-0.00235,1.0832,1
Q-03969,REP-08,Gold,4,0.0,0.0,4.0,0.0,0.0,11.344814,0.28394,2.0,8.617853,13.44,0.0,0.0,-1.070544,0.4205,0
Q-03970,REP-08,Silver,5,0.0,0.0,5.0,0.0,0.0,10.187387,0.632411,1.0,5.225353,9.36,0.0,0.0,-4.463043,0.3492,0
Q-03971,REP-05,Gold,1,0.0,0.0,1.0,0.0,0.0,9.798183,1.0,2.0,0.0,0.0,2.0,0.0,-3.812778,0.0,0
Q-03972,REP-03,Silver,1,0.0,0.0,1.0,0.0,0.0,8.594339,1.0,1.0,0.0,0.0,2.0,0.0,-4.278836,0.0,0
Q-03973,REP-03,Gold,1,0.0,0.0,1.0,0.0,0.0,9.392745,1.0,2.0,2.68,2.68,2.0,0.0,-1.598836,0.0,0
Q-03974,REP-01,Bronze,2,2.053846,3.56,2.0,1.0,0.576923,9.65509,0.423077,0.0,6.021538,8.56,0.0,0.0,0.445691,1.6169,2
Q-03975,REP-02,Bronze,3,3.83178,10.16,3.0,2.0,0.974576,10.76217,1.0,0.0,8.756271,15.16,0.0,1.0,2.566291,5.7296,2
Q-03976,REP-06,Silver,1,0.0,0.0,1.0,0.0,0.0,9.230241,1.0,1.0,2.56,2.56,2.0,1.0,-3.561462,0.265,0
Q-03977,REP-07,Gold,3,0.803059,1.68,3.0,1.0,0.478011,11.557908,0.538241,2.0,11.784398,12.24,1.0,1.0,2.638355,1.7371,1
Q-03978,REP-01,Silver,2,0.0,0.0,2.0,0.0,0.0,9.878221,1.0,1.0,3.303077,5.85,0.0,0.0,-2.27277,0.4925,0
Q-03979,REP-06,Gold,2,0.0,0.0,2.0,0.0,0.0,9.811427,0.0,2.0,4.373684,5.54,2.0,0.0,-1.747777,0.0,0
Q-03980,REP-07,Gold,3,0.002311,0.33,3.0,1.0,0.007003,11.81263,0.077809,2.0,9.909125,15.33,1.0,0.0,0.763082,0.4646,0
Q-03981,REP-04,Silver,2,0.054323,3.77,2.0,1.0,0.014409,9.761405,0.985591,1.0,6.870865,13.77,0.0,1.0,1.076869,1.3542,1
Q-03982,REP-03,Bronze,4,3.63652,7.66,4.0,2.0,0.537304,11.711006,0.836717,0.0,6.323038,12.66,2.0,0.0,2.044202,4.2587,2
Q-03983,REP-02,Gold,6,0.063773,0.96,6.0,1.0,0.06643,11.634267,0.620018,2.0,8.341196,11.44,0.0,1.0,2.151216,1.451,1
Q-03984,REP-01,Silver,2,0.0,0.0,2.0,0.0,0.0,7.673688,0.837209,1.0,3.093953,3.33,0.0,0.0,-2.481894,0.2584,0
Q-03985,REP-08,Bronze,3,4.400176,4.46,3.0,2.0,0.992512,11.534354,0.992512,0.0,9.362737,9.46,0.0,0.0,-0.325659,5.584,2
Q-03986,REP-05,Silver,6,0.10777,1.38,6.0,1.0,0.078094,11.249363,0.433424,1.0,2.273799,11.38,2.0,0.0,-1.538978,0.301,0
Q-03987,REP-08,Silver,4,8.22724,13.88,4.0,3.0,0.99807,11.155336,0.457568,1.0,18.225695,23.88,0.0,1.0,8.537299,6.8673,2
Q-03988,REP-06,Gold,1,0.0,0.0,1.0,0.0,0.0,8.594339,0.0,2.0,13.18,13.18,2.0,1.0,7.058538,0.0,0
Q-03989,REP-05,Silver,1,0.0,0.0,1.0,0.0,0.0,8.055475,0.0,1.0,4.47,4.47,2.0,1.0,0.657222,0.0,0
Q-03990,REP-08,Gold,3,0.400415,0.92,3.0,1.0,0.435233,9.580247,0.559585,2.0,11.606632,15.92,0.0,0.0,1.918236,0.2578,0
Q-03991,REP-03,Gold,2,0.0,0.0,2.0,0.0,0.0,10.325515,0.0,2.0,7.448033,14.37,2.0,1.0,3.169197,0.0,0
Q-03992,REP-08,Silver,4,6.094781,10.35,4.0,4.0,1.0,9.95826,0.582249,1.0,16.094781,20.35,0.0,1.0,6.406385,6.7205,2
Q-03993,REP-07,Bronze,4,2.072836,4.97,4.0,3.0,0.955224,10.889323,0.865672,0.0,7.005224,9.97,1.0,0.0,-2.140819,2.6303,2
Q-03994,REP-03,Silver,2,0.0,0.0,2.0,0.0,0.0,10.422311,0.357143,1.0,6.797857,7.1,2.0,1.0,2.519021,0.1064,0
Q-03995,REP-06,Bronze,4,1.664204,2.89,4.0,2.0,0.837237,11.119305,0.830122,0.0,6.637655,7.89,2.0,0.0,0.516193,2.1259,2
Q-03996,REP-02,Bronze,4,2.400611,5.75,4.0,2.0,0.421222,11.443586,0.463023,0.0,6.967138,10.75,0.0,1.0,0.777158,4.0936,2
Q-03997,REP-05,Silver,1,0.0,0.0,1.0,0.0,0.0,7.496097,1.0,1.0,0.0,0.0,2.0,0.0,-3.812778,0.0,0
Q-03998,REP-07,Gold,5,0.0,0.0,5.0,0.0,0.0,10.781889,0.037391,2.0,8.952177,13.8,1.0,0.0,-0.193866,0.0,0
Q-03999,REP-01,Silver,6,0.0,0.0,6.0,0.0,0.0,11.948538,0.29368,1.0,3.495786,5.69,0.0,0.0,-2.080061,1.2298,0
Q-04000,REP-03,Silver,3,0.0,0.0,3.0,0.0,0.0,9.665928,0.126823,1.0,4.242302,9.88,2.0,1.0,-0.036534,0.0,0
