basket_id,product_ids
B-00001,DOCK-01|LAPTOP-01|SETUP-01|SUPPORT-01
B-00002,MONITOR-01
B-00003,RACK-01|SERVER-01|SETUP-01|SUPPORT-01
B-00004,SETUP-01|SUPPORT-01|TRAINING-01
B-00005,CABLE-01|DOCK-01|MONITOR-01
B-00006,SETUP-01
B-00007,CABLE-01|LAPTOP-01|MONITOR-01|MOUSE-01
B-00008,SETUP-01
B-00009,DOCK-01|MONITOR-01
B-00010,DOCK-01|LAPTOP-01|MOUSE-01
B-00011,INSTALL-01|RACK-01|SERVER-01|SUPPORT-01
B-00012,LAPTOP-01
B-00013,LAPTOP-02|SERVER-01|SUPPORT-01|WARRANTY-01
B-00014,SETUP-01
B-00015,DOCK-01|LAPTOP-02|MONITOR-01|WARRANTY-01
B-00016,CLOUD-01|INSTALL-01|RACK-01|SERVER-01|SUPPORT-01
B-00017,MOUSE-01|SETUP-01
B-00018,CABLE-01|MONITOR-01
B-00019,CABLE-01|INSTALL-01|LAPTOP-01|MOUSE-01|RACK-01|SERVER-01
B-00020,DOCK-01|LAPTOP-02|MONITOR-01
B-00021,INSTALL-01|SERVER-01|SUPPORT-01
B-00022,MONITOR-01
B-00023,MONITOR-01
B-00024,SETUP-01
B-00025,LAPTOP-02|MONITOR-01|WARRANTY-01
B-00026,DOCK-01|LAPTOP-02|MONITOR-01
B-00027,CABLE-01|DOCK-01|MONITOR-01
B-00028,CABLE-01|LAPTOP-01|MOUSE-01
B-00029,CABLE-01|MONITOR-01
B-00030,CABLE-01|LAPTOP-01|MOUSE-01|SETUP-01|WARRANTY-01
B-00031,SETUP-01
B-00032,SETUP-01|SUPPORT-01|TRAINING-01
B-00033,SETUP-01|SUPPORT-01|TRAINING-01
B-00034,CABLE-01|MONITOR-01|SETUP-01
B-00035,INSTALL-01|RACK-01|SERVER-01|SUPPORT-01
B-00036,DOCK-01|LAPTOP-01|MONITOR-01|MOUSE-01
B-00037,CABLE-01|MONITOR-01
B-00038,CLOUD-01|DOCK-01|INSTALL-01|LAPTOP-02|RACK-01|SERVER-01|TRAINING-01
B-00039,DOCK-01|LAPTOP-01
B-00040,SETUP-01|SUPPORT-01|TRAINING-01
B-00041,SETUP-01
B-00042,RACK-01|SERVER-01|SUPPORT-01
B-00043,LAPTOP-02|SETUP-01|SUPPORT-01|TRAINING-01
B-00044,INSTALL-01|RACK-01|SERVER-01
B-00045,CLOUD-01|DOCK-01|LAPTOP-01|LAPTOP-02|RACK-01|SERVER-01|SUPPORT-01
B-00046,LAPTOP-02|MONITOR-01|SUPPORT-01
B-00047,SETUP-01|SUPPORT-01|TRAINING-01
B-00048,CABLE-01|DOCK-01|LAPTOP-01|MOUSE-01|RACK-01|WARRANTY-01
B-00049,CABLE-01|MONITOR-01
B-00050,CABLE-01|DOCK-01|MONITOR-01
B-00051,CLOUD-01|INSTALL-01|RACK-01|SERVER-01|SUPPORT-01
B-00052,DOCK-01|LAPTOP-01|MOUSE-01|WARRANTY-01
B-00053,LAPTOP-01|MOUSE-01|WARRANTY-01
B-00054,SERVER-01
B-00055,CABLE-01|DOCK-01|LAPTOP-01|WARRANTY-01
B-00056,SETUP-01|TRAINING-01
B-00057,DOCK-01|LAPTOP-02|MONITOR-01|TRAINING-01
B-00058,CABLE-01|DOCK-01|LAPTOP-01|SERVER-01
B-00059,LAPTOP-01|MOUSE-01|WARRANTY-01
B-00060,CABLE-01|DOCK-01|LAPTOP-01|MOUSE-01
B-00061,MONITOR-01
B-00062,RACK-01|SERVER-01|SUPPORT-01
B-00063,RACK-01|SERVER-01
B-00064,SETUP-01
B-00065,DOCK-01|LAPTOP-01|MOUSE-01|SETUP-01|WARRANTY-01
B-00066,CABLE-01|DOCK-01|LAPTOP-01
B-00067,CABLE-01|DOCK-01|MONITOR-01
B-00068,CABLE-01|DOCK-01|MONITOR-01
B-00069,CLOUD-01|INSTALL-01|RACK-01|SERVER-01|SUPPORT-01
B-00070,CLOUD-01|INSTALL-01|SERVER-01|SETUP-01|SUPPORT-01|TRAINING-01
B-00071,SETUP-01
B-00072,MONITOR-01
B-00073,RACK-01|SERVER-01
B-00074,CLOUD-01|DOCK-01|LAPTOP-01|MOUSE-01
B-00075,RACK-01|SETUP-01|SUPPORT-01
B-00076,LAPTOP-02|TRAINING-01
B-00077,DOCK-01|LAPTOP-01|MOUSE-01|SETUP-01
B-00078,DOCK-01|LAPTOP-01
B-00079,CLOUD-01|RACK-01|SERVER-01|SUPPORT-01
B-00080,SETUP-01
B-00081,DOCK-01|LAPTOP-01|SETUP-01
B-00082,CLOUD-01|RACK-01|SERVER-01
B-00083,CLOUD-01|INSTALL-01|SERVER-01|SUPPORT-01
B-00084,CABLE-01|DOCK-01|LAPTOP-02|MONITOR-01|TRAINING-01|WARRANTY-01
B-00085,CABLE-01|DOCK-01|LAPTOP-01|MOUSE-01|WARRANTY-01
B-00086,SETUP-01|TRAINING-01
B-00087,CLOUD-01|SERVER-01
B-00088,SETUP-01|SUPPORT-01
B-00089,CABLE-01|MONITOR-01
B-00090,SETUP-01|TRAINING-01
B-00091,INSTALL-01|RACK-01|SERVER-01|SUPPORT-01
B-00092,LAPTOP-02|RACK-01|SERVER-01|SUPPORT-01
B-00093,INSTALL-01|RACK-01|SERVER-01|SUPPORT-01
B-00094,SETUP-01|TRAINING-01
B-00095,DOCK-01|MONITOR-01
B-00096,CLOUD-01|INSTALL-01|RACK-01|SERVER-01
B-00097,DOCK-01|MONITOR-01|RACK-01
B-00098,CABLE-01|CLOUD-01|DOCK-01|LAPTOP-01|MOUSE-01
B-00099,DOCK-01|LAPTOP-01|MOUSE-01|SUPPORT-01|WARRANTY-01
B-00100,MONITOR-01
B-00101,INSTALL-01|RACK-01|SERVER-01|SUPPORT-01
B-00102,MONITOR-01
B-00103,SETUP-01
B-00104,CLOUD-01|RACK-01|SERVER-01|SUPPORT-01
B-00105,CABLE-01|DOCK-01|MONITOR-01
B-00106,LAPTOP-01|SUPPORT-01
B-00107,CLOUD-01|DOCK-01|MONITOR-01
B-00108,MONITOR-01
B-00109,LAPTOP-01
B-00110,CABLE-01|MONITOR-01|SETUP-01
B-00111,CABLE-01|DOCK-01|LAPTOP-01|MOUSE-01|WARRANTY-01
B-00112,CABLE-01|DOCK-01|LAPTOP-01|MOUSE-01|WARRANTY-01
B-00113,CABLE-01|DOCK-01|LAPTOP-01|MOUSE-01
B-00114,SETUP-01|TRAINING-01
B-00115,INSTALL-01|SERVER-01|SUPPORT-01
B-00116,CABLE-01|DOCK-01|MONITOR-01|RACK-01
B-00117,MONITOR-01
B-00118,DOCK-01|LAPTOP-01|MOUSE-01|WARRANTY-01
B-00119,SETUP-01
B-00120,DOCK-01|MONITOR-01|SETUP-01
B-00121,CLOUD-01|RACK-01|SERVER-01|SUPPORT-01
B-00122,LAPTOP-01|SETUP-01|TRAINING-01
B-00123,DOCK-01|MONITOR-01|RACK-01|SERVER-01|SUPPORT-01
B-00124,CABLE-01|DOCK-01|LAPTOP-01|MONITOR-01
B-00125,SETUP-01|TRAINING-01
B-00126,CABLE-01|MONITOR-01
B-00127,DOCK-01|LAPTOP-01|MOUSE-01
B-00128,DOCK-01|SETUP-01|TRAINING-01
B-00129,INSTALL-01|MONITOR-01|SERVER-01
B-00130,DOCK-01|LAPTOP-02
B-00131,SETUP-01
B-00132,DOCK-01|LAPTOP-01|MOUSE-01|SETUP-01
B-00133,DOCK-01|LAPTOP-02
B-00134,LAPTOP-02|WARRANTY-01
B-00135,DOCK-01|LAPTOP-01|MOUSE-01
B-00136,DOCK-01|LAPTOP-01|LAPTOP-02|SETUP-01|TRAINING-01
B-00137,CABLE-01|DOCK-01|LAPTOP-01|MOUSE-01
B-00138,DOCK-01|INSTALL-01|LAPTOP-02
B-00139,LAPTOP-02|WARRANTY-01
B-00140,LAPTOP-01|MOUSE-01|SUPPORT-01
B-00141,LAPTOP-02
B-00142,LAPTOP-02|MONITOR-01|WARRANTY-01
B-00143,SETUP-01|TRAINING-01
B-00144,SETUP-01
B-00145,CABLE-01|MONITOR-01
B-00146,CABLE-01|DOCK-01|LAPTOP-01|MONITOR-01
B-00147,MONITOR-01
B-00148,SETUP-01
B-00149,LAPTOP-02|MONITOR-01
B-00150,LAPTOP-01|LAPTOP-02|TRAINING-01
B-00151,CABLE-01|DOCK-01|MONITOR-01|SETUP-01
B-00152,SETUP-01|TRAINING-01
B-00153,LAPTOP-01|MOUSE-01
B-00154,CABLE-01|MONITOR-01
B-00155,SETUP-01
B-00156,CABLE-01|DOCK-01|LAPTOP-01|MOUSE-01|SETUP-01
B-00157,CLOUD-01|INSTALL-01|SERVER-01
B-00158,CABLE-01|MONITOR-01|SUPPORT-01
B-00159,SETUP-01
B-00160,SETUP-01|TRAINING-01
B-00161,DOCK-01|LAPTOP-01|MOUSE-01|WARRANTY-01
B-00162,SETUP-01
B-00163,LAPTOP-02|MONITOR-01|WARRANTY-01
B-00164,INSTALL-01|RACK-01|SERVER-01|TRAINING-01
B-00165,SETUP-01|TRAINING-01
B-00166,DOCK-01|LAPTOP-02|TRAINING-01|WARRANTY-01
B-00167,LAPTOP-02|MONITOR-01|WARRANTY-01
B-00168,CLOUD-01|MONITOR-01
B-00169,CABLE-01|MONITOR-01
B-00170,LAPTOP-02|WARRANTY-01
B-00171,LAPTOP-01|SETUP-01|SUPPORT-01
B-00172,SERVER-01|SUPPORT-01
B-00173,LAPTOP-02|SERVER-01
B-00174,SETUP-01
B-00175,MONITOR-01|RACK-01|SERVER-01|SUPPORT-01
B-00176,DOCK-01|LAPTOP-02|MONITOR-01|RACK-01|TRAINING-01
B-00177,DOCK-01|LAPTOP-02|MONITOR-01
B-00178,CLOUD-01|RACK-01|SERVER-01|SUPPORT-01
B-00179,DOCK-01|MONITOR-01
B-00180,RACK-01|SERVER-01|SUPPORT-01
B-00181,DOCK-01|LAPTOP-02|SERVER-01|SETUP-01
B-00182,RACK-01|SERVER-01|SUPPORT-01
B-00183,LAPTOP-02|SERVER-01|SUPPORT-01
B-00184,SETUP-01|SUPPORT-01|TRAINING-01|WARRANTY-01
B-00185,DOCK-01|LAPTOP-01|SETUP-01|TRAINING-01
B-00186,CABLE-01|CLOUD-01|INSTALL-01|LAPTOP-01|LAPTOP-02|MOUSE-01|RACK-01|SERVER-01|SETUP-01|SUPPORT-01
B-00187,CABLE-01|CLOUD-01|DOCK-01|LAPTOP-01
B-00188,SETUP-01|SUPPORT-01
B-00189,SETUP-01
B-00190,MONITOR-01
B-00191,SETUP-01
B-00192,SETUP-01
B-00193,RACK-01|SERVER-01|SUPPORT-01|WARRANTY-01
B-00194,SETUP-01
B-00195,RACK-01|SERVER-01
B-00196,LAPTOP-01|MOUSE-01|WARRANTY-01
B-00197,RACK-01|SERVER-01|SUPPORT-01
B-00198,SETUP-01|TRAINING-01
B-00199,SETUP-01
B-00200,DOCK-01|LAPTOP-02|WARRANTY-01
B-00201,MONITOR-01|SETUP-01
B-00202,CABLE-01|CLOUD-01|MONITOR-01
B-00203,CABLE-01|DOCK-01|MONITOR-01
B-00204,CABLE-01|LAPTOP-01|LAPTOP-02|WARRANTY-01
B-00205,DOCK-01|LAPTOP-02|TRAINING-01|WARRANTY-01
B-00206,CLOUD-01|INSTALL-01|RACK-01|SERVER-01
B-00207,LAPTOP-02|WARRANTY-01
B-00208,RACK-01|SERVER-01|SUPPORT-01
B-00209,MOUSE-01|SETUP-01|TRAINING-01
B-00210,DOCK-01|LAPTOP-02|TRAINING-01
B-00211,DOCK-01|LAPTOP-01|MOUSE-01
B-00212,LAPTOP-01|MOUSE-01|SETUP-01|WARRANTY-01
B-00213,DOCK-01|MONITOR-01|TRAINING-01
B-00214,CABLE-01|MONITOR-01
B-00215,LAPTOP-02|WARRANTY-01
B-00216,SETUP-01|SUPPORT-01
B-00217,LAPTOP-02|SETUP-01|TRAINING-01|WARRANTY-01
B-00218,DOCK-01|LAPTOP-02|WARRANTY-01
B-00219,CABLE-01|MONITOR-01|SETUP-01
B-00220,SETUP-01|SUPPORT-01
B-00221,SETUP-01|SUPPORT-01
B-00222,SETUP-01|TRAINING-01
B-00223,MONITOR-01
B-00224,LAPTOP-01|MOUSE-01|WARRANTY-01
B-00225,DOCK-01|LAPTOP-01|MOUSE-01|WARRANTY-01
B-00226,SETUP-01|SUPPORT-01
B-00227,LAPTOP-01|MOUSE-01|WARRANTY-01
B-00228,SETUP-01|SUPPORT-01
B-00229,DOCK-01|LAPTOP-02|WARRANTY-01
B-00230,SETUP-01
B-00231,RACK-01|SERVER-01
B-00232,LAPTOP-02|WARRANTY-01
B-00233,DOCK-01|LAPTOP-02|MONITOR-01|WARRANTY-01
B-00234,SETUP-01|SUPPORT-01
B-00235,CABLE-01|MONITOR-01|RACK-01
B-00236,SETUP-01
B-00237,DOCK-01|LAPTOP-02|WARRANTY-01
B-00238,DOCK-01|LAPTOP-01|MOUSE-01
B-00239,CABLE-01|MONITOR-01
B-00240,LAPTOP-01|MONITOR-01|WARRANTY-01
B-00241,CLOUD-01|RACK-01|SERVER-01|SETUP-01|TRAINING-01
B-00242,CABLE-01|DOCK-01|MONITOR-01
B-00243,SETUP-01
B-00244,CABLE-01|MONITOR-01
B-00245,CLOUD-01|DOCK-01|LAPTOP-02|MONITOR-01
B-00246,LAPTOP-02|WARRANTY-01
B-00247,LAPTOP-02|WARRANTY-01
B-00248,CLOUD-01|INSTALL-01|RACK-01|SERVER-01
B-00249,DOCK-01|LAPTOP-02|WARRANTY-01
B-00250,CABLE-01|LAPTOP-01|WARRANTY-01
B-00251,MONITOR-01
B-00252,MONITOR-01
B-00253,CABLE-01|MONITOR-01
B-00254,CABLE-01|MONITOR-01
B-00255,INSTALL-01|LAPTOP-01|SERVER-01|SUPPORT-01
B-00256,SETUP-01|SUPPORT-01|TRAINING-01
B-00257,DOCK-01|LAPTOP-01|MOUSE-01
B-00258,CLOUD-01|INSTALL-01|LAPTOP-02|RACK-01|SERVER-01|SUPPORT-01|TRAINING-01|WARRANTY-01
B-00259,CABLE-01|DOCK-01|MONITOR-01
B-00260,CABLE-01|MONITOR-01
B-00261,SETUP-01
B-00262,CABLE-01|MONITOR-01
B-00263,DOCK-01|LAPTOP-02
B-00264,CABLE-01|LAPTOP-01
B-00265,CABLE-01|MONITOR-01
B-00266,DOCK-01|LAPTOP-01|MOUSE-01|SETUP-01|WARRANTY-01
B-00267,INSTALL-01|LAPTOP-02|SERVER-01|SUPPORT-01
B-00268,CABLE-01|DOCK-01|MONITOR-01
B-00269,DOCK-01|LAPTOP-01|MOUSE-01
B-00270,CABLE-01|LAPTOP-01|MOUSE-01|WARRANTY-01
B-00271,SETUP-01|TRAINING-01
B-00272,DOCK-01|MONITOR-01
B-00273,LAPTOP-01|MOUSE-01|WARRANTY-01
B-00274,MONITOR-01
B-00275,INSTALL-01|MONITOR-01|RACK-01|SERVER-01
B-00276,SETUP-01|SUPPORT-01|TRAINING-01
B-00277,INSTALL-01|LAPTOP-02|SERVER-01|TRAINING-01
B-00278,SETUP-01
B-00279,SETUP-01
B-00280,SETUP-01|TRAINING-01
B-00281,SETUP-01|SUPPORT-01|TRAINING-01
B-00282,CABLE-01|INSTALL-01|MONITOR-01
B-00283,RACK-01|SERVER-01|SUPPORT-01
B-00284,DOCK-01|LAPTOP-02|MONITOR-01|TRAINING-01
B-00285,SETUP-01|SUPPORT-01
B-00286,SETUP-01|SUPPORT-01|TRAINING-01
B-00287,SETUP-01|SUPPORT-01|TRAINING-01
B-00288,LAPTOP-02|MONITOR-01
B-00289,LAPTOP-01|WARRANTY-01
B-00290,CABLE-01|MONITOR-01
B-00291,SETUP-01
B-00292,MONITOR-01
B-00293,CABLE-01|DOCK-01|LAPTOP-02|MONITOR-01
B-00294,DOCK-01|LAPTOP-01|LAPTOP-02
B-00295,INSTALL-01|SERVER-01|SUPPORT-01
B-00296,SERVER-01|SUPPORT-01
B-00297,SETUP-01|TRAINING-01
B-00298,DOCK-01|LAPTOP-02|MONITOR-01
B-00299,DOCK-01|LAPTOP-02|MONITOR-01
B-00300,MONITOR-01|WARRANTY-01
B-00301,CLOUD-01|INSTALL-01|RACK-01|SERVER-01
B-00302,SETUP-01
B-00303,LAPTOP-01|MOUSE-01
B-00304,LAPTOP-02|MOUSE-01|TRAINING-01|WARRANTY-01
B-00305,DOCK-01|LAPTOP-02|MONITOR-01
B-00306,INSTALL-01|RACK-01|SERVER-01|SUPPORT-01
B-00307,CABLE-01|MONITOR-01
B-00308,MONITOR-01|SETUP-01
B-00309,CABLE-01|MONITOR-01
B-00310,DOCK-01|LAPTOP-02|MONITOR-01
B-00311,DOCK-01|LAPTOP-02|WARRANTY-01
B-00312,CABLE-01|MONITOR-01
B-00313,CABLE-01|LAPTOP-01|MOUSE-01
B-00314,CABLE-01|MONITOR-01
B-00315,MONITOR-01
B-00316,DOCK-01|LAPTOP-02|SERVER-01|WARRANTY-01
B-00317,CABLE-01|DOCK-01|MONITOR-01|RACK-01
B-00318,INSTALL-01|RACK-01|SERVER-01
B-00319,INSTALL-01|SERVER-01|SUPPORT-01
B-00320,SETUP-01
B-00321,SETUP-01|SUPPORT-01|TRAINING-01
B-00322,CLOUD-01|DOCK-01|LAPTOP-01|MOUSE-01|SERVER-01|SUPPORT-01|WARRANTY-01
B-00323,CLOUD-01|DOCK-01|LAPTOP-02|TRAINING-01
B-00324,SETUP-01|TRAINING-01
B-00325,DOCK-01|LAPTOP-02
B-00326,LAPTOP-01|MOUSE-01
B-00327,DOCK-01|LAPTOP-01
B-00328,MONITOR-01|SETUP-01|SUPPORT-01
B-00329,LAPTOP-02|SETUP-01|WARRANTY-01
B-00330,DOCK-01|LAPTOP-02|MONITOR-01|WARRANTY-01
B-00331,SETUP-01
B-00332,INSTALL-01|LAPTOP-02|TRAINING-01
B-00333,RACK-01|SERVER-01
B-00334,CABLE-01|DOCK-01|MONITOR-01
B-00335,CABLE-01|DOCK-01|LAPTOP-01|SETUP-01|WARRANTY-01
B-00336,CLOUD-01|INSTALL-01|SERVER-01|SETUP-01
B-00337,DOCK-01|LAPTOP-01|SETUP-01|WARRANTY-01
B-00338,SETUP-01
B-00339,SETUP-01
B-00340,DOCK-01|LAPTOP-02|MONITOR-01|TRAINING-01|WARRANTY-01
B-00341,CLOUD-01|INSTALL-01|RACK-01|SERVER-01|SUPPORT-01
B-00342,DOCK-01|LAPTOP-02|MONITOR-01
B-00343,SETUP-01|TRAINING-01
B-00344,DOCK-01|LAPTOP-02
B-00345,CLOUD-01|RACK-01|SERVER-01|SETUP-01|TRAINING-01
B-00346,CABLE-01|DOCK-01|MONITOR-01
B-00347,MONITOR-01
B-00348,LAPTOP-02|RACK-01|SERVER-01|WARRANTY-01
B-00349,LAPTOP-02|MONITOR-01
B-00350,SETUP-01|TRAINING-01
B-00351,LAPTOP-02
B-00352,CABLE-01|DOCK-01|LAPTOP-01|MOUSE-01
B-00353,CLOUD-01|INSTALL-01|RACK-01|SERVER-01
B-00354,CABLE-01|MONITOR-01|RACK-01
B-00355,DOCK-01|LAPTOP-01|MOUSE-01|WARRANTY-01
B-00356,CABLE-01|MONITOR-01
B-00357,LAPTOP-02|TRAINING-01
B-00358,SETUP-01
B-00359,CLOUD-01|DOCK-01|LAPTOP-01|MONITOR-01|MOUSE-01|WARRANTY-01
B-00360,SERVER-01
B-00361,CABLE-01|MONITOR-01
B-00362,SETUP-01
B-00363,DOCK-01|LAPTOP-02|TRAINING-01
B-00364,DOCK-01|LAPTOP-01|MOUSE-01|SETUP-01|WARRANTY-01
B-00365,CABLE-01|DOCK-01|MONITOR-01
B-00366,DOCK-01|LAPTOP-02
B-00367,CABLE-01|DOCK-01|MONITOR-01
B-00368,SETUP-01|SUPPORT-01|TRAINING-01
B-00369,CABLE-01|DOCK-01|LAPTOP-01|MOUSE-01
B-00370,DOCK-01|LAPTOP-01|SETUP-01|SUPPORT-01
B-00371,CABLE-01|CLOUD-01|INSTALL-01|MONITOR-01|SERVER-01|SUPPORT-01
B-00372,CABLE-01|DOCK-01|MONITOR-01|SERVER-01
B-00373,MONITOR-01
B-00374,INSTALL-01|LAPTOP-01|MOUSE-01|SERVER-01|SETUP-01|WARRANTY-01
B-00375,INSTALL-01|RACK-01|SERVER-01|SETUP-01
B-00376,INSTALL-01|RACK-01|SERVER-01|SUPPORT-01
B-00377,CABLE-01|MONITOR-01|RACK-01|SETUP-01|TRAINING-01
B-00378,MONITOR-01
B-00379,CLOUD-01|SERVER-01|SETUP-01|SUPPORT-01|WARRANTY-01
B-00380,DOCK-01|INSTALL-01|LAPTOP-02|MONITOR-01|RACK-01|SERVER-01|SUPPORT-01
B-00381,SETUP-01
B-00382,LAPTOP-02|TRAINING-01
B-00383,INSTALL-01|RACK-01|SERVER-01
B-00384,DOCK-01|MONITOR-01
B-00385,INSTALL-01|RACK-01|SERVER-01
B-00386,MONITOR-01|SERVER-01|SUPPORT-01
B-00387,DOCK-01|LAPTOP-02
B-00388,LAPTOP-02|SETUP-01|SUPPORT-01
B-00389,CABLE-01|MONITOR-01|SERVER-01|SUPPORT-01
B-00390,SETUP-01|TRAINING-01
B-00391,LAPTOP-02|WARRANTY-01
B-00392,DOCK-01|LAPTOP-01|MONITOR-01|MOUSE-01|TRAINING-01|WARRANTY-01
B-00393,DOCK-01|LAPTOP-02|MONITOR-01|TRAINING-01
B-00394,DOCK-01|LAPTOP-01|SETUP-01|WARRANTY-01
B-00395,SETUP-01
B-00396,INSTALL-01|RACK-01|SERVER-01
B-00397,SETUP-01|SUPPORT-01
B-00398,CABLE-01|LAPTOP-01|MOUSE-01|WARRANTY-01
B-00399,DOCK-01|LAPTOP-02|MONITOR-01|TRAINING-01
B-00400,DOCK-01|LAPTOP-01|LAPTOP-02|MONITOR-01|SETUP-01|TRAINING-01
B-00401,SETUP-01|SUPPORT-01
B-00402,LAPTOP-02|MONITOR-01|TRAINING-01
B-00403,SETUP-01|SUPPORT-01|TRAINING-01
B-00404,CABLE-01|DOCK-01|LAPTOP-01|MONITOR-01|MOUSE-01|WARRANTY-01
B-00405,INSTALL-01|RACK-01|SERVER-01|SUPPORT-01
B-00406,CABLE-01|DOCK-01|MONITOR-01|WARRANTY-01
B-00407,CABLE-01|MONITOR-01
B-00408,SETUP-01|TRAINING-01
B-00409,DOCK-01|LAPTOP-01|WARRANTY-01
B-00410,INSTALL-01|RACK-01|SERVER-01|SUPPORT-01
B-00411,DOCK-01|LAPTOP-01|MOUSE-01|TRAINING-01
B-00412,CABLE-01|DOCK-01|LAPTOP-01|SETUP-01
B-00413,DOCK-01|LAPTOP-01|MOUSE-01|WARRANTY-01
B-00414,SETUP-01|SUPPORT-01
B-00415,CABLE-01|DOCK-01|LAPTOP-01|MOUSE-01|WARRANTY-01
B-00416,CABLE-01|LAPTOP-02|MONITOR-01
B-00417,CABLE-01|MONITOR-01|TRAINING-01
B-00418,DOCK-01|LAPTOP-02|SERVER-01|TRAINING-01|WARRANTY-01
B-00419,CLOUD-01|RACK-01|SERVER-01|SUPPORT-01
B-00420,SETUP-01
B-00421,DOCK-01|LAPTOP-02
B-00422,DOCK-01|LAPTOP-01|MOUSE-01
B-00423,DOCK-01|LAPTOP-02|MONITOR-01|TRAINING-01|WARRANTY-01
B-00424,DOCK-01|LAPTOP-01|MOUSE-01
B-00425,LAPTOP-02|WARRANTY-01
B-00426,INSTALL-01|LAPTOP-02|MONITOR-01|RACK-01|SERVER-01
B-00427,SETUP-01
B-00428,DOCK-01|LAPTOP-01
B-00429,CLOUD-01|INSTALL-01|RACK-01|SERVER-01|SUPPORT-01
B-00430,DOCK-01|LAPTOP-02|TRAINING-01|WARRANTY-01
B-00431,LAPTOP-02|MONITOR-01|TRAINING-01|WARRANTY-01
B-00432,SETUP-01|SUPPORT-01
B-00433,CLOUD-01|INSTALL-01|SERVER-01|SUPPORT-01
B-00434,LAPTOP-01|SETUP-01
B-00435,INSTALL-01|LAPTOP-02|MONITOR-01|SERVER-01
B-00436,INSTALL-01|SERVER-01
B-00437,SETUP-01|SUPPORT-01
B-00438,LAPTOP-02|MONITOR-01|TRAINING-01
B-00439,SETUP-01
B-00440,DOCK-01|LAPTOP-01|MOUSE-01|WARRANTY-01
B-00441,CLOUD-01|INSTALL-01|SERVER-01|SUPPORT-01
B-00442,SERVER-01
B-00443,DOCK-01|LAPTOP-02
B-00444,SETUP-01|SUPPORT-01
B-00445,DOCK-01|LAPTOP-02|MONITOR-01|TRAINING-01
B-00446,CABLE-01|MONITOR-01|SERVER-01
B-00447,LAPTOP-02|MOUSE-01|WARRANTY-01
B-00448,CABLE-01|MONITOR-01|SERVER-01|SUPPORT-01
B-00449,INSTALL-01|RACK-01|SERVER-01|SUPPORT-01
B-00450,INSTALL-01|SERVER-01|SUPPORT-01
B-00451,CABLE-01|DOCK-01|MONITOR-01
B-00452,CABLE-01|DOCK-01|LAPTOP-01
B-00453,CLOUD-01|INSTALL-01|RACK-01|SERVER-01
B-00454,DOCK-01|LAPTOP-02|WARRANTY-01
B-00455,SETUP-01|TRAINING-01
B-00456,CABLE-01|DOCK-01|MONITOR-01|SERVER-01
B-00457,LAPTOP-01|WARRANTY-01
B-00458,SETUP-01
B-00459,SETUP-01|SUPPORT-01
B-00460,CABLE-01|SETUP-01
B-00461,DOCK-01|LAPTOP-02|MONITOR-01
B-00462,CABLE-01|MONITOR-01|SUPPORT-01
B-00463,LAPTOP-02
B-00464,MONITOR-01
B-00465,DOCK-01|LAPTOP-01|MOUSE-01|SETUP-01
B-00466,SETUP-01|SUPPORT-01|TRAINING-01
B-00467,CABLE-01|LAPTOP-01|MOUSE-01
B-00468,MOUSE-01|RACK-01|SERVER-01|SUPPORT-01
B-00469,CABLE-01|DOCK-01|LAPTOP-01|MONITOR-01|MOUSE-01|SETUP-01|WARRANTY-01
B-00470,CABLE-01|MONITOR-01
B-00471,DOCK-01|MONITOR-01
B-00472,RACK-01|SERVER-01
B-00473,CABLE-01|MONITOR-01
B-00474,SERVER-01|SUPPORT-01
B-00475,CLOUD-01|RACK-01|SERVER-01
B-00476,LAPTOP-02|WARRANTY-01
B-00477,SETUP-01|TRAINING-01
B-00478,SETUP-01|TRAINING-01
B-00479,CABLE-01|MONITOR-01
B-00480,INSTALL-01|SERVER-01|SUPPORT-01|TRAINING-01
B-00481,INSTALL-01|SERVER-01
B-00482,SETUP-01
B-00483,LAPTOP-02|SETUP-01
B-00484,DOCK-01|LAPTOP-01
B-00485,LAPTOP-02|MONITOR-01
B-00486,SETUP-01|TRAINING-01
B-00487,DOCK-01|LAPTOP-02|MONITOR-01|WARRANTY-01
B-00488,DOCK-01|LAPTOP-02|MONITOR-01
B-00489,SETUP-01
B-00490,DOCK-01|LAPTOP-02|RACK-01|TRAINING-01
B-00491,LAPTOP-02
B-00492,MONITOR-01
B-00493,SETUP-01|SUPPORT-01
B-00494,INSTALL-01|RACK-01|SERVER-01
B-00495,SETUP-01|SUPPORT-01
B-00496,CABLE-01|DOCK-01|LAPTOP-01|MOUSE-01|SETUP-01
B-00497,CABLE-01|MONITOR-01
B-00498,CLOUD-01|INSTALL-01|SERVER-01|SETUP-01
B-00499,SETUP-01|TRAINING-01
B-00500,DOCK-01|MONITOR-01|SERVER-01|SUPPORT-01
B-00501,DOCK-01|RACK-01|SERVER-01
B-00502,DOCK-01|LAPTOP-02|TRAINING-01
B-00503,CABLE-01|DOCK-01|MONITOR-01|SERVER-01
B-00504,LAPTOP-01|MOUSE-01|SETUP-01|WARRANTY-01
B-00505,SETUP-01|TRAINING-01
B-00506,DOCK-01|LAPTOP-01|MOUSE-01
B-00507,INSTALL-01|RACK-01|SERVER-01
B-00508,DOCK-01|LAPTOP-02|WARRANTY-01
B-00509,DOCK-01|LAPTOP-02|SETUP-01|TRAINING-01
B-00510,DOCK-01|LAPTOP-02|MONITOR-01|WARRANTY-01
B-00511,LAPTOP-01|WARRANTY-01
B-00512,MONITOR-01
B-00513,SETUP-01|TRAINING-01
B-00514,DOCK-01|MONITOR-01
B-00515,LAPTOP-01|MOUSE-01
B-00516,DOCK-01|LAPTOP-01|MOUSE-01
B-00517,LAPTOP-02|MONITOR-01
B-00518,DOCK-01|LAPTOP-02|MONITOR-01|WARRANTY-01
B-00519,INSTALL-01|LAPTOP-01|MOUSE-01
B-00520,DOCK-01|LAPTOP-01|MOUSE-01
B-00521,LAPTOP-01|LAPTOP-02|MOUSE-01|WARRANTY-01
B-00522,LAPTOP-02|TRAINING-01|WARRANTY-01
B-00523,MONITOR-01|MOUSE-01
B-00524,DOCK-01|LAPTOP-02|MONITOR-01|WARRANTY-01
B-00525,DOCK-01|LAPTOP-02|SUPPORT-01|WARRANTY-01
B-00526,CLOUD-01|DOCK-01|LAPTOP-02|MONITOR-01|WARRANTY-01
B-00527,DOCK-01|LAPTOP-02|MONITOR-01
B-00528,DOCK-01|INSTALL-01|LAPTOP-02|SETUP-01|WARRANTY-01
B-00529,SETUP-01|TRAINING-01
B-00530,CABLE-01|LAPTOP-01|WARRANTY-01
B-00531,SETUP-01
B-00532,MONITOR-01|RACK-01|SERVER-01|SUPPORT-01
B-00533,SETUP-01|WARRANTY-01
B-00534,CABLE-01|LAPTOP-01|MOUSE-01
B-00535,INSTALL-01|SETUP-01
B-00536,INSTALL-01|LAPTOP-02|SERVER-01|SUPPORT-01
B-00537,MONITOR-01|SERVER-01
B-00538,INSTALL-01|SERVER-01|SUPPORT-01|TRAINING-01
B-00539,LAPTOP-02|MONITOR-01|WARRANTY-01
B-00540,CABLE-01|DOCK-01|LAPTOP-01|MOUSE-01
B-00541,SETUP-01|TRAINING-01
B-00542,INSTALL-01|RACK-01|SERVER-01|SUPPORT-01
B-00543,DOCK-01|LAPTOP-01|MOUSE-01
B-00544,DOCK-01|LAPTOP-01|MOUSE-01
B-00545,CABLE-01|DOCK-01|LAPTOP-01|MOUSE-01|TRAINING-01
B-00546,DOCK-01|LAPTOP-02|WARRANTY-01
B-00547,DOCK-01|LAPTOP-01
B-00548,CABLE-01|DOCK-01|LAPTOP-01|MONITOR-01|MOUSE-01|SETUP-01
B-00549,DOCK-01|LAPTOP-02|SERVER-01
B-00550,CLOUD-01|INSTALL-01|RACK-01|SERVER-01
B-00551,MONITOR-01
B-00552,DOCK-01|LAPTOP-01|LAPTOP-02|MOUSE-01|TRAINING-01
B-00553,CABLE-01|LAPTOP-01|MOUSE-01|WARRANTY-01
B-00554,SETUP-01
B-00555,MONITOR-01
B-00556,RACK-01|SERVER-01|SUPPORT-01
B-00557,INSTALL-01|RACK-01|SERVER-01|SUPPORT-01
B-00558,SETUP-01|TRAINING-01
B-00559,LAPTOP-02
B-00560,SETUP-01|SUPPORT-01|TRAINING-01
B-00561,SETUP-01
B-00562,SERVER-01|SETUP-01|SUPPORT-01
B-00563,CLOUD-01|MONITOR-01
B-00564,DOCK-01|LAPTOP-01|MOUSE-01|SETUP-01|WARRANTY-01
B-00565,CABLE-01|DOCK-01|LAPTOP-01|MONITOR-01
B-00566,RACK-01|SERVER-01
B-00567,SETUP-01|TRAINING-01
B-00568,INSTALL-01|RACK-01|SERVER-01|SUPPORT-01
B-00569,LAPTOP-01|MONITOR-01|MOUSE-01
B-00570,LAPTOP-01
B-00571,CLOUD-01|DOCK-01|INSTALL-01|RACK-01|SERVER-01
B-00572,DOCK-01|LAPTOP-01|MOUSE-01|SERVER-01
B-00573,DOCK-01|MONITOR-01
B-00574,MONITOR-01|SERVER-01
B-00575,DOCK-01|LAPTOP-01|WARRANTY-01
B-00576,SETUP-01
B-00577,RACK-01|SERVER-01|SUPPORT-01
B-00578,DOCK-01|LAPTOP-01|MOUSE-01|WARRANTY-01
B-00579,RACK-01|SERVER-01
B-00580,LAPTOP-01|SETUP-01|SUPPORT-01
B-00581,MONITOR-01
B-00582,CABLE-01|MONITOR-01
B-00583,LAPTOP-01|MOUSE-01|WARRANTY-01
B-00584,SETUP-01|TRAINING-01|WARRANTY-01
B-00585,SETUP-01|SUPPORT-01
B-00586,DOCK-01|LAPTOP-02|MONITOR-01|SETUP-01|SUPPORT-01|TRAINING-01|WARRANTY-01
B-00587,LAPTOP-02|MONITOR-01|SETUP-01|WARRANTY-01
B-00588,CABLE-01|MONITOR-01|RACK-01|SERVER-01|SUPPORT-01
B-00589,LAPTOP-01|MOUSE-01|SETUP-01|TRAINING-01
B-00590,LAPTOP-01|MOUSE-01|SETUP-01
B-00591,MONITOR-01
B-00592,DOCK-01|LAPTOP-01|WARRANTY-01
B-00593,DOCK-01|LAPTOP-02|MONITOR-01
B-00594,LAPTOP-01|MOUSE-01|WARRANTY-01
B-00595,INSTALL-01|MONITOR-01
B-00596,LAPTOP-01|MOUSE-01
B-00597,DOCK-01|LAPTOP-01|MOUSE-01|SETUP-01
B-00598,DOCK-01|LAPTOP-01
B-00599,CABLE-01|DOCK-01|LAPTOP-01
B-00600,SETUP-01|SUPPORT-01|TRAINING-01
B-00601,CABLE-01|DOCK-01|LAPTOP-01|MOUSE-01|WARRANTY-01
B-00602,DOCK-01|LAPTOP-02|TRAINING-01
B-00603,DOCK-01|LAPTOP-01|MONITOR-01
B-00604,DOCK-01|MONITOR-01|SERVER-01
B-00605,SETUP-01
B-00606,INSTALL-01|RACK-01|SERVER-01
B-00607,DOCK-01|LAPTOP-02
B-00608,DOCK-01|LAPTOP-02|WARRANTY-01
B-00609,INSTALL-01|SERVER-01|SUPPORT-01
B-00610,DOCK-01|LAPTOP-02|MONITOR-01
B-00611,SETUP-01|TRAINING-01
B-00612,CABLE-01|DOCK-01|LAPTOP-01|MOUSE-01|WARRANTY-01
B-00613,CABLE-01|MONITOR-01|SETUP-01
B-00614,LAPTOP-02|MOUSE-01|WARRANTY-01
B-00615,CABLE-01|DOCK-01|LAPTOP-01|MONITOR-01
B-00616,CABLE-01|MONITOR-01|RACK-01|SERVER-01|SUPPORT-01
B-00617,MONITOR-01
B-00618,CABLE-01|MONITOR-01
B-00619,SETUP-01|TRAINING-01
B-00620,CABLE-01|DOCK-01|LAPTOP-01|MOUSE-01|RACK-01|WARRANTY-01
B-00621,LAPTOP-02|RACK-01|SERVER-01|SUPPORT-01|TRAINING-01
B-00622,DOCK-01|LAPTOP-02|TRAINING-01|WARRANTY-01
B-00623,LAPTOP-02|MONITOR-01|TRAINING-01
B-00624,INSTALL-01|RACK-01|SERVER-01|SETUP-01|TRAINING-01
B-00625,DOCK-01|LAPTOP-02|MONITOR-01
B-00626,SETUP-01
B-00627,DOCK-01|LAPTOP-01
B-00628,DOCK-01|LAPTOP-01|LAPTOP-02|WARRANTY-01
B-00629,INSTALL-01|LAPTOP-02|RACK-01|SERVER-01|WARRANTY-01
B-00630,DOCK-01|LAPTOP-01|SETUP-01
B-00631,CABLE-01|INSTALL-01|LAPTOP-01|MOUSE-01|RACK-01|SERVER-01|WARRANTY-01
B-00632,CABLE-01|MONITOR-01
B-00633,DOCK-01|INSTALL-01|LAPTOP-01|LAPTOP-02|WARRANTY-01
B-00634,RACK-01|SERVER-01
B-00635,CABLE-01|DOCK-01|MONITOR-01
B-00636,MOUSE-01|SETUP-01|SUPPORT-01|TRAINING-01
B-00637,MONITOR-01
B-00638,CLOUD-01|INSTALL-01|RACK-01|SERVER-01|SUPPORT-01
B-00639,MONITOR-01
B-00640,LAPTOP-01|MOUSE-01
B-00641,CLOUD-01|SERVER-01
B-00642,LAPTOP-01|MONITOR-01
B-00643,INSTALL-01|LAPTOP-02|RACK-01|SERVER-01
B-00644,SERVER-01
B-00645,RACK-01|SERVER-01
B-00646,CABLE-01|MONITOR-01
B-00647,INSTALL-01|RACK-01|SERVER-01
B-00648,DOCK-01|LAPTOP-01|LAPTOP-02|SETUP-01
B-00649,CABLE-01|MONITOR-01
B-00650,LAPTOP-01|MOUSE-01|SETUP-01|WARRANTY-01
B-00651,CLOUD-01|LAPTOP-02|RACK-01|SERVER-01|SUPPORT-01
B-00652,DOCK-01|LAPTOP-01|MOUSE-01|WARRANTY-01
B-00653,DOCK-01|LAPTOP-02|WARRANTY-01
B-00654,CABLE-01|LAPTOP-01|MOUSE-01|WARRANTY-01
B-00655,LAPTOP-01|MONITOR-01|MOUSE-01
B-00656,MONITOR-01
B-00657,SETUP-01
B-00658,CABLE-01|LAPTOP-01|MOUSE-01
B-00659,RACK-01|SERVER-01|SUPPORT-01
B-00660,INSTALL-01|SERVER-01
B-00661,CABLE-01|MONITOR-01
B-00662,DOCK-01|LAPTOP-02|MONITOR-01|WARRANTY-01
B-00663,MONITOR-01|SETUP-01
B-00664,CABLE-01|LAPTOP-01|MOUSE-01|WARRANTY-01
B-00665,CABLE-01|DOCK-01|MONITOR-01
B-00666,CLOUD-01|DOCK-01|LAPTOP-01|MOUSE-01|WARRANTY-01
B-00667,CABLE-01|LAPTOP-02|MONITOR-01|SETUP-01
B-00668,CABLE-01|MONITOR-01
B-00669,RACK-01|SERVER-01
B-00670,INSTALL-01|LAPTOP-02|SERVER-01|SUPPORT-01
B-00671,LAPTOP-02
B-00672,SETUP-01|SUPPORT-01
B-00673,MONITOR-01
B-00674,SETUP-01
B-00675,DOCK-01|INSTALL-01|MONITOR-01|SERVER-01
B-00676,DOCK-01|LAPTOP-02|WARRANTY-01
B-00677,MONITOR-01|SETUP-01
B-00678,CABLE-01|MONITOR-01
B-00679,DOCK-01|LAPTOP-01|MOUSE-01
B-00680,CABLE-01|LAPTOP-01|RACK-01|SERVER-01|SUPPORT-01
B-00681,LAPTOP-01|MOUSE-01|WARRANTY-01
B-00682,DOCK-01|MONITOR-01
B-00683,DOCK-01|LAPTOP-02|MONITOR-01|SETUP-01|SUPPORT-01|WARRANTY-01
B-00684,DOCK-01|LAPTOP-02
B-00685,MONITOR-01|SETUP-01
B-00686,DOCK-01|LAPTOP-02|MOUSE-01
B-00687,INSTALL-01|RACK-01|SERVER-01|SUPPORT-01
B-00688,RACK-01|SERVER-01
B-00689,SETUP-01|SUPPORT-01|TRAINING-01
B-00690,DOCK-01|INSTALL-01|MONITOR-01|SERVER-01
B-00691,LAPTOP-01|MOUSE-01|WARRANTY-01
B-00692,MONITOR-01
B-00693,INSTALL-01|RACK-01|SERVER-01|SUPPORT-01
B-00694,CLOUD-01|MONITOR-01|SERVER-01
B-00695,CLOUD-01|SERVER-01|SUPPORT-01
B-00696,SETUP-01
B-00697,LAPTOP-01|MOUSE-01|WARRANTY-01
B-00698,DOCK-01|LAPTOP-02|SUPPORT-01
B-00699,SETUP-01|TRAINING-01
B-00700,LAPTOP-02|SETUP-01
B-00701,DOCK-01|MONITOR-01|SERVER-01
B-00702,MONITOR-01
B-00703,LAPTOP-01|RACK-01|SERVER-01|SUPPORT-01
B-00704,RACK-01|SERVER-01
B-00705,DOCK-01|LAPTOP-02|MONITOR-01
B-00706,CABLE-01|CLOUD-01|INSTALL-01|SERVER-01
B-00707,CLOUD-01|INSTALL-01|RACK-01|SERVER-01
B-00708,DOCK-01|LAPTOP-02|MONITOR-01|RACK-01|SERVER-01|SUPPORT-01
B-00709,RACK-01|SERVER-01|SUPPORT-01
B-00710,DOCK-01|LAPTOP-01|MOUSE-01|WARRANTY-01
B-00711,MONITOR-01
B-00712,LAPTOP-01|RACK-01|SERVER-01
B-00713,SETUP-01
B-00714,SETUP-01|TRAINING-01
B-00715,CABLE-01|LAPTOP-01|MONITOR-01|MOUSE-01|WARRANTY-01
B-00716,CLOUD-01|SERVER-01|SETUP-01|SUPPORT-01
B-00717,DOCK-01|MONITOR-01|SETUP-01
B-00718,DOCK-01|MONITOR-01
B-00719,DOCK-01|LAPTOP-02
B-00720,CLOUD-01|SERVER-01
B-00721,SETUP-01
B-00722,SETUP-01|SUPPORT-01
B-00723,SERVER-01
B-00724,DOCK-01|LAPTOP-02|MONITOR-01
B-00725,CLOUD-01|INSTALL-01|RACK-01|SERVER-01|SETUP-01
B-00726,LAPTOP-02|MONITOR-01|TRAINING-01|WARRANTY-01
B-00727,LAPTOP-02|MONITOR-01
B-00728,LAPTOP-02|TRAINING-01
B-00729,LAPTOP-02|MONITOR-01
B-00730,CLOUD-01|MONITOR-01|SERVER-01|SUPPORT-01
B-00731,SETUP-01
B-00732,DOCK-01|LAPTOP-01|MOUSE-01
B-00733,CABLE-01|MONITOR-01
B-00734,INSTALL-01|MONITOR-01|RACK-01|SERVER-01|SUPPORT-01
B-00735,SETUP-01|TRAINING-01
B-00736,CABLE-01|MONITOR-01
B-00737,LAPTOP-02|WARRANTY-01
B-00738,CLOUD-01|DOCK-01|MONITOR-01|SERVER-01
B-00739,CABLE-01|DOCK-01|MONITOR-01
B-00740,DOCK-01|LAPTOP-02|MONITOR-01|TRAINING-01
B-00741,RACK-01|SETUP-01|TRAINING-01
B-00742,DOCK-01|LAPTOP-02
B-00743,CABLE-01|MONITOR-01
B-00744,MONITOR-01
B-00745,SETUP-01
B-00746,CLOUD-01|INSTALL-01|LAPTOP-02|RACK-01|SERVER-01|SUPPORT-01
B-00747,INSTALL-01|SERVER-01|SUPPORT-01
B-00748,SETUP-01|SUPPORT-01|WARRANTY-01
B-00749,RACK-01|SERVER-01|SUPPORT-01
B-00750,SETUP-01
B-00751,CABLE-01|DOCK-01|MONITOR-01|SUPPORT-01
B-00752,INSTALL-01|RACK-01|SERVER-01|SETUP-01
B-00753,CABLE-01|LAPTOP-01|LAPTOP-02|WARRANTY-01
B-00754,SETUP-01
B-00755,SETUP-01|TRAINING-01
B-00756,INSTALL-01|RACK-01|SERVER-01|SUPPORT-01
B-00757,CLOUD-01|LAPTOP-02
B-00758,INSTALL-01|MONITOR-01|SERVER-01
B-00759,CABLE-01|DOCK-01|LAPTOP-01|MOUSE-01
B-00760,CABLE-01|LAPTOP-01|SETUP-01
B-00761,MONITOR-01|SETUP-01|TRAINING-01
B-00762,MONITOR-01
B-00763,INSTALL-01|SERVER-01
B-00764,CABLE-01|DOCK-01|LAPTOP-01|SETUP-01
B-00765,CABLE-01|DOCK-01|LAPTOP-02|WARRANTY-01
B-00766,SETUP-01
B-00767,MONITOR-01
B-00768,INSTALL-01|RACK-01|SERVER-01|SUPPORT-01
B-00769,SETUP-01|SUPPORT-01
B-00770,CABLE-01|DOCK-01|LAPTOP-01|MOUSE-01
B-00771,DOCK-01|MONITOR-01
B-00772,DOCK-01|LAPTOP-02
B-00773,SETUP-01|SUPPORT-01
B-00774,CABLE-01|MONITOR-01|SETUP-01
B-00775,SETUP-01|TRAINING-01
B-00776,CABLE-01|MONITOR-01
B-00777,RACK-01|SERVER-01|SUPPORT-01
B-00778,RACK-01|SERVER-01|SUPPORT-01
B-00779,SERVER-01|SETUP-01
B-00780,RACK-01|SERVER-01
B-00781,DOCK-01|LAPTOP-01|MOUSE-01|SETUP-01
B-00782,DOCK-01|LAPTOP-01|RACK-01|WARRANTY-01
B-00783,DOCK-01|MONITOR-01
B-00784,SETUP-01
B-00785,DOCK-01|LAPTOP-02
B-00786,CABLE-01|DOCK-01|LAPTOP-01|MONITOR-01|WARRANTY-01
B-00787,MONITOR-01|SETUP-01|TRAINING-01
B-00788,DOCK-01|LAPTOP-01|MOUSE-01|SETUP-01|WARRANTY-01
B-00789,SETUP-01|TRAINING-01
B-00790,CABLE-01|MONITOR-01
B-00791,CABLE-01|LAPTOP-01|MOUSE-01
B-00792,CLOUD-01|INSTALL-01|RACK-01|SERVER-01|SUPPORT-01
B-00793,LAPTOP-02|WARRANTY-01
B-00794,INSTALL-01|RACK-01|SERVER-01|SUPPORT-01
B-00795,SETUP-01|SUPPORT-01
B-00796,RACK-01|SERVER-01
B-00797,DOCK-01|LAPTOP-01|LAPTOP-02|MOUSE-01|WARRANTY-01
B-00798,DOCK-01|LAPTOP-02|MONITOR-01
B-00799,CLOUD-01|DOCK-01|LAPTOP-02|SERVER-01
B-00800,SERVER-01|SETUP-01|TRAINING-01
B-00801,SETUP-01
B-00802,INSTALL-01|RACK-01|SERVER-01
B-00803,SETUP-01|TRAINING-01
B-00804,DOCK-01|LAPTOP-01|MOUSE-01|RACK-01|SETUP-01|WARRANTY-01
B-00805,DOCK-01|LAPTOP-02
B-00806,INSTALL-01|MONITOR-01
B-00807,CLOUD-01|INSTALL-01|RACK-01|SERVER-01
B-00808,MONITOR-01
B-00809,DOCK-01|LAPTOP-01|MONITOR-01
B-00810,INSTALL-01|RACK-01|SERVER-01|SUPPORT-01
B-00811,MONITOR-01|SERVER-01
B-00812,LAPTOP-02|SETUP-01|SUPPORT-01|WARRANTY-01
B-00813,DOCK-01|LAPTOP-01|MOUSE-01
B-00814,SETUP-01|SUPPORT-01
B-00815,DOCK-01|LAPTOP-02|WARRANTY-01
B-00816,LAPTOP-02|RACK-01|SERVER-01
B-00817,CABLE-01|DOCK-01|MONITOR-01|MOUSE-01
B-00818,CABLE-01|DOCK-01|MONITOR-01
B-00819,CLOUD-01|SETUP-01
B-00820,SETUP-01
B-00821,DOCK-01|MONITOR-01
B-00822,CLOUD-01|INSTALL-01|SERVER-01|SETUP-01|SUPPORT-01
B-00823,LAPTOP-02|SETUP-01|TRAINING-01
B-00824,SETUP-01|TRAINING-01
B-00825,LAPTOP-01
B-00826,SETUP-01
B-00827,DOCK-01|LAPTOP-01|SETUP-01
B-00828,INSTALL-01|RACK-01|SERVER-01|SUPPORT-01
B-00829,SETUP-01|SUPPORT-01|TRAINING-01
B-00830,CABLE-01|MONITOR-01
B-00831,DOCK-01|LAPTOP-02|SUPPORT-01
B-00832,LAPTOP-02|MONITOR-01
B-00833,MONITOR-01
B-00834,CABLE-01|DOCK-01|LAPTOP-02|MONITOR-01
B-00835,RACK-01|SERVER-01
B-00836,CABLE-01|DOCK-01|LAPTOP-01|MONITOR-01|MOUSE-01|WARRANTY-01
B-00837,SETUP-01
B-00838,CLOUD-01|SETUP-01|SUPPORT-01
B-00839,DOCK-01|LAPTOP-01|WARRANTY-01
B-00840,MONITOR-01|SERVER-01
B-00841,DOCK-01|LAPTOP-02|MONITOR-01
B-00842,LAPTOP-02
B-00843,SETUP-01
B-00844,CABLE-01|MONITOR-01
B-00845,LAPTOP-02|SETUP-01|TRAINING-01|WARRANTY-01
B-00846,LAPTOP-02|WARRANTY-01
B-00847,INSTALL-01|LAPTOP-02|MONITOR-01|RACK-01|SERVER-01|WARRANTY-01
B-00848,INSTALL-01|LAPTOP-02|MONITOR-01|WARRANTY-01
B-00849,SETUP-01|TRAINING-01
B-00850,CLOUD-01|RACK-01|SERVER-01|SUPPORT-01
B-00851,CABLE-01|DOCK-01|LAPTOP-01|MOUSE-01|WARRANTY-01
B-00852,MONITOR-01
B-00853,CLOUD-01|INSTALL-01|RACK-01|SERVER-01
B-00854,DOCK-01|MONITOR-01
B-00855,SETUP-01
B-00856,CABLE-01|MONITOR-01
B-00857,CABLE-01|LAPTOP-02|MONITOR-01
B-00858,DOCK-01|LAPTOP-02
B-00859,DOCK-01|LAPTOP-02|SERVER-01|WARRANTY-01
B-00860,INSTALL-01|LAPTOP-01|MOUSE-01|RACK-01|SERVER-01
B-00861,CABLE-01|LAPTOP-01|MOUSE-01
B-00862,SETUP-01|SUPPORT-01|TRAINING-01
B-00863,CABLE-01|LAPTOP-01
B-00864,CABLE-01|DOCK-01|LAPTOP-02|WARRANTY-01
B-00865,DOCK-01|LAPTOP-02|MONITOR-01
B-00866,INSTALL-01|SERVER-01
B-00867,CABLE-01|DOCK-01|MONITOR-01
B-00868,DOCK-01|LAPTOP-02|MONITOR-01|TRAINING-01|WARRANTY-01
B-00869,DOCK-01|LAPTOP-02|WARRANTY-01
B-00870,DOCK-01|LAPTOP-02|TRAINING-01
B-00871,DOCK-01|LAPTOP-01|MOUSE-01|SETUP-01|WARRANTY-01
B-00872,DOCK-01|LAPTOP-02
B-00873,CLOUD-01|LAPTOP-02|TRAINING-01|WARRANTY-01
B-00874,CABLE-01|LAPTOP-01|MOUSE-01|SETUP-01|WARRANTY-01
B-00875,MONITOR-01|RACK-01
B-00876,DOCK-01|LAPTOP-01|SETUP-01|SUPPORT-01
B-00877,LAPTOP-02
B-00878,CABLE-01|DOCK-01|LAPTOP-01|MOUSE-01
B-00879,CLOUD-01|SERVER-01
B-00880,CABLE-01|MONITOR-01
B-00881,SETUP-01|TRAINING-01
B-00882,CLOUD-01|SETUP-01|TRAINING-01
B-00883,CLOUD-01|DOCK-01|INSTALL-01|LAPTOP-02|RACK-01|SERVER-01
B-00884,LAPTOP-02|MONITOR-01|TRAINING-01|WARRANTY-01
B-00885,DOCK-01|LAPTOP-02|MONITOR-01
B-00886,SETUP-01|TRAINING-01
B-00887,LAPTOP-02|MONITOR-01|TRAINING-01|WARRANTY-01
B-00888,DOCK-01|LAPTOP-01|MOUSE-01|WARRANTY-01
B-00889,DOCK-01|LAPTOP-02|MONITOR-01
B-00890,DOCK-01|LAPTOP-01|MOUSE-01|WARRANTY-01
B-00891,LAPTOP-01|MOUSE-01|SETUP-01
B-00892,LAPTOP-02|MONITOR-01
B-00893,CABLE-01|MONITOR-01
B-00894,DOCK-01|LAPTOP-01|TRAINING-01|WARRANTY-01
B-00895,RACK-01|SERVER-01
B-00896,CABLE-01|LAPTOP-01|MOUSE-01
B-00897,INSTALL-01|RACK-01|SERVER-01|SUPPORT-01
B-00898,SETUP-01
B-00899,SETUP-01|SUPPORT-01
B-00900,DOCK-01|LAPTOP-01|LAPTOP-02|MOUSE-01|WARRANTY-01
B-00901,DOCK-01|LAPTOP-01|MOUSE-01|WARRANTY-01
B-00902,MONITOR-01
B-00903,CABLE-01|DOCK-01|MONITOR-01
B-00904,MONITOR-01
B-00905,DOCK-01|LAPTOP-01|WARRANTY-01
B-00906,DOCK-01|LAPTOP-02|SETUP-01|SUPPORT-01|TRAINING-01
B-00907,DOCK-01|LAPTOP-02|MONITOR-01
B-00908,SETUP-01
B-00909,DOCK-01|LAPTOP-02
B-00910,LAPTOP-02|MONITOR-01
B-00911,DOCK-01|LAPTOP-01|MOUSE-01|SETUP-01|WARRANTY-01
B-00912,SETUP-01|SUPPORT-01|TRAINING-01
B-00913,LAPTOP-02|MONITOR-01
B-00914,CABLE-01|LAPTOP-01|MOUSE-01
B-00915,LAPTOP-01|SETUP-01|SUPPORT-01
B-00916,MONITOR-01|SERVER-01
B-00917,DOCK-01|SETUP-01
B-00918,CLOUD-01|SERVER-01|SUPPORT-01
B-00919,CABLE-01|MONITOR-01
B-00920,INSTALL-01|SERVER-01
B-00921,CABLE-01|MONITOR-01|SERVER-01
B-00922,CABLE-01|DOCK-01|LAPTOP-01|MONITOR-01|MOUSE-01|WARRANTY-01
B-00923,CABLE-01|DOCK-01|MONITOR-01
B-00924,MONITOR-01
B-00925,MONITOR-01
B-00926,CLOUD-01|RACK-01|SERVER-01
B-00927,CABLE-01|DOCK-01|MONITOR-01
B-00928,DOCK-01|LAPTOP-02
B-00929,RACK-01|SERVER-01|SUPPORT-01
B-00930,DOCK-01|LAPTOP-02
B-00931,CABLE-01|LAPTOP-01|MONITOR-01
B-00932,SETUP-01|TRAINING-01
B-00933,SETUP-01
B-00934,CABLE-01|DOCK-01|LAPTOP-02|MONITOR-01|SERVER-01|TRAINING-01|WARRANTY-01
B-00935,SETUP-01|SUPPORT-01
B-00936,DOCK-01|LAPTOP-02|MONITOR-01|TRAINING-01|WARRANTY-01
B-00937,CABLE-01|DOCK-01|LAPTOP-01|MOUSE-01|SETUP-01|WARRANTY-01
B-00938,DOCK-01|LAPTOP-02|MONITOR-01|WARRANTY-01
B-00939,INSTALL-01|RACK-01|SERVER-01|SUPPORT-01
B-00940,CLOUD-01|RACK-01|SERVER-01|WARRANTY-01
B-00941,LAPTOP-02
B-00942,DOCK-01|INSTALL-01|LAPTOP-01|MOUSE-01|RACK-01|SERVER-01|WARRANTY-01
B-00943,SETUP-01|SUPPORT-01|TRAINING-01
B-00944,LAPTOP-01|MOUSE-01|SETUP-01|WARRANTY-01
B-00945,SETUP-01
B-00946,CLOUD-01|INSTALL-01|RACK-01|SERVER-01|SUPPORT-01
B-00947,CABLE-01|CLOUD-01|MONITOR-01
B-00948,INSTALL-01|RACK-01|SERVER-01
B-00949,DOCK-01|LAPTOP-02|SETUP-01
B-00950,LAPTOP-01|RACK-01|SERVER-01|SETUP-01
B-00951,DOCK-01|LAPTOP-01|MOUSE-01|TRAINING-01
B-00952,LAPTOP-01|MOUSE-01|WARRANTY-01
B-00953,CABLE-01|DOCK-01|MONITOR-01|RACK-01
B-00954,CABLE-01|DOCK-01|LAPTOP-01|MOUSE-01
B-00955,SETUP-01|TRAINING-01
B-00956,CABLE-01|LAPTOP-01|MOUSE-01
B-00957,DOCK-01|LAPTOP-01|MOUSE-01
B-00958,CABLE-01|MONITOR-01|TRAINING-01
B-00959,DOCK-01|LAPTOP-02|SERVER-01|WARRANTY-01
B-00960,DOCK-01|LAPTOP-02|MONITOR-01|WARRANTY-01
B-00961,LAPTOP-02|TRAINING-01
B-00962,DOCK-01|LAPTOP-02|MONITOR-01|TRAINING-01|WARRANTY-01
B-00963,INSTALL-01|SERVER-01
B-00964,LAPTOP-02|WARRANTY-01
B-00965,DOCK-01|LAPTOP-02|TRAINING-01|WARRANTY-01
B-00966,DOCK-01|MONITOR-01|MOUSE-01
B-00967,RACK-01|SERVER-01|SUPPORT-01
B-00968,CABLE-01|MONITOR-01
B-00969,CLOUD-01|INSTALL-01|RACK-01|SERVER-01|SUPPORT-01
B-00970,MONITOR-01|MOUSE-01
B-00971,SETUP-01|TRAINING-01
B-00972,MONITOR-01
B-00973,SETUP-01|TRAINING-01
B-00974,LAPTOP-01|MOUSE-01
B-00975,RACK-01|SERVER-01
B-00976,SETUP-01
B-00977,CABLE-01|LAPTOP-01|MOUSE-01|WARRANTY-01
B-00978,DOCK-01|LAPTOP-01|LAPTOP-02
B-00979,CABLE-01|DOCK-01|MONITOR-01
B-00980,INSTALL-01|RACK-01|SERVER-01
B-00981,CABLE-01|DOCK-01|MONITOR-01
B-00982,DOCK-01|LAPTOP-02
B-00983,LAPTOP-01|MOUSE-01
B-00984,DOCK-01|LAPTOP-02
B-00985,DOCK-01|LAPTOP-01
B-00986,LAPTOP-02|WARRANTY-01
B-00987,MONITOR-01|SETUP-01|TRAINING-01
B-00988,CLOUD-01|INSTALL-01|RACK-01|SERVER-01|SUPPORT-01
B-00989,DOCK-01|LAPTOP-02|MONITOR-01|TRAINING-01|WARRANTY-01
B-00990,DOCK-01|LAPTOP-01|MONITOR-01|MOUSE-01
B-00991,LAPTOP-02|MONITOR-01|WARRANTY-01
B-00992,CABLE-01|DOCK-01|MONITOR-01
B-00993,SETUP-01
B-00994,SETUP-01
B-00995,MONITOR-01
B-00996,LAPTOP-02|MONITOR-01|SETUP-01
B-00997,CABLE-01|DOCK-01|LAPTOP-01|MONITOR-01|SERVER-01
B-00998,CLOUD-01|INSTALL-01|SERVER-01|SUPPORT-01
B-00999,INSTALL-01|SERVER-01|SUPPORT-01
B-01000,LAPTOP-02|MONITOR-01|WARRANTY-01
B-01001,DOCK-01|INSTALL-01|LAPTOP-01|MOUSE-01
B-01002,LAPTOP-01|MOUSE-01
B-01003,CLOUD-01|MONITOR-01|RACK-01|SERVER-01
B-01004,DOCK-01|LAPTOP-01|MOUSE-01
B-01005,DOCK-01|LAPTOP-01|MOUSE-01|SETUP-01
B-01006,DOCK-01|LAPTOP-01
B-01007,SETUP-01|SUPPORT-01|TRAINING-01
B-01008,LAPTOP-01|LAPTOP-02|MOUSE-01
B-01009,SETUP-01|SUPPORT-01
B-01010,INSTALL-01|LAPTOP-01|MOUSE-01|SERVER-01
B-01011,CLOUD-01|RACK-01|SERVER-01|SUPPORT-01
B-01012,SETUP-01
B-01013,CABLE-01|MONITOR-01
B-01014,CABLE-01|MONITOR-01|TRAINING-01
B-01015,SETUP-01
B-01016,DOCK-01|INSTALL-01|MONITOR-01|SERVER-01
B-01017,MONITOR-01
B-01018,DOCK-01|LAPTOP-02|MONITOR-01|SETUP-01|SUPPORT-01
B-01019,MOUSE-01|SETUP-01
B-01020,CLOUD-01|INSTALL-01|RACK-01|SERVER-01
B-01021,DOCK-01|LAPTOP-02|MONITOR-01|WARRANTY-01
B-01022,SETUP-01
B-01023,CLOUD-01|RACK-01|SERVER-01|SUPPORT-01
B-01024,INSTALL-01|MONITOR-01|RACK-01|SERVER-01
B-01025,CLOUD-01|LAPTOP-02
B-01026,INSTALL-01|RACK-01|SERVER-01|SUPPORT-01
B-01027,INSTALL-01|SERVER-01|SUPPORT-01
B-01028,CABLE-01|DOCK-01|MONITOR-01
B-01029,DOCK-01|LAPTOP-01|MONITOR-01|MOUSE-01|WARRANTY-01
B-01030,RACK-01|SERVER-01
B-01031,RACK-01|SERVER-01|SUPPORT-01
B-01032,SETUP-01|TRAINING-01
B-01033,SETUP-01|SUPPORT-01|TRAINING-01
B-01034,CABLE-01|DOCK-01|LAPTOP-01|WARRANTY-01
B-01035,LAPTOP-02|WARRANTY-01
B-01036,DOCK-01|LAPTOP-01|MOUSE-01|WARRANTY-01
B-01037,DOCK-01|LAPTOP-02|WARRANTY-01
B-01038,DOCK-01|LAPTOP-02|MONITOR-01|WARRANTY-01
B-01039,SETUP-01|TRAINING-01
B-01040,SETUP-01
B-01041,INSTALL-01|MOUSE-01|RACK-01|SERVER-01|SUPPORT-01
B-01042,DOCK-01|LAPTOP-01|MOUSE-01|WARRANTY-01
B-01043,CABLE-01|MONITOR-01|TRAINING-01
B-01044,CLOUD-01|INSTALL-01|RACK-01|SERVER-01|SUPPORT-01
B-01045,DOCK-01|LAPTOP-02|MONITOR-01|WARRANTY-01
B-01046,CABLE-01|LAPTOP-01|MOUSE-01|WARRANTY-01
B-01047,MONITOR-01
B-01048,CLOUD-01|SERVER-01
B-01049,CABLE-01|CLOUD-01|MONITOR-01
B-01050,DOCK-01|LAPTOP-01|LAPTOP-02|MOUSE-01|WARRANTY-01
B-01051,CABLE-01|DOCK-01|LAPTOP-02
B-01052,DOCK-01|LAPTOP-02|WARRANTY-01
B-01053,SETUP-01
B-01054,CABLE-01|DOCK-01|LAPTOP-01|LAPTOP-02|SETUP-01
B-01055,CLOUD-01|SETUP-01|SUPPORT-01|TRAINING-01
B-01056,DOCK-01|MONITOR-01
B-01057,INSTALL-01|LAPTOP-01|RACK-01|SERVER-01|SUPPORT-01
B-01058,INSTALL-01|SERVER-01
B-01059,MONITOR-01
B-01060,INSTALL-01|SERVER-01
B-01061,SETUP-01|SUPPORT-01|TRAINING-01
B-01062,SETUP-01|SUPPORT-01
B-01063,MONITOR-01
B-01064,SETUP-01|SUPPORT-01|TRAINING-01
B-01065,CABLE-01|MONITOR-01
B-01066,CABLE-01|MONITOR-01
B-01067,DOCK-01|LAPTOP-01|WARRANTY-01
B-01068,CLOUD-01|INSTALL-01|RACK-01|SERVER-01|SUPPORT-01
B-01069,MONITOR-01|SETUP-01|TRAINING-01
B-01070,DOCK-01|LAPTOP-01|MOUSE-01
B-01071,LAPTOP-02
B-01072,DOCK-01|MONITOR-01
B-01073,MONITOR-01
B-01074,SETUP-01|SUPPORT-01|TRAINING-01
B-01075,DOCK-01|LAPTOP-01|MOUSE-01|WARRANTY-01
B-01076,CABLE-01|MONITOR-01
B-01077,MONITOR-01
B-01078,DOCK-01|LAPTOP-02
B-01079,CLOUD-01|RACK-01|SERVER-01
B-01080,INSTALL-01|RACK-01|SERVER-01
B-01081,DOCK-01|LAPTOP-01|MONITOR-01|MOUSE-01|WARRANTY-01
B-01082,DOCK-01|LAPTOP-02|WARRANTY-01
B-01083,DOCK-01|LAPTOP-01|LAPTOP-02|MOUSE-01
B-01084,DOCK-01|LAPTOP-01|LAPTOP-02|MONITOR-01|MOUSE-01|WARRANTY-01
B-01085,CABLE-01|MONITOR-01|TRAINING-01
B-01086,DOCK-01|MONITOR-01
B-01087,INSTALL-01|RACK-01|SERVER-01
B-01088,DOCK-01|LAPTOP-02|MONITOR-01|WARRANTY-01
B-01089,LAPTOP-02|MONITOR-01|WARRANTY-01
B-01090,DOCK-01|LAPTOP-02|TRAINING-01|WARRANTY-01
B-01091,DOCK-01|MONITOR-01
B-01092,CABLE-01|MONITOR-01
B-01093,CABLE-01|DOCK-01|LAPTOP-01|MOUSE-01
B-01094,CLOUD-01|INSTALL-01|RACK-01|SERVER-01
B-01095,INSTALL-01|RACK-01|SERVER-01|SETUP-01|SUPPORT-01|TRAINING-01
B-01096,CLOUD-01|INSTALL-01|MONITOR-01|RACK-01|SERVER-01
B-01097,CABLE-01|LAPTOP-01|SETUP-01|WARRANTY-01
B-01098,LAPTOP-01|SETUP-01|WARRANTY-01
B-01099,DOCK-01|LAPTOP-01|MOUSE-01
B-01100,CABLE-01|MONITOR-01
B-01101,CABLE-01|MONITOR-01
B-01102,CLOUD-01|SETUP-01|TRAINING-01
B-01103,LAPTOP-02|MOUSE-01|WARRANTY-01
B-01104,CABLE-01|MONITOR-01
B-01105,DOCK-01|LAPTOP-02|MONITOR-01|WARRANTY-01
B-01106,SETUP-01
B-01107,DOCK-01|LAPTOP-01|MOUSE-01|SETUP-01
B-01108,CABLE-01|DOCK-01|MONITOR-01
B-01109,CABLE-01|DOCK-01|LAPTOP-01|MOUSE-01|WARRANTY-01
B-01110,CABLE-01|MONITOR-01
B-01111,MONITOR-01
B-01112,CABLE-01|SETUP-01
B-01113,CABLE-01|CLOUD-01|INSTALL-01|MONITOR-01|RACK-01|SERVER-01
B-01114,DOCK-01|LAPTOP-02|MONITOR-01|TRAINING-01|WARRANTY-01
B-01115,CABLE-01|MONITOR-01
B-01116,DOCK-01|LAPTOP-02|MONITOR-01|TRAINING-01|WARRANTY-01
B-01117,SETUP-01|TRAINING-01
B-01118,LAPTOP-01|MOUSE-01|WARRANTY-01
B-01119,CLOUD-01|RACK-01|SERVER-01
B-01120,SERVER-01|SUPPORT-01
B-01121,LAPTOP-01
B-01122,INSTALL-01|MONITOR-01
B-01123,LAPTOP-02|WARRANTY-01
B-01124,DOCK-01|LAPTOP-02
B-01125,CABLE-01|DOCK-01|MONITOR-01
B-01126,LAPTOP-02
B-01127,DOCK-01|LAPTOP-01|MOUSE-01
B-01128,DOCK-01|LAPTOP-01|MONITOR-01|MOUSE-01|WARRANTY-01
B-01129,INSTALL-01|RACK-01|SERVER-01|SUPPORT-01
B-01130,DOCK-01|LAPTOP-02|WARRANTY-01
B-01131,MONITOR-01
B-01132,CABLE-01|LAPTOP-01|MONITOR-01|MOUSE-01
B-01133,MONITOR-01|SETUP-01|TRAINING-01
B-01134,SETUP-01|SUPPORT-01
B-01135,DOCK-01|LAPTOP-02|MOUSE-01
B-01136,INSTALL-01|SERVER-01|SUPPORT-01
B-01137,INSTALL-01|SERVER-01|SUPPORT-01
B-01138,DOCK-01|LAPTOP-01|MOUSE-01|SETUP-01|WARRANTY-01
B-01139,LAPTOP-02
B-01140,CLOUD-01|INSTALL-01|SERVER-01|SUPPORT-01
B-01141,SETUP-01|TRAINING-01
B-01142,INSTALL-01|RACK-01|SERVER-01|SETUP-01
B-01143,CABLE-01|SETUP-01
B-01144,CLOUD-01|SERVER-01|SETUP-01|TRAINING-01
B-01145,CLOUD-01|LAPTOP-02|RACK-01|SERVER-01|TRAINING-01|WARRANTY-01
B-01146,MONITOR-01|RACK-01|SERVER-01|SUPPORT-01
B-01147,LAPTOP-02|MONITOR-01
B-01148,CABLE-01|MONITOR-01
B-01149,INSTALL-01|SERVER-01|SUPPORT-01
B-01150,CABLE-01|DOCK-01|MONITOR-01
B-01151,DOCK-01|MONITOR-01
B-01152,SETUP-01|TRAINING-01
B-01153,DOCK-01|LAPTOP-02
B-01154,CLOUD-01|INSTALL-01|SERVER-01
B-01155,CABLE-01|MONITOR-01|WARRANTY-01
B-01156,LAPTOP-02|MONITOR-01|WARRANTY-01
B-01157,CABLE-01|DOCK-01|LAPTOP-01|MOUSE-01
B-01158,CABLE-01|MONITOR-01
B-01159,MONITOR-01
B-01160,CLOUD-01|MOUSE-01|SERVER-01
B-01161,CLOUD-01|DOCK-01|INSTALL-01|MONITOR-01|SERVER-01|SUPPORT-01
B-01162,SETUP-01|SUPPORT-01|TRAINING-01
B-01163,DOCK-01|LAPTOP-02
B-01164,LAPTOP-02|MONITOR-01
B-01165,CABLE-01|LAPTOP-01|MONITOR-01
B-01166,SETUP-01|TRAINING-01
B-01167,DOCK-01|LAPTOP-01|SETUP-01|WARRANTY-01
B-01168,CABLE-01|DOCK-01|MONITOR-01
B-01169,SETUP-01
B-01170,CABLE-01|MONITOR-01|SETUP-01|SUPPORT-01
B-01171,DOCK-01|LAPTOP-02|SERVER-01
B-01172,CABLE-01|DOCK-01|LAPTOP-02|MONITOR-01|WARRANTY-01
B-01173,SETUP-01|TRAINING-01
B-01174,LAPTOP-01|LAPTOP-02
B-01175,MONITOR-01
B-01176,SETUP-01
B-01177,LAPTOP-02|WARRANTY-01
B-01178,CABLE-01|LAPTOP-01|SERVER-01|SETUP-01|SUPPORT-01
B-01179,SETUP-01|TRAINING-01
B-01180,INSTALL-01|MOUSE-01|RACK-01|SERVER-01
B-01181,INSTALL-01|RACK-01|SERVER-01
B-01182,SETUP-01|SUPPORT-01|TRAINING-01
B-01183,CLOUD-01|RACK-01|SERVER-01|SETUP-01
B-01184,INSTALL-01|RACK-01|SERVER-01|SUPPORT-01
B-01185,CABLE-01|INSTALL-01|MONITOR-01|RACK-01|SERVER-01|SUPPORT-01
B-01186,LAPTOP-02|MONITOR-01
B-01187,LAPTOP-02|MONITOR-01|WARRANTY-01
B-01188,CLOUD-01|RACK-01|SERVER-01
B-01189,DOCK-01|LAPTOP-02|MONITOR-01|TRAINING-01|WARRANTY-01
B-01190,LAPTOP-02|MONITOR-01|WARRANTY-01
B-01191,INSTALL-01|SERVER-01
B-01192,LAPTOP-02|WARRANTY-01
B-01193,CABLE-01|MONITOR-01
B-01194,CABLE-01|MONITOR-01
B-01195,DOCK-01|LAPTOP-02|WARRANTY-01
B-01196,CABLE-01|DOCK-01|LAPTOP-01|MOUSE-01
B-01197,SETUP-01
B-01198,CABLE-01|DOCK-01|LAPTOP-01|MOUSE-01
B-01199,LAPTOP-02|SERVER-01|SUPPORT-01
B-01200,LAPTOP-01|MOUSE-01
B-01201,INSTALL-01|SERVER-01|SUPPORT-01
B-01202,DOCK-01|LAPTOP-02|WARRANTY-01
B-01203,CABLE-01|DOCK-01|MONITOR-01
B-01204,RACK-01|SERVER-01|SETUP-01|SUPPORT-01
B-01205,LAPTOP-01|SETUP-01|TRAINING-01
B-01206,INSTALL-01|RACK-01|SERVER-01|SUPPORT-01
B-01207,CABLE-01|MONITOR-01
B-01208,CLOUD-01|INSTALL-01|RACK-01|SERVER-01|SUPPORT-01
B-01209,MONITOR-01|TRAINING-01
B-01210,SETUP-01
B-01211,RACK-01|SERVER-01
B-01212,DOCK-01|LAPTOP-02|MOUSE-01|SETUP-01|TRAINING-01
B-01213,DOCK-01|RACK-01|SERVER-01
B-01214,CLOUD-01|INSTALL-01|RACK-01|SERVER-01|SUPPORT-01
B-01215,CABLE-01|MONITOR-01
B-01216,DOCK-01|LAPTOP-01|LAPTOP-02|WARRANTY-01
B-01217,LAPTOP-01|MOUSE-01
B-01218,MONITOR-01
B-01219,LAPTOP-02|MONITOR-01|WARRANTY-01
B-01220,SETUP-01
B-01221,LAPTOP-01
B-01222,CLOUD-01|INSTALL-01|MONITOR-01|SERVER-01
B-01223,DOCK-01|LAPTOP-02|MONITOR-01
B-01224,SERVER-01|SETUP-01
B-01225,DOCK-01|LAPTOP-02|MONITOR-01|WARRANTY-01
B-01226,LAPTOP-02|WARRANTY-01
B-01227,DOCK-01|LAPTOP-01|MOUSE-01|WARRANTY-01
B-01228,CABLE-01|MONITOR-01
B-01229,SETUP-01|SUPPORT-01|TRAINING-01
B-01230,CABLE-01|DOCK-01|MONITOR-01
B-01231,DOCK-01|LAPTOP-01|MOUSE-01|WARRANTY-01
B-01232,DOCK-01|LAPTOP-01
B-01233,DOCK-01|INSTALL-01|MONITOR-01|SERVER-01
B-01234,CABLE-01|DOCK-01|LAPTOP-01|LAPTOP-02|MOUSE-01|WARRANTY-01
B-01235,DOCK-01|LAPTOP-01|MOUSE-01
B-01236,DOCK-01|LAPTOP-01|LAPTOP-02
B-01237,LAPTOP-01|WARRANTY-01
B-01238,RACK-01|SERVER-01
B-01239,LAPTOP-02|TRAINING-01
B-01240,DOCK-01|LAPTOP-02|MONITOR-01|WARRANTY-01
B-01241,CABLE-01|LAPTOP-01|MOUSE-01
B-01242,DOCK-01|MONITOR-01
B-01243,CABLE-01|MONITOR-01
B-01244,DOCK-01|MONITOR-01
B-01245,DOCK-01|LAPTOP-01|MOUSE-01|WARRANTY-01
B-01246,SETUP-01|SUPPORT-01|TRAINING-01
B-01247,LAPTOP-01|RACK-01|SERVER-01|SUPPORT-01
B-01248,CABLE-01|MONITOR-01
B-01249,DOCK-01|LAPTOP-02
B-01250,LAPTOP-02|MONITOR-01|TRAINING-01
B-01251,DOCK-01|MONITOR-01|TRAINING-01
B-01252,DOCK-01|LAPTOP-01|MOUSE-01|SETUP-01
B-01253,CABLE-01|MONITOR-01
B-01254,CABLE-01|MONITOR-01
B-01255,SETUP-01
B-01256,SETUP-01
B-01257,CABLE-01|MONITOR-01
B-01258,CLOUD-01|INSTALL-01|SERVER-01|SUPPORT-01
B-01259,SETUP-01
B-01260,CLOUD-01|DOCK-01|LAPTOP-02|WARRANTY-01
B-01261,LAPTOP-01|MONITOR-01|MOUSE-01|WARRANTY-01
B-01262,LAPTOP-01|MOUSE-01
B-01263,LAPTOP-02
B-01264,DOCK-01|LAPTOP-01|MOUSE-01|WARRANTY-01
B-01265,INSTALL-01|LAPTOP-01
B-01266,DOCK-01|RACK-01|SERVER-01|SUPPORT-01
B-01267,DOCK-01|LAPTOP-02
B-01268,SETUP-01
B-01269,CABLE-01|DOCK-01|LAPTOP-01|MOUSE-01|WARRANTY-01
B-01270,CABLE-01|DOCK-01|LAPTOP-01|MONITOR-01|SETUP-01
B-01271,SETUP-01
B-01272,LAPTOP-01|RACK-01|SERVER-01
B-01273,DOCK-01|LAPTOP-02|MONITOR-01|WARRANTY-01
B-01274,DOCK-01|LAPTOP-01|MONITOR-01|MOUSE-01|WARRANTY-01
B-01275,SETUP-01
B-01276,INSTALL-01|SERVER-01|SUPPORT-01|TRAINING-01
B-01277,CLOUD-01|INSTALL-01|RACK-01|SERVER-01
B-01278,DOCK-01|LAPTOP-01|MOUSE-01|WARRANTY-01
B-01279,DOCK-01|LAPTOP-02|MONITOR-01
B-01280,RACK-01|SERVER-01
B-01281,DOCK-01|LAPTOP-01|MOUSE-01|SETUP-01|WARRANTY-01
B-01282,SETUP-01
B-01283,CABLE-01|MONITOR-01
B-01284,RACK-01|SERVER-01
B-01285,DOCK-01|LAPTOP-02|MONITOR-01
B-01286,RACK-01|SERVER-01
B-01287,INSTALL-01|RACK-01|SERVER-01|SUPPORT-01
B-01288,SETUP-01
B-01289,LAPTOP-01|MOUSE-01
B-01290,DOCK-01|LAPTOP-02
B-01291,CLOUD-01|RACK-01|SERVER-01|SETUP-01|SUPPORT-01
B-01292,MONITOR-01
B-01293,DOCK-01|LAPTOP-02|MONITOR-01
B-01294,SETUP-01|TRAINING-01
B-01295,RACK-01|SETUP-01
B-01296,MONITOR-01
B-01297,CLOUD-01|RACK-01|SERVER-01
B-01298,CABLE-01|INSTALL-01|MONITOR-01|RACK-01|SERVER-01|SUPPORT-01
B-01299,DOCK-01|LAPTOP-01
B-01300,INSTALL-01|MONITOR-01|SERVER-01|SETUP-01|SUPPORT-01
B-01301,SETUP-01|TRAINING-01
B-01302,INSTALL-01|RACK-01|SERVER-01
B-01303,CABLE-01|MONITOR-01|RACK-01
B-01304,SETUP-01|SUPPORT-01
B-01305,LAPTOP-01
B-01306,DOCK-01|LAPTOP-02|WARRANTY-01
B-01307,LAPTOP-02|TRAINING-01|WARRANTY-01
B-01308,DOCK-01|LAPTOP-02|MONITOR-01|SERVER-01|WARRANTY-01
B-01309,CABLE-01|MONITOR-01
B-01310,DOCK-01|LAPTOP-02|MONITOR-01|SETUP-01|WARRANTY-01
B-01311,MONITOR-01
B-01312,LAPTOP-01|MONITOR-01|MOUSE-01|SUPPORT-01
B-01313,INSTALL-01|RACK-01|SERVER-01
B-01314,LAPTOP-01|MOUSE-01|WARRANTY-01
B-01315,LAPTOP-02
B-01316,MONITOR-01
B-01317,DOCK-01|LAPTOP-02|MONITOR-01|WARRANTY-01
B-01318,CLOUD-01|RACK-01|SERVER-01
B-01319,LAPTOP-02
B-01320,CABLE-01|DOCK-01|MONITOR-01
B-01321,SETUP-01|TRAINING-01
B-01322,DOCK-01|MONITOR-01
B-01323,SETUP-01
B-01324,LAPTOP-02|MONITOR-01
B-01325,DOCK-01|LAPTOP-02|TRAINING-01
B-01326,MONITOR-01|RACK-01
B-01327,CLOUD-01|SERVER-01
B-01328,MONITOR-01
B-01329,SETUP-01|SUPPORT-01|TRAINING-01
B-01330,DOCK-01|LAPTOP-01|MONITOR-01|WARRANTY-01
B-01331,MONITOR-01|SERVER-01
B-01332,CABLE-01|MONITOR-01|RACK-01|SETUP-01|TRAINING-01
B-01333,SETUP-01|SUPPORT-01
B-01334,LAPTOP-02
B-01335,DOCK-01|LAPTOP-01|LAPTOP-02|MONITOR-01
B-01336,LAPTOP-01|WARRANTY-01
B-01337,SETUP-01|TRAINING-01
B-01338,CABLE-01|LAPTOP-01|MOUSE-01|WARRANTY-01
B-01339,SETUP-01|SUPPORT-01
B-01340,LAPTOP-01|MOUSE-01|RACK-01|WARRANTY-01
B-01341,CABLE-01|CLOUD-01|LAPTOP-01|MOUSE-01|SERVER-01
B-01342,DOCK-01|LAPTOP-02|MONITOR-01|WARRANTY-01
B-01343,DOCK-01|LAPTOP-01|MONITOR-01
B-01344,LAPTOP-02|MONITOR-01
B-01345,SETUP-01|SUPPORT-01|TRAINING-01
B-01346,CABLE-01|DOCK-01|MONITOR-01
B-01347,INSTALL-01|SERVER-01|SUPPORT-01
B-01348,CLOUD-01|INSTALL-01|LAPTOP-01|SERVER-01
B-01349,SETUP-01|SUPPORT-01|TRAINING-01
B-01350,CABLE-01|MONITOR-01|SETUP-01
B-01351,SETUP-01
B-01352,CABLE-01|DOCK-01|LAPTOP-01|MOUSE-01
B-01353,INSTALL-01|LAPTOP-02|SERVER-01|SUPPORT-01
B-01354,DOCK-01|LAPTOP-01|MOUSE-01
B-01355,DOCK-01|INSTALL-01|LAPTOP-02|MONITOR-01|RACK-01|SERVER-01|SUPPORT-01|WARRANTY-01
B-01356,SETUP-01|SUPPORT-01
B-01357,CABLE-01|DOCK-01|LAPTOP-01|SERVER-01|WARRANTY-01
B-01358,CABLE-01|DOCK-01|LAPTOP-01|WARRANTY-01
B-01359,MONITOR-01
B-01360,DOCK-01|LAPTOP-01|LAPTOP-02|MONITOR-01|SETUP-01
B-01361,MONITOR-01
B-01362,CABLE-01|DOCK-01|LAPTOP-01|MOUSE-01|SETUP-01|WARRANTY-01
B-01363,LAPTOP-01|SETUP-01|WARRANTY-01
B-01364,CABLE-01|CLOUD-01|DOCK-01|MONITOR-01|RACK-01|SERVER-01|SUPPORT-01
B-01365,LAPTOP-02|MONITOR-01
B-01366,SETUP-01
B-01367,CLOUD-01|INSTALL-01|RACK-01|SERVER-01|SUPPORT-01
B-01368,LAPTOP-01|MOUSE-01
B-01369,SETUP-01|SUPPORT-01
B-01370,LAPTOP-01|MOUSE-01
B-01371,DOCK-01|LAPTOP-02|MONITOR-01
B-01372,RACK-01|SERVER-01|SUPPORT-01
B-01373,SETUP-01
B-01374,CABLE-01|MONITOR-01
B-01375,CABLE-01|MONITOR-01|SETUP-01
B-01376,DOCK-01|LAPTOP-01|LAPTOP-02|TRAINING-01
B-01377,DOCK-01|LAPTOP-02|WARRANTY-01
B-01378,CABLE-01|MONITOR-01|SETUP-01
B-01379,INSTALL-01|SERVER-01
B-01380,LAPTOP-02|TRAINING-01|WARRANTY-01
B-01381,INSTALL-01|RACK-01|SERVER-01
B-01382,CABLE-01|DOCK-01|LAPTOP-01|MOUSE-01|RACK-01|SERVER-01|SETUP-01|WARRANTY-01
B-01383,DOCK-01|LAPTOP-01|MOUSE-01|SETUP-01|WARRANTY-01
B-01384,SERVER-01|SUPPORT-01
B-01385,DOCK-01|LAPTOP-01|LAPTOP-02|MOUSE-01|WARRANTY-01
B-01386,DOCK-01|LAPTOP-01|MOUSE-01|WARRANTY-01
B-01387,CABLE-01|DOCK-01|LAPTOP-01|MONITOR-01|MOUSE-01
B-01388,SETUP-01|TRAINING-01
B-01389,INSTALL-01|RACK-01|SERVER-01|SETUP-01|SUPPORT-01|TRAINING-01
B-01390,CLOUD-01|MOUSE-01|RACK-01|SERVER-01|SUPPORT-01
B-01391,INSTALL-01|RACK-01|SERVER-01|SUPPORT-01
B-01392,INSTALL-01|RACK-01|SERVER-01|SUPPORT-01
B-01393,RACK-01|SERVER-01|SETUP-01
B-01394,CABLE-01|DOCK-01|LAPTOP-01|MONITOR-01|MOUSE-01
B-01395,SETUP-01|TRAINING-01
B-01396,INSTALL-01|MOUSE-01|SERVER-01|SUPPORT-01
B-01397,CLOUD-01|MONITOR-01
B-01398,INSTALL-01|RACK-01|SERVER-01|SUPPORT-01
B-01399,SETUP-01|SUPPORT-01|TRAINING-01
B-01400,CABLE-01|DOCK-01|MONITOR-01|SUPPORT-01
B-01401,INSTALL-01|SERVER-01|SUPPORT-01
B-01402,CLOUD-01|LAPTOP-01|RACK-01|SERVER-01|SUPPORT-01
B-01403,DOCK-01|LAPTOP-02
B-01404,SETUP-01
B-01405,CLOUD-01|SERVER-01|SETUP-01|TRAINING-01
B-01406,DOCK-01|LAPTOP-02|MONITOR-01|MOUSE-01
B-01407,DOCK-01|LAPTOP-02|MONITOR-01|WARRANTY-01
B-01408,CABLE-01|DOCK-01|LAPTOP-01|MOUSE-01|WARRANTY-01
B-01409,CLOUD-01|INSTALL-01|RACK-01|SERVER-01
B-01410,CABLE-01|MONITOR-01
B-01411,INSTALL-01|SERVER-01
B-01412,CLOUD-01|INSTALL-01|RACK-01|SERVER-01
B-01413,CABLE-01|CLOUD-01|DOCK-01|INSTALL-01|LAPTOP-01|MOUSE-01|RACK-01|SERVER-01
B-01414,CLOUD-01|INSTALL-01|MONITOR-01|SERVER-01
B-01415,CABLE-01|INSTALL-01|LAPTOP-01|MOUSE-01
B-01416,MONITOR-01
B-01417,CABLE-01|MONITOR-01
B-01418,MONITOR-01
B-01419,MONITOR-01
B-01420,CLOUD-01|SERVER-01
B-01421,DOCK-01|LAPTOP-02|WARRANTY-01
B-01422,LAPTOP-01|SETUP-01|TRAINING-01
B-01423,DOCK-01|INSTALL-01|LAPTOP-02|WARRANTY-01
B-01424,CLOUD-01|SERVER-01
B-01425,DOCK-01|LAPTOP-01|MOUSE-01
B-01426,CLOUD-01|RACK-01|SERVER-01|SUPPORT-01
B-01427,DOCK-01|LAPTOP-01
B-01428,DOCK-01|LAPTOP-01|LAPTOP-02|MOUSE-01|WARRANTY-01
B-01429,INSTALL-01|RACK-01|SERVER-01
B-01430,SETUP-01
B-01431,SETUP-01|SUPPORT-01|TRAINING-01
B-01432,SETUP-01
B-01433,DOCK-01|LAPTOP-01|MOUSE-01|SETUP-01|WARRANTY-01
B-01434,SERVER-01
B-01435,INSTALL-01|SERVER-01|SUPPORT-01
B-01436,DOCK-01|MONITOR-01
B-01437,SETUP-01
B-01438,DOCK-01|LAPTOP-02
B-01439,CABLE-01|INSTALL-01|MONITOR-01
B-01440,CABLE-01|LAPTOP-01|MOUSE-01|SETUP-01|WARRANTY-01
B-01441,DOCK-01|LAPTOP-02|WARRANTY-01
B-01442,CABLE-01|MONITOR-01
B-01443,DOCK-01|LAPTOP-02|WARRANTY-01
B-01444,RACK-01|SERVER-01|SUPPORT-01
B-01445,DOCK-01|LAPTOP-02|MONITOR-01|TRAINING-01
B-01446,DOCK-01|LAPTOP-02|MONITOR-01|WARRANTY-01
B-01447,SETUP-01
B-01448,CABLE-01|MONITOR-01
B-01449,SETUP-01|TRAINING-01
B-01450,SETUP-01
B-01451,INSTALL-01|RACK-01|SERVER-01|SUPPORT-01
B-01452,DOCK-01|LAPTOP-02|MONITOR-01|TRAINING-01|WARRANTY-01
B-01453,CLOUD-01|INSTALL-01|SERVER-01
B-01454,DOCK-01|LAPTOP-01|MOUSE-01|SETUP-01|SUPPORT-01
B-01455,LAPTOP-01|LAPTOP-02|MOUSE-01
B-01456,CABLE-01|DOCK-01|LAPTOP-01|MONITOR-01
B-01457,DOCK-01|MONITOR-01
B-01458,LAPTOP-01|LAPTOP-02|MONITOR-01|WARRANTY-01
B-01459,CABLE-01|DOCK-01|MONITOR-01
B-01460,LAPTOP-02|MONITOR-01|WARRANTY-01
B-01461,CLOUD-01|INSTALL-01|MONITOR-01|RACK-01|SERVER-01|SUPPORT-01
B-01462,CABLE-01|MONITOR-01
B-01463,RACK-01|SERVER-01
B-01464,DOCK-01|LAPTOP-01|MOUSE-01
B-01465,INSTALL-01|SERVER-01
B-01466,DOCK-01|LAPTOP-02
B-01467,SETUP-01
B-01468,MONITOR-01
B-01469,CABLE-01|MONITOR-01|SERVER-01
B-01470,DOCK-01|LAPTOP-01|LAPTOP-02|MOUSE-01|SETUP-01
B-01471,LAPTOP-02|MONITOR-01|SERVER-01|SETUP-01|SUPPORT-01
B-01472,DOCK-01|LAPTOP-02|MONITOR-01
B-01473,LAPTOP-02|MONITOR-01|WARRANTY-01
B-01474,DOCK-01|LAPTOP-02|MONITOR-01
B-01475,SETUP-01|SUPPORT-01
B-01476,DOCK-01|MONITOR-01|SERVER-01
B-01477,SETUP-01
B-01478,CABLE-01|LAPTOP-01|MONITOR-01
B-01479,LAPTOP-02|MONITOR-01
B-01480,DOCK-01|LAPTOP-01
B-01481,INSTALL-01|SERVER-01
B-01482,SETUP-01
B-01483,DOCK-01|LAPTOP-01|LAPTOP-02|MOUSE-01|TRAINING-01
B-01484,MONITOR-01
B-01485,LAPTOP-01
B-01486,CLOUD-01|SERVER-01|SUPPORT-01
B-01487,RACK-01|SERVER-01|SUPPORT-01
B-01488,CLOUD-01|INSTALL-01|RACK-01|SERVER-01
B-01489,CLOUD-01|INSTALL-01|SERVER-01
B-01490,CABLE-01|MONITOR-01
B-01491,SETUP-01|TRAINING-01
B-01492,DOCK-01|LAPTOP-02|WARRANTY-01
B-01493,SETUP-01
B-01494,LAPTOP-02
B-01495,DOCK-01|LAPTOP-02
B-01496,DOCK-01|LAPTOP-01|MOUSE-01
B-01497,CABLE-01|DOCK-01|LAPTOP-01|MOUSE-01
B-01498,INSTALL-01|RACK-01|SERVER-01
B-01499,DOCK-01|LAPTOP-02
B-01500,LAPTOP-01
B-01501,DOCK-01|LAPTOP-01|MOUSE-01
B-01502,SETUP-01
B-01503,DOCK-01|INSTALL-01|MONITOR-01|RACK-01|SERVER-01|SETUP-01
B-01504,LAPTOP-02
B-01505,INSTALL-01|SERVER-01|SUPPORT-01
B-01506,DOCK-01|LAPTOP-02
B-01507,DOCK-01|LAPTOP-02|MONITOR-01
B-01508,DOCK-01|LAPTOP-02|MONITOR-01|TRAINING-01
B-01509,SETUP-01
B-01510,SETUP-01
B-01511,LAPTOP-02|TRAINING-01|WARRANTY-01
B-01512,DOCK-01|LAPTOP-01|WARRANTY-01
B-01513,MONITOR-01
B-01514,DOCK-01|LAPTOP-01|WARRANTY-01
B-01515,SETUP-01
B-01516,CLOUD-01|SERVER-01|SUPPORT-01
B-01517,DOCK-01|LAPTOP-02|WARRANTY-01
B-01518,MONITOR-01
B-01519,CABLE-01|MONITOR-01
B-01520,CABLE-01|DOCK-01|INSTALL-01|MONITOR-01
B-01521,DOCK-01|LAPTOP-02
B-01522,LAPTOP-01|MONITOR-01|MOUSE-01
B-01523,CABLE-01|DOCK-01|MONITOR-01
B-01524,MONITOR-01|MOUSE-01
B-01525,DOCK-01|LAPTOP-02|MONITOR-01|WARRANTY-01
B-01526,SERVER-01|SUPPORT-01
B-01527,SERVER-01|SUPPORT-01
B-01528,MONITOR-01
B-01529,DOCK-01|LAPTOP-01|LAPTOP-02
B-01530,RACK-01|SERVER-01
B-01531,SETUP-01|TRAINING-01
B-01532,CABLE-01|DOCK-01|LAPTOP-01|MOUSE-01
B-01533,RACK-01|SERVER-01|SUPPORT-01
B-01534,DOCK-01|LAPTOP-02|WARRANTY-01
B-01535,SETUP-01
B-01536,INSTALL-01|RACK-01|SERVER-01|SUPPORT-01
B-01537,MONITOR-01|SERVER-01
B-01538,DOCK-01|LAPTOP-01|SETUP-01
B-01539,CLOUD-01|INSTALL-01|RACK-01|SERVER-01|SUPPORT-01
B-01540,INSTALL-01|SERVER-01
B-01541,CABLE-01|LAPTOP-01|SETUP-01|SUPPORT-01|TRAINING-01
B-01542,MONITOR-01
B-01543,CABLE-01|DOCK-01|MONITOR-01
B-01544,CLOUD-01|DOCK-01|LAPTOP-02|MONITOR-01|TRAINING-01|WARRANTY-01
B-01545,CABLE-01|MONITOR-01|SUPPORT-01
B-01546,MONITOR-01|SETUP-01
B-01547,CABLE-01|MONITOR-01
B-01548,CABLE-01|DOCK-01|LAPTOP-01|MOUSE-01|WARRANTY-01
B-01549,LAPTOP-01|MOUSE-01|WARRANTY-01
B-01550,CABLE-01|DOCK-01|MONITOR-01
B-01551,CABLE-01|MONITOR-01
B-01552,CABLE-01|DOCK-01|LAPTOP-01|SETUP-01
B-01553,DOCK-01|MONITOR-01
B-01554,MONITOR-01
B-01555,DOCK-01|LAPTOP-02|WARRANTY-01
B-01556,SETUP-01|SUPPORT-01|TRAINING-01
B-01557,CLOUD-01|MONITOR-01|SERVER-01|SETUP-01
B-01558,INSTALL-01|RACK-01|SERVER-01
B-01559,MONITOR-01|SETUP-01|SUPPORT-01
B-01560,DOCK-01|INSTALL-01|MONITOR-01
B-01561,SETUP-01|SUPPORT-01|TRAINING-01
B-01562,CABLE-01|MONITOR-01
B-01563,INSTALL-01|RACK-01|SERVER-01
B-01564,INSTALL-01|SERVER-01|SUPPORT-01
B-01565,DOCK-01|LAPTOP-01|LAPTOP-02
B-01566,LAPTOP-01|LAPTOP-02|MOUSE-01|TRAINING-01
B-01567,INSTALL-01|MONITOR-01|SERVER-01|SUPPORT-01
B-01568,INSTALL-01|LAPTOP-01|RACK-01|SERVER-01
B-01569,CLOUD-01|LAPTOP-02|MONITOR-01|RACK-01|SERVER-01|WARRANTY-01
B-01570,CLOUD-01|INSTALL-01|RACK-01|SERVER-01|SUPPORT-01
B-01571,LAPTOP-02|MONITOR-01
B-01572,RACK-01|SERVER-01
B-01573,LAPTOP-01|SETUP-01
B-01574,SETUP-01
B-01575,CABLE-01|DOCK-01|MONITOR-01
B-01576,DOCK-01|INSTALL-01|LAPTOP-02|WARRANTY-01
B-01577,DOCK-01|LAPTOP-02
B-01578,LAPTOP-01|MOUSE-01|SETUP-01
B-01579,DOCK-01|LAPTOP-02|MONITOR-01|WARRANTY-01
B-01580,SETUP-01
B-01581,LAPTOP-01|MONITOR-01
B-01582,RACK-01|SERVER-01
B-01583,DOCK-01|LAPTOP-02
B-01584,SETUP-01
B-01585,CABLE-01|MONITOR-01
B-01586,CLOUD-01|LAPTOP-01|MOUSE-01|SETUP-01|WARRANTY-01
B-01587,CLOUD-01|LAPTOP-01|RACK-01|SERVER-01|SUPPORT-01
B-01588,CABLE-01|MONITOR-01
B-01589,INSTALL-01|MONITOR-01|RACK-01|SERVER-01
B-01590,LAPTOP-02|WARRANTY-01
B-01591,SETUP-01|TRAINING-01
B-01592,CLOUD-01|RACK-01|SERVER-01|SETUP-01
B-01593,LAPTOP-02|SETUP-01|SUPPORT-01|TRAINING-01
B-01594,INSTALL-01|RACK-01|SERVER-01|SUPPORT-01
B-01595,SERVER-01|SETUP-01|SUPPORT-01|TRAINING-01
B-01596,SETUP-01
B-01597,LAPTOP-01|WARRANTY-01
B-01598,DOCK-01|LAPTOP-02
B-01599,CABLE-01|DOCK-01|INSTALL-01|LAPTOP-01|WARRANTY-01
B-01600,SETUP-01
B-01601,DOCK-01|LAPTOP-01|MOUSE-01|SUPPORT-01
B-01602,DOCK-01|LAPTOP-01|MOUSE-01|WARRANTY-01
B-01603,CLOUD-01|INSTALL-01|RACK-01|SERVER-01
B-01604,SETUP-01|SUPPORT-01|TRAINING-01
B-01605,LAPTOP-02
B-01606,DOCK-01|LAPTOP-02|MONITOR-01
B-01607,CLOUD-01|INSTALL-01|SERVER-01|SUPPORT-01
B-01608,INSTALL-01|RACK-01|SERVER-01|WARRANTY-01
B-01609,INSTALL-01|RACK-01|SERVER-01
B-01610,DOCK-01|LAPTOP-01|MOUSE-01|SETUP-01
B-01611,DOCK-01|LAPTOP-01|WARRANTY-01
B-01612,SETUP-01
B-01613,DOCK-01|LAPTOP-01|SETUP-01
B-01614,CLOUD-01|INSTALL-01|LAPTOP-01|SERVER-01
B-01615,CLOUD-01|INSTALL-01|SERVER-01|SUPPORT-01
B-01616,CABLE-01|MONITOR-01
B-01617,CLOUD-01|RACK-01|SERVER-01|SUPPORT-01
B-01618,CABLE-01|LAPTOP-01|MOUSE-01|WARRANTY-01
B-01619,CABLE-01|DOCK-01|MONITOR-01|SERVER-01
B-01620,MONITOR-01
B-01621,INSTALL-01|RACK-01|SERVER-01|SUPPORT-01
B-01622,CABLE-01|MONITOR-01
B-01623,CABLE-01|DOCK-01|LAPTOP-01
B-01624,LAPTOP-02|MONITOR-01|WARRANTY-01
B-01625,SERVER-01
B-01626,DOCK-01|LAPTOP-01|MOUSE-01
B-01627,CLOUD-01|INSTALL-01|LAPTOP-02|SERVER-01
B-01628,CABLE-01|DOCK-01|MONITOR-01
B-01629,DOCK-01|LAPTOP-01|MOUSE-01|SETUP-01|WARRANTY-01
B-01630,INSTALL-01|RACK-01|SERVER-01|SUPPORT-01
B-01631,INSTALL-01|LAPTOP-01|MOUSE-01|SETUP-01
B-01632,DOCK-01|LAPTOP-02
B-01633,INSTALL-01|LAPTOP-01|MOUSE-01|SERVER-01
B-01634,SETUP-01|TRAINING-01
B-01635,SETUP-01
B-01636,SETUP-01
B-01637,SETUP-01|TRAINING-01
B-01638,MONITOR-01
B-01639,CABLE-01|MONITOR-01
B-01640,CABLE-01|MONITOR-01
B-01641,DOCK-01|LAPTOP-02|MONITOR-01
B-01642,INSTALL-01|MONITOR-01|SERVER-01|SETUP-01
B-01643,CABLE-01|DOCK-01|LAPTOP-01|MOUSE-01|SETUP-01|WARRANTY-01
B-01644,DOCK-01|LAPTOP-02|WARRANTY-01
B-01645,INSTALL-01|RACK-01|SERVER-01|SUPPORT-01
B-01646,SETUP-01|SUPPORT-01
B-01647,CABLE-01|MONITOR-01|SERVER-01
B-01648,SETUP-01|TRAINING-01
B-01649,CABLE-01|DOCK-01|LAPTOP-01|MOUSE-01|WARRANTY-01
B-01650,LAPTOP-02|MONITOR-01|TRAINING-01
B-01651,RACK-01|SERVER-01|SETUP-01
B-01652,DOCK-01|LAPTOP-01|MOUSE-01|WARRANTY-01
B-01653,CABLE-01|MONITOR-01|SETUP-01
B-01654,CABLE-01|DOCK-01|LAPTOP-01|WARRANTY-01
B-01655,DOCK-01|LAPTOP-01|MOUSE-01|WARRANTY-01
B-01656,DOCK-01|INSTALL-01|LAPTOP-02|WARRANTY-01
B-01657,INSTALL-01|LAPTOP-02|SERVER-01
B-01658,DOCK-01|LAPTOP-02|MONITOR-01
B-01659,INSTALL-01|RACK-01|SERVER-01|SUPPORT-01
B-01660,INSTALL-01|RACK-01|SERVER-01|SUPPORT-01
B-01661,SETUP-01|SUPPORT-01
B-01662,DOCK-01|LAPTOP-01|MOUSE-01|WARRANTY-01
B-01663,CABLE-01|MONITOR-01
B-01664,LAPTOP-02|MONITOR-01|TRAINING-01|WARRANTY-01
B-01665,LAPTOP-02|MONITOR-01|WARRANTY-01
B-01666,SETUP-01
B-01667,CABLE-01|DOCK-01|LAPTOP-01|MOUSE-01
B-01668,INSTALL-01|SERVER-01|SUPPORT-01
B-01669,LAPTOP-01|LAPTOP-02
B-01670,MONITOR-01
B-01671,SETUP-01|SUPPORT-01|TRAINING-01
B-01672,SETUP-01
B-01673,MONITOR-01
B-01674,CABLE-01|DOCK-01|MONITOR-01
B-01675,MONITOR-01
B-01676,CLOUD-01|INSTALL-01|RACK-01|SERVER-01|SETUP-01
B-01677,LAPTOP-02|SERVER-01
B-01678,MONITOR-01
B-01679,DOCK-01|MONITOR-01
B-01680,CLOUD-01|SETUP-01
B-01681,CABLE-01|DOCK-01|MONITOR-01
B-01682,SETUP-01|TRAINING-01
B-01683,CABLE-01|LAPTOP-01|MONITOR-01|MOUSE-01|SETUP-01
B-01684,DOCK-01|LAPTOP-02|SERVER-01|WARRANTY-01
B-01685,DOCK-01|LAPTOP-01|MOUSE-01
B-01686,SETUP-01
B-01687,CLOUD-01|SERVER-01|SUPPORT-01
B-01688,INSTALL-01|RACK-01|SERVER-01|SETUP-01|TRAINING-01
B-01689,LAPTOP-01|LAPTOP-02|MOUSE-01|SETUP-01|WARRANTY-01
B-01690,DOCK-01|LAPTOP-02
B-01691,DOCK-01|LAPTOP-02
B-01692,INSTALL-01|LAPTOP-01|SERVER-01|SUPPORT-01|WARRANTY-01
B-01693,LAPTOP-02|MONITOR-01
B-01694,DOCK-01|MONITOR-01|SETUP-01|SUPPORT-01|TRAINING-01
B-01695,CABLE-01|MONITOR-01
B-01696,DOCK-01|LAPTOP-02
B-01697,CABLE-01|DOCK-01|LAPTOP-01|MONITOR-01
B-01698,CABLE-01|INSTALL-01|MONITOR-01|RACK-01|SERVER-01
B-01699,CLOUD-01|SERVER-01
B-01700,SETUP-01|SUPPORT-01|TRAINING-01
B-01701,SETUP-01|SUPPORT-01|TRAINING-01
B-01702,SETUP-01|TRAINING-01
B-01703,CABLE-01|MONITOR-01
B-01704,LAPTOP-01|MOUSE-01|WARRANTY-01
B-01705,CABLE-01|DOCK-01|LAPTOP-01|MOUSE-01
B-01706,LAPTOP-02|WARRANTY-01
B-01707,CABLE-01|LAPTOP-02|MONITOR-01|TRAINING-01
B-01708,CABLE-01|DOCK-01|MONITOR-01|SETUP-01|TRAINING-01
B-01709,MONITOR-01
B-01710,INSTALL-01|LAPTOP-02|RACK-01|SERVER-01
B-01711,LAPTOP-01|WARRANTY-01
B-01712,SETUP-01|SUPPORT-01
B-01713,DOCK-01|LAPTOP-02|MONITOR-01|WARRANTY-01
B-01714,INSTALL-01|RACK-01|SERVER-01|SUPPORT-01
B-01715,CABLE-01|LAPTOP-01|MOUSE-01|SETUP-01
B-01716,SETUP-01
B-01717,CABLE-01|DOCK-01|MONITOR-01
B-01718,SETUP-01|SUPPORT-01|TRAINING-01
B-01719,DOCK-01|LAPTOP-01|LAPTOP-02|MONITOR-01|WARRANTY-01
B-01720,LAPTOP-02|MONITOR-01|WARRANTY-01
B-01721,SETUP-01|TRAINING-01
B-01722,DOCK-01|LAPTOP-01|WARRANTY-01
B-01723,CABLE-01|DOCK-01|MONITOR-01|RACK-01|SERVER-01
B-01724,CABLE-01|LAPTOP-01|MOUSE-01|SETUP-01|WARRANTY-01
B-01725,LAPTOP-02|WARRANTY-01
B-01726,LAPTOP-01|MOUSE-01|RACK-01|SERVER-01|WARRANTY-01
B-01727,MONITOR-01
B-01728,CABLE-01|DOCK-01|MONITOR-01
B-01729,SETUP-01|SUPPORT-01
B-01730,DOCK-01|MONITOR-01
B-01731,DOCK-01|LAPTOP-01|MOUSE-01|WARRANTY-01
B-01732,DOCK-01|LAPTOP-02|MONITOR-01|WARRANTY-01
B-01733,SETUP-01|SUPPORT-01
B-01734,CABLE-01|DOCK-01|LAPTOP-01|MONITOR-01|MOUSE-01
B-01735,LAPTOP-01|MOUSE-01
B-01736,DOCK-01|LAPTOP-01|MOUSE-01|SETUP-01|WARRANTY-01
B-01737,SERVER-01|SETUP-01|SUPPORT-01
B-01738,MONITOR-01
B-01739,CABLE-01|MONITOR-01
B-01740,DOCK-01|LAPTOP-02|MONITOR-01
B-01741,CLOUD-01|DOCK-01|LAPTOP-01|SERVER-01|SUPPORT-01|WARRANTY-01
B-01742,CABLE-01|CLOUD-01|DOCK-01|INSTALL-01|MONITOR-01|SERVER-01
B-01743,CABLE-01|LAPTOP-02|MONITOR-01|WARRANTY-01
B-01744,CABLE-01|MONITOR-01
B-01745,CABLE-01|DOCK-01|INSTALL-01|LAPTOP-01|RACK-01|SERVER-01|SETUP-01
B-01746,MONITOR-01
B-01747,CABLE-01|DOCK-01|MONITOR-01
B-01748,CABLE-01|LAPTOP-01|MOUSE-01|SETUP-01|WARRANTY-01
B-01749,CABLE-01|INSTALL-01|MONITOR-01|SETUP-01
B-01750,CABLE-01|DOCK-01|LAPTOP-01
B-01751,SETUP-01
B-01752,LAPTOP-01|LAPTOP-02|WARRANTY-01
B-01753,DOCK-01|LAPTOP-01|MOUSE-01
B-01754,LAPTOP-01|MOUSE-01|WARRANTY-01
B-01755,CLOUD-01|DOCK-01|INSTALL-01|LAPTOP-02|MONITOR-01|SERVER-01|SUPPORT-01
B-01756,CLOUD-01|SERVER-01|SUPPORT-01
B-01757,DOCK-01|LAPTOP-01|MOUSE-01
B-01758,DOCK-01|LAPTOP-01|SERVER-01|SETUP-01|WARRANTY-01
B-01759,DOCK-01|INSTALL-01|SERVER-01
B-01760,DOCK-01|LAPTOP-01|MOUSE-01|SETUP-01|WARRANTY-01
B-01761,LAPTOP-02|WARRANTY-01
B-01762,CABLE-01|LAPTOP-01|MOUSE-01|SERVER-01
B-01763,LAPTOP-02|WARRANTY-01
B-01764,SETUP-01|SUPPORT-01
B-01765,DOCK-01|LAPTOP-01|MOUSE-01|SETUP-01
B-01766,DOCK-01|LAPTOP-01|WARRANTY-01
B-01767,INSTALL-01|RACK-01|SERVER-01|SUPPORT-01
B-01768,CABLE-01|LAPTOP-02|MONITOR-01|WARRANTY-01
B-01769,LAPTOP-02|MONITOR-01|SETUP-01
B-01770,LAPTOP-02|SETUP-01|SUPPORT-01
B-01771,DOCK-01|LAPTOP-02|MONITOR-01|WARRANTY-01
B-01772,INSTALL-01|RACK-01|SERVER-01|SETUP-01
B-01773,DOCK-01|LAPTOP-01|SETUP-01
B-01774,SETUP-01
B-01775,INSTALL-01|LAPTOP-01|MOUSE-01|WARRANTY-01
B-01776,MONITOR-01|SETUP-01|SUPPORT-01
B-01777,DOCK-01|LAPTOP-01|RACK-01|SERVER-01|WARRANTY-01
B-01778,CABLE-01|MONITOR-01|SETUP-01
B-01779,CABLE-01|MONITOR-01
B-01780,CLOUD-01|INSTALL-01|RACK-01|SERVER-01|SUPPORT-01
B-01781,DOCK-01|LAPTOP-02
B-01782,MONITOR-01
B-01783,SETUP-01|SUPPORT-01|TRAINING-01
B-01784,SETUP-01|TRAINING-01
B-01785,DOCK-01|LAPTOP-01|MOUSE-01
B-01786,DOCK-01|LAPTOP-02|WARRANTY-01
B-01787,LAPTOP-01|MONITOR-01|WARRANTY-01
B-01788,CLOUD-01|RACK-01|SERVER-01
B-01789,MONITOR-01|SETUP-01|TRAINING-01
B-01790,SETUP-01
B-01791,SETUP-01
B-01792,DOCK-01|LAPTOP-02|MONITOR-01|SETUP-01|WARRANTY-01
B-01793,CABLE-01|DOCK-01|MONITOR-01
B-01794,CABLE-01|DOCK-01|LAPTOP-01
B-01795,CABLE-01|DOCK-01|LAPTOP-01|MONITOR-01|MOUSE-01
B-01796,LAPTOP-01
B-01797,CABLE-01|MONITOR-01|SUPPORT-01
B-01798,CABLE-01|DOCK-01|LAPTOP-01|WARRANTY-01
B-01799,CABLE-01|MONITOR-01
B-01800,CABLE-01|DOCK-01|INSTALL-01|LAPTOP-01|MOUSE-01|RACK-01|SERVER-01
B-01801,INSTALL-01|RACK-01|SERVER-01|SUPPORT-01
B-01802,CABLE-01|LAPTOP-01|MOUSE-01|WARRANTY-01
B-01803,DOCK-01|LAPTOP-02|MONITOR-01
B-01804,RACK-01|SERVER-01|SUPPORT-01
B-01805,CLOUD-01|RACK-01|SERVER-01|SUPPORT-01
B-01806,CABLE-01|MONITOR-01
B-01807,CLOUD-01|INSTALL-01|RACK-01|SERVER-01|SUPPORT-01
B-01808,CLOUD-01|DOCK-01|LAPTOP-01|MOUSE-01|SETUP-01|WARRANTY-01
B-01809,MONITOR-01
B-01810,SETUP-01
B-01811,CABLE-01|DOCK-01|LAPTOP-01|MONITOR-01
B-01812,CLOUD-01|RACK-01|SERVER-01|SUPPORT-01
B-01813,CABLE-01|DOCK-01|LAPTOP-01|MOUSE-01
B-01814,LAPTOP-02|WARRANTY-01
B-01815,DOCK-01|LAPTOP-01|MOUSE-01|SUPPORT-01|WARRANTY-01
B-01816,SETUP-01
B-01817,DOCK-01|LAPTOP-02|WARRANTY-01
B-01818,CABLE-01|DOCK-01|MONITOR-01|SERVER-01
B-01819,CLOUD-01|SERVER-01|SUPPORT-01
B-01820,CABLE-01|DOCK-01|LAPTOP-01|MOUSE-01
B-01821,CABLE-01|MONITOR-01
B-01822,LAPTOP-02|MONITOR-01
B-01823,CLOUD-01|INSTALL-01|SERVER-01
B-01824,SETUP-01
B-01825,DOCK-01|INSTALL-01|SERVER-01|SUPPORT-01
B-01826,DOCK-01|LAPTOP-01|MOUSE-01|WARRANTY-01
B-01827,LAPTOP-01|SETUP-01|WARRANTY-01
B-01828,LAPTOP-01|MOUSE-01|WARRANTY-01
B-01829,INSTALL-01|RACK-01|SERVER-01
B-01830,SETUP-01|SUPPORT-01
B-01831,RACK-01|SERVER-01|SETUP-01|SUPPORT-01
B-01832,LAPTOP-02
B-01833,INSTALL-01|SERVER-01|SUPPORT-01
B-01834,CABLE-01|DOCK-01|LAPTOP-01|LAPTOP-02|MONITOR-01|WARRANTY-01
B-01835,RACK-01|SERVER-01
B-01836,SETUP-01
B-01837,DOCK-01|LAPTOP-01|MOUSE-01|SETUP-01|WARRANTY-01
B-01838,MONITOR-01
B-01839,SETUP-01|TRAINING-01
B-01840,MONITOR-01
B-01841,CABLE-01|LAPTOP-01|MOUSE-01|SETUP-01
B-01842,SETUP-01
B-01843,CABLE-01|MONITOR-01
B-01844,DOCK-01|LAPTOP-02|MONITOR-01
B-01845,RACK-01|SERVER-01|SUPPORT-01
B-01846,LAPTOP-01|SETUP-01|WARRANTY-01
B-01847,CLOUD-01|RACK-01|SERVER-01
B-01848,LAPTOP-01
B-01849,LAPTOP-02|TRAINING-01|WARRANTY-01
B-01850,CLOUD-01|INSTALL-01|RACK-01|SERVER-01|SUPPORT-01
B-01851,INSTALL-01|LAPTOP-01
B-01852,CABLE-01|DOCK-01|MONITOR-01
B-01853,DOCK-01|LAPTOP-01|LAPTOP-02
B-01854,DOCK-01|LAPTOP-01|MOUSE-01|SETUP-01|WARRANTY-01
B-01855,CABLE-01|LAPTOP-01|WARRANTY-01
B-01856,SETUP-01|TRAINING-01
B-01857,LAPTOP-01|MONITOR-01|MOUSE-01|SETUP-01|TRAINING-01
B-01858,DOCK-01|LAPTOP-02|MONITOR-01
B-01859,CABLE-01|DOCK-01|MONITOR-01|SETUP-01
B-01860,DOCK-01|LAPTOP-02|WARRANTY-01
B-01861,INSTALL-01|RACK-01|SERVER-01
B-01862,DOCK-01|LAPTOP-01|MOUSE-01|WARRANTY-01
B-01863,SETUP-01
B-01864,INSTALL-01|RACK-01|SERVER-01|SUPPORT-01
B-01865,CABLE-01|LAPTOP-01|MOUSE-01|WARRANTY-01
B-01866,SERVER-01|SETUP-01
B-01867,DOCK-01|LAPTOP-02
B-01868,CLOUD-01|LAPTOP-02|SERVER-01|SUPPORT-01
B-01869,DOCK-01|LAPTOP-01|MOUSE-01|WARRANTY-01
B-01870,DOCK-01|LAPTOP-02|MONITOR-01|WARRANTY-01
B-01871,SETUP-01|TRAINING-01
B-01872,CABLE-01|LAPTOP-01|MOUSE-01
B-01873,SETUP-01|SUPPORT-01
B-01874,SETUP-01|SUPPORT-01
B-01875,CABLE-01|MONITOR-01
B-01876,CLOUD-01|INSTALL-01|SERVER-01
B-01877,DOCK-01|LAPTOP-01|SETUP-01
B-01878,DOCK-01|MONITOR-01|SETUP-01|SUPPORT-01
B-01879,DOCK-01|LAPTOP-01|SETUP-01
B-01880,DOCK-01|LAPTOP-01|LAPTOP-02|MOUSE-01|WARRANTY-01
B-01881,CABLE-01|LAPTOP-01|MOUSE-01|SETUP-01|WARRANTY-01
B-01882,LAPTOP-02|MONITOR-01|SUPPORT-01|TRAINING-01
B-01883,DOCK-01|MONITOR-01
B-01884,DOCK-01|LAPTOP-02|MONITOR-01|TRAINING-01
B-01885,CABLE-01|DOCK-01|MONITOR-01|RACK-01|SERVER-01|SUPPORT-01
B-01886,SETUP-01
B-01887,RACK-01|SERVER-01
B-01888,INSTALL-01|RACK-01|SERVER-01
B-01889,CABLE-01|DOCK-01|INSTALL-01|LAPTOP-01|MOUSE-01|RACK-01|SERVER-01
B-01890,SETUP-01
B-01891,RACK-01|SERVER-01|SUPPORT-01
B-01892,DOCK-01|LAPTOP-02|MONITOR-01
B-01893,CABLE-01|DOCK-01|MONITOR-01|SERVER-01
B-01894,INSTALL-01|MONITOR-01
B-01895,DOCK-01|LAPTOP-02|MONITOR-01|TRAINING-01
B-01896,SETUP-01
B-01897,CLOUD-01|RACK-01|SERVER-01|SUPPORT-01
B-01898,RACK-01|SERVER-01|SUPPORT-01
B-01899,INSTALL-01|RACK-01|SERVER-01
B-01900,LAPTOP-01|LAPTOP-02|MOUSE-01
B-01901,LAPTOP-01|MONITOR-01|MOUSE-01|RACK-01|SETUP-01|WARRANTY-01
B-01902,DOCK-01|MONITOR-01
B-01903,DOCK-01|LAPTOP-02|SETUP-01|WARRANTY-01
B-01904,LAPTOP-01|MOUSE-01|WARRANTY-01
B-01905,DOCK-01|LAPTOP-01|MOUSE-01|SETUP-01|WARRANTY-01
B-01906,MONITOR-01
B-01907,INSTALL-01|LAPTOP-01|SERVER-01|WARRANTY-01
B-01908,LAPTOP-02|MONITOR-01
B-01909,CABLE-01|CLOUD-01|INSTALL-01|LAPTOP-01|MOUSE-01|RACK-01|SERVER-01|SUPPORT-01
B-01910,CLOUD-01|RACK-01|SERVER-01|SUPPORT-01
B-01911,CLOUD-01|DOCK-01|LAPTOP-01|MOUSE-01|WARRANTY-01
B-01912,CABLE-01|LAPTOP-01|MOUSE-01
B-01913,DOCK-01|LAPTOP-01|MOUSE-01|SETUP-01|WARRANTY-01
B-01914,DOCK-01|INSTALL-01|LAPTOP-01|RACK-01|SERVER-01|SUPPORT-01|WARRANTY-01
B-01915,LAPTOP-02|MONITOR-01
B-01916,LAPTOP-02|SETUP-01|WARRANTY-01
B-01917,MONITOR-01
B-01918,CLOUD-01|RACK-01|SERVER-01|SUPPORT-01
B-01919,CLOUD-01|DOCK-01|INSTALL-01|LAPTOP-02|RACK-01|SERVER-01|SUPPORT-01
B-01920,LAPTOP-02|MONITOR-01
B-01921,DOCK-01|LAPTOP-02|MONITOR-01|TRAINING-01
B-01922,MONITOR-01|SETUP-01|TRAINING-01
B-01923,MONITOR-01
B-01924,INSTALL-01|RACK-01|SERVER-01|SUPPORT-01
B-01925,CABLE-01|MONITOR-01
B-01926,SETUP-01|TRAINING-01
B-01927,CABLE-01|DOCK-01|LAPTOP-01|MONITOR-01
B-01928,CABLE-01|DOCK-01|MONITOR-01|SERVER-01
B-01929,CABLE-01|MONITOR-01
B-01930,DOCK-01|LAPTOP-01|MONITOR-01|MOUSE-01
B-01931,LAPTOP-02|SERVER-01|SETUP-01|WARRANTY-01
B-01932,SETUP-01
B-01933,LAPTOP-02|TRAINING-01|WARRANTY-01
B-01934,SETUP-01|SUPPORT-01
B-01935,CABLE-01|DOCK-01|LAPTOP-01|MOUSE-01|SETUP-01
B-01936,SETUP-01
B-01937,DOCK-01|LAPTOP-01|LAPTOP-02|MONITOR-01|TRAINING-01|WARRANTY-01
B-01938,DOCK-01|LAPTOP-02|MONITOR-01
B-01939,LAPTOP-02|SETUP-01|SUPPORT-01|TRAINING-01
B-01940,CABLE-01|DOCK-01|LAPTOP-01
B-01941,CABLE-01|DOCK-01|LAPTOP-01|MOUSE-01|SETUP-01|WARRANTY-01
B-01942,SETUP-01|TRAINING-01
B-01943,CLOUD-01|DOCK-01|LAPTOP-02|RACK-01|SERVER-01|SUPPORT-01|WARRANTY-01
B-01944,LAPTOP-01|MOUSE-01|RACK-01|SERVER-01|SUPPORT-01|WARRANTY-01
B-01945,CLOUD-01|INSTALL-01|RACK-01|SERVER-01
B-01946,DOCK-01|INSTALL-01|LAPTOP-01|RACK-01|SERVER-01|WARRANTY-01
B-01947,DOCK-01|LAPTOP-02|WARRANTY-01
B-01948,SETUP-01|SUPPORT-01|TRAINING-01
B-01949,SETUP-01|TRAINING-01
B-01950,LAPTOP-02|TRAINING-01
B-01951,CLOUD-01|DOCK-01|INSTALL-01|RACK-01|SERVER-01
B-01952,DOCK-01|LAPTOP-01|SETUP-01|WARRANTY-01
B-01953,LAPTOP-01|WARRANTY-01
B-01954,CABLE-01|LAPTOP-02|MONITOR-01|TRAINING-01
B-01955,DOCK-01|LAPTOP-02|MONITOR-01
B-01956,LAPTOP-02|SETUP-01|TRAINING-01|WARRANTY-01
B-01957,DOCK-01|LAPTOP-02|MONITOR-01|TRAINING-01|WARRANTY-01
B-01958,INSTALL-01|RACK-01|SERVER-01
B-01959,MONITOR-01|MOUSE-01
B-01960,INSTALL-01|RACK-01|SERVER-01
B-01961,CLOUD-01|INSTALL-01|LAPTOP-02|SERVER-01|SUPPORT-01
B-01962,RACK-01|SERVER-01|SUPPORT-01|TRAINING-01
B-01963,SETUP-01|TRAINING-01
B-01964,CABLE-01|MONITOR-01
B-01965,CABLE-01|MONITOR-01
B-01966,DOCK-01|LAPTOP-02
B-01967,CABLE-01|DOCK-01|LAPTOP-01|MONITOR-01
B-01968,MONITOR-01
B-01969,DOCK-01|INSTALL-01|LAPTOP-01|WARRANTY-01
B-01970,CABLE-01|MONITOR-01|RACK-01
B-01971,MONITOR-01
B-01972,DOCK-01|LAPTOP-01
B-01973,CLOUD-01|INSTALL-01|RACK-01|SERVER-01|SETUP-01
B-01974,CABLE-01|DOCK-01|MONITOR-01|SERVER-01
B-01975,SETUP-01|SUPPORT-01
B-01976,DOCK-01|LAPTOP-01
B-01977,MONITOR-01
B-01978,LAPTOP-01|MOUSE-01
B-01979,DOCK-01|LAPTOP-01|LAPTOP-02|MOUSE-01|WARRANTY-01
B-01980,DOCK-01|INSTALL-01|MONITOR-01
B-01981,INSTALL-01|RACK-01|SERVER-01
B-01982,CABLE-01|MONITOR-01
B-01983,LAPTOP-02|MONITOR-01
B-01984,CABLE-01|MONITOR-01
B-01985,CABLE-01|SETUP-01
B-01986,DOCK-01|MONITOR-01
B-01987,DOCK-01|LAPTOP-02|WARRANTY-01
B-01988,DOCK-01|LAPTOP-01|WARRANTY-01
B-01989,DOCK-01|LAPTOP-01|LAPTOP-02|MONITOR-01
B-01990,MONITOR-01
B-01991,SETUP-01|TRAINING-01
B-01992,CABLE-01|DOCK-01|LAPTOP-01|WARRANTY-01
B-01993,CLOUD-01|INSTALL-01|RACK-01|SERVER-01
B-01994,DOCK-01|MONITOR-01
B-01995,SETUP-01|SUPPORT-01
B-01996,SETUP-01|TRAINING-01
B-01997,CLOUD-01|INSTALL-01|RACK-01|SERVER-01|SUPPORT-01
B-01998,LAPTOP-02
B-01999,CABLE-01|DOCK-01|LAPTOP-01|MOUSE-01
B-02000,SETUP-01|TRAINING-01
B-02001,CABLE-01|LAPTOP-01|MOUSE-01|SETUP-01|WARRANTY-01
B-02002,RACK-01|SETUP-01|SUPPORT-01
B-02003,INSTALL-01|RACK-01|SERVER-01
B-02004,MOUSE-01|SETUP-01
B-02005,CABLE-01|LAPTOP-02|MONITOR-01|TRAINING-01
B-02006,SETUP-01|TRAINING-01
B-02007,MONITOR-01
B-02008,CABLE-01|MONITOR-01
B-02009,RACK-01|SERVER-01|SUPPORT-01
B-02010,DOCK-01|LAPTOP-01|MOUSE-01
B-02011,CABLE-01|LAPTOP-01|WARRANTY-01
B-02012,SETUP-01
B-02013,CABLE-01|MONITOR-01|SETUP-01|TRAINING-01
B-02014,CABLE-01|DOCK-01|LAPTOP-01|SETUP-01
B-02015,RACK-01|SERVER-01|SETUP-01|SUPPORT-01|TRAINING-01
B-02016,DOCK-01|LAPTOP-01|MOUSE-01
B-02017,SETUP-01|TRAINING-01
B-02018,CLOUD-01|SETUP-01|SUPPORT-01|TRAINING-01
B-02019,CLOUD-01|INSTALL-01|LAPTOP-02|RACK-01|SERVER-01|TRAINING-01
B-02020,CLOUD-01|RACK-01|SERVER-01
B-02021,CABLE-01|LAPTOP-01|MONITOR-01|MOUSE-01|SETUP-01|WARRANTY-01
B-02022,CABLE-01|MONITOR-01
B-02023,CABLE-01|DOCK-01|LAPTOP-01|MOUSE-01
B-02024,LAPTOP-02|WARRANTY-01
B-02025,SETUP-01
B-02026,DOCK-01|LAPTOP-02|TRAINING-01
B-02027,MONITOR-01|SETUP-01|SUPPORT-01|TRAINING-01
B-02028,CABLE-01|DOCK-01|LAPTOP-01|MONITOR-01|MOUSE-01|WARRANTY-01
B-02029,DOCK-01|LAPTOP-02|WARRANTY-01
B-02030,CABLE-01|LAPTOP-01|MOUSE-01
B-02031,DOCK-01|LAPTOP-01|MOUSE-01|SETUP-01|WARRANTY-01
B-02032,CLOUD-01|INSTALL-01|RACK-01|SERVER-01|SUPPORT-01
B-02033,SETUP-01
B-02034,DOCK-01|LAPTOP-01|MOUSE-01|TRAINING-01
B-02035,CABLE-01|DOCK-01|MONITOR-01
B-02036,SETUP-01|SUPPORT-01
B-02037,LAPTOP-02|SETUP-01
B-02038,SETUP-01
B-02039,INSTALL-01|SERVER-01|SETUP-01
B-02040,DOCK-01|MONITOR-01
B-02041,CABLE-01|LAPTOP-01|MOUSE-01
B-02042,CLOUD-01|INSTALL-01|LAPTOP-01|MOUSE-01|SERVER-01|SUPPORT-01
B-02043,MOUSE-01|SETUP-01|TRAINING-01
B-02044,INSTALL-01|RACK-01|SERVER-01
B-02045,LAPTOP-02|MONITOR-01|SETUP-01
B-02046,CLOUD-01|INSTALL-01|SERVER-01
B-02047,DOCK-01|MONITOR-01
B-02048,SETUP-01|SUPPORT-01
B-02049,DOCK-01|MONITOR-01
B-02050,CABLE-01|MONITOR-01
B-02051,SETUP-01|SUPPORT-01|TRAINING-01
B-02052,DOCK-01|LAPTOP-02|RACK-01
B-02053,CLOUD-01|INSTALL-01|RACK-01|SERVER-01
B-02054,DOCK-01|LAPTOP-01|SETUP-01
B-02055,INSTALL-01|RACK-01|SERVER-01|SETUP-01
B-02056,LAPTOP-01|MOUSE-01
B-02057,CABLE-01|LAPTOP-01|MONITOR-01|SETUP-01|WARRANTY-01
B-02058,RACK-01|SERVER-01|SETUP-01
B-02059,CABLE-01|DOCK-01|LAPTOP-01|SETUP-01
B-02060,INSTALL-01|RACK-01|SERVER-01|SUPPORT-01
B-02061,RACK-01|SERVER-01|SUPPORT-01
B-02062,DOCK-01|LAPTOP-01|MOUSE-01
B-02063,DOCK-01|LAPTOP-02|WARRANTY-01
B-02064,DOCK-01|INSTALL-01|LAPTOP-01|MOUSE-01|SERVER-01
B-02065,DOCK-01|LAPTOP-02|TRAINING-01|WARRANTY-01
B-02066,LAPTOP-01|MOUSE-01|SETUP-01
B-02067,LAPTOP-02
B-02068,CLOUD-01|RACK-01|SERVER-01
B-02069,LAPTOP-02|WARRANTY-01
B-02070,SERVER-01|SUPPORT-01
B-02071,CABLE-01|LAPTOP-01
B-02072,LAPTOP-01|MOUSE-01|RACK-01|WARRANTY-01
B-02073,SETUP-01
B-02074,CABLE-01|LAPTOP-01|MONITOR-01
B-02075,DOCK-01|LAPTOP-01|MOUSE-01|WARRANTY-01
B-02076,DOCK-01|LAPTOP-01|MONITOR-01|WARRANTY-01
B-02077,DOCK-01|MONITOR-01|SERVER-01|SUPPORT-01
B-02078,LAPTOP-01|MOUSE-01|WARRANTY-01
B-02079,MONITOR-01|MOUSE-01
B-02080,CLOUD-01|DOCK-01|INSTALL-01|LAPTOP-02|SERVER-01|TRAINING-01|WARRANTY-01
B-02081,CLOUD-01|SERVER-01
B-02082,CABLE-01|MONITOR-01
B-02083,RACK-01|SERVER-01|SUPPORT-01
B-02084,CLOUD-01|INSTALL-01|SERVER-01|SETUP-01
B-02085,LAPTOP-01|MOUSE-01|SETUP-01|WARRANTY-01
B-02086,SETUP-01|SUPPORT-01
B-02087,CABLE-01|DOCK-01|MONITOR-01
B-02088,LAPTOP-01|MOUSE-01|WARRANTY-01
B-02089,LAPTOP-02|SETUP-01
B-02090,CLOUD-01|LAPTOP-02|RACK-01|SERVER-01|SUPPORT-01
B-02091,CABLE-01|MONITOR-01
B-02092,INSTALL-01|RACK-01|SERVER-01
B-02093,DOCK-01|MONITOR-01
B-02094,DOCK-01|LAPTOP-01|MOUSE-01|WARRANTY-01
B-02095,SETUP-01|SUPPORT-01
B-02096,INSTALL-01|RACK-01|SERVER-01|SETUP-01|SUPPORT-01
B-02097,DOCK-01|INSTALL-01|LAPTOP-01|MOUSE-01|WARRANTY-01
B-02098,CABLE-01|LAPTOP-01|MONITOR-01|MOUSE-01|WARRANTY-01
B-02099,SETUP-01|TRAINING-01
B-02100,CABLE-01|DOCK-01|LAPTOP-01|WARRANTY-01
B-02101,DOCK-01|LAPTOP-02|MONITOR-01
B-02102,INSTALL-01|RACK-01|SERVER-01
B-02103,MONITOR-01
B-02104,DOCK-01|MONITOR-01
B-02105,SETUP-01
B-02106,DOCK-01|LAPTOP-02|MONITOR-01|TRAINING-01|WARRANTY-01
B-02107,DOCK-01|LAPTOP-02|MONITOR-01
B-02108,LAPTOP-02|MONITOR-01|TRAINING-01|WARRANTY-01
B-02109,INSTALL-01|RACK-01|SERVER-01
B-02110,CLOUD-01|DOCK-01|LAPTOP-02|MONITOR-01|RACK-01|SERVER-01|WARRANTY-01
B-02111,MONITOR-01
B-02112,CABLE-01|DOCK-01|LAPTOP-01|LAPTOP-02|MONITOR-01|MOUSE-01|WARRANTY-01
B-02113,LAPTOP-02
B-02114,SETUP-01|TRAINING-01
B-02115,CLOUD-01|RACK-01|SERVER-01|SUPPORT-01
B-02116,LAPTOP-01|MOUSE-01
B-02117,LAPTOP-01|MOUSE-01|SETUP-01
B-02118,LAPTOP-01|MOUSE-01
B-02119,DOCK-01|MONITOR-01
B-02120,INSTALL-01|LAPTOP-02|RACK-01|SERVER-01|SUPPORT-01
B-02121,SETUP-01
B-02122,DOCK-01|LAPTOP-01|MOUSE-01
B-02123,SETUP-01
B-02124,CABLE-01|LAPTOP-01|MOUSE-01|WARRANTY-01
B-02125,INSTALL-01|RACK-01|SERVER-01|SUPPORT-01
B-02126,LAPTOP-01|SETUP-01
B-02127,CABLE-01|LAPTOP-01|MOUSE-01|WARRANTY-01
B-02128,CLOUD-01|INSTALL-01|LAPTOP-02|RACK-01|SERVER-01
B-02129,INSTALL-01|SERVER-01|SUPPORT-01
B-02130,LAPTOP-01|SERVER-01|WARRANTY-01
B-02131,DOCK-01|LAPTOP-01|RACK-01|SERVER-01
B-02132,INSTALL-01|RACK-01|SERVER-01
B-02133,DOCK-01|LAPTOP-02|MONITOR-01|WARRANTY-01
B-02134,SETUP-01
B-02135,SERVER-01|SUPPORT-01
B-02136,CABLE-01|MONITOR-01
B-02137,SETUP-01|TRAINING-01
B-02138,LAPTOP-01|LAPTOP-02
B-02139,CABLE-01|LAPTOP-01|MOUSE-01
B-02140,LAPTOP-01|MOUSE-01|RACK-01|SERVER-01|SETUP-01|SUPPORT-01
B-02141,SERVER-01|SUPPORT-01
B-02142,DOCK-01|LAPTOP-01|MOUSE-01|WARRANTY-01
B-02143,LAPTOP-01|SETUP-01
B-02144,DOCK-01|LAPTOP-01|MOUSE-01
B-02145,CLOUD-01|INSTALL-01|SERVER-01|SUPPORT-01
B-02146,LAPTOP-01|MOUSE-01|WARRANTY-01
B-02147,CABLE-01|LAPTOP-01|MOUSE-01|SETUP-01|WARRANTY-01
B-02148,LAPTOP-02|MONITOR-01|WARRANTY-01
B-02149,MONITOR-01
B-02150,LAPTOP-01|MOUSE-01|RACK-01|WARRANTY-01
B-02151,INSTALL-01|SERVER-01
B-02152,DOCK-01|LAPTOP-01|LAPTOP-02|MONITOR-01|TRAINING-01
B-02153,DOCK-01|LAPTOP-01|MOUSE-01|SETUP-01|WARRANTY-01
B-02154,LAPTOP-01|MOUSE-01|SETUP-01
B-02155,SETUP-01
B-02156,CLOUD-01|RACK-01|SERVER-01|SUPPORT-01
B-02157,CABLE-01|DOCK-01|LAPTOP-01|MOUSE-01
B-02158,DOCK-01|MONITOR-01
B-02159,CABLE-01|LAPTOP-01|MOUSE-01
B-02160,DOCK-01|LAPTOP-02|WARRANTY-01
B-02161,SETUP-01
B-02162,LAPTOP-02|WARRANTY-01
B-02163,DOCK-01|LAPTOP-01|MOUSE-01
B-02164,LAPTOP-02|SETUP-01|SUPPORT-01
B-02165,DOCK-01|MONITOR-01
B-02166,INSTALL-01|RACK-01|SERVER-01
B-02167,DOCK-01|LAPTOP-01|MOUSE-01
B-02168,CABLE-01|DOCK-01|LAPTOP-01|MOUSE-01|SETUP-01
B-02169,DOCK-01|LAPTOP-02|MONITOR-01
B-02170,DOCK-01|MONITOR-01|SERVER-01
B-02171,DOCK-01|LAPTOP-02
B-02172,INSTALL-01|MOUSE-01|SERVER-01|SUPPORT-01
B-02173,INSTALL-01|SERVER-01
B-02174,CLOUD-01|INSTALL-01|MONITOR-01|SERVER-01|SUPPORT-01|TRAINING-01
B-02175,CABLE-01|DOCK-01|LAPTOP-01|MOUSE-01|SETUP-01
B-02176,LAPTOP-02
B-02177,DOCK-01|LAPTOP-01|MOUSE-01
B-02178,LAPTOP-02|MONITOR-01|SETUP-01|TRAINING-01
B-02179,SETUP-01|TRAINING-01
B-02180,SETUP-01|SUPPORT-01|TRAINING-01
B-02181,CABLE-01|LAPTOP-01|MONITOR-01|MOUSE-01|SETUP-01
B-02182,LAPTOP-01|SETUP-01|SUPPORT-01
B-02183,INSTALL-01|LAPTOP-02|MONITOR-01|SERVER-01|WARRANTY-01
B-02184,DOCK-01|LAPTOP-01|MOUSE-01|SETUP-01|WARRANTY-01
B-02185,CABLE-01|LAPTOP-01|MOUSE-01|SETUP-01|SUPPORT-01|WARRANTY-01
B-02186,DOCK-01|LAPTOP-02|MONITOR-01
B-02187,SETUP-01
B-02188,CLOUD-01|LAPTOP-01|SERVER-01|SUPPORT-01
B-02189,INSTALL-01|RACK-01|SERVER-01
B-02190,DOCK-01|LAPTOP-02|MONITOR-01|TRAINING-01|WARRANTY-01
B-02191,INSTALL-01|RACK-01|SERVER-01
B-02192,DOCK-01|LAPTOP-01|MOUSE-01
B-02193,CABLE-01|DOCK-01|LAPTOP-01|MOUSE-01|WARRANTY-01
B-02194,CLOUD-01|SETUP-01|SUPPORT-01
B-02195,CABLE-01|MONITOR-01
B-02196,MONITOR-01|SUPPORT-01
B-02197,CABLE-01|DOCK-01|LAPTOP-01|MOUSE-01|SETUP-01|WARRANTY-01
B-02198,SETUP-01
B-02199,CABLE-01|DOCK-01|LAPTOP-01|SERVER-01
B-02200,RACK-01|SERVER-01|SUPPORT-01
B-02201,CLOUD-01|INSTALL-01|SERVER-01
B-02202,SETUP-01
B-02203,LAPTOP-02|MONITOR-01|SETUP-01
B-02204,DOCK-01|LAPTOP-02|MONITOR-01|WARRANTY-01
B-02205,DOCK-01|LAPTOP-01|MONITOR-01|MOUSE-01|WARRANTY-01
B-02206,INSTALL-01|RACK-01|SERVER-01
B-02207,LAPTOP-01|MOUSE-01|SETUP-01|SUPPORT-01
B-02208,LAPTOP-01|MOUSE-01|SETUP-01
B-02209,LAPTOP-02|MONITOR-01
B-02210,SETUP-01
B-02211,INSTALL-01|RACK-01|SERVER-01|SUPPORT-01
B-02212,CABLE-01|DOCK-01|MONITOR-01|SETUP-01|TRAINING-01
B-02213,LAPTOP-01|LAPTOP-02|SETUP-01
B-02214,DOCK-01|LAPTOP-01|MOUSE-01|WARRANTY-01
B-02215,CABLE-01|DOCK-01|LAPTOP-01|MOUSE-01
B-02216,CABLE-01|LAPTOP-01|MOUSE-01|SETUP-01|WARRANTY-01
B-02217,SETUP-01|TRAINING-01
B-02218,SETUP-01|SUPPORT-01
B-02219,MONITOR-01
B-02220,DOCK-01|LAPTOP-01|MOUSE-01|SETUP-01|WARRANTY-01
B-02221,CABLE-01|MONITOR-01
B-02222,CLOUD-01|INSTALL-01|RACK-01|SERVER-01
B-02223,DOCK-01|LAPTOP-01|MOUSE-01|WARRANTY-01
B-02224,SETUP-01|SUPPORT-01
B-02225,LAPTOP-01|MONITOR-01|MOUSE-01|WARRANTY-01
B-02226,DOCK-01|LAPTOP-01|MONITOR-01
B-02227,INSTALL-01|RACK-01|SERVER-01|SUPPORT-01
B-02228,CABLE-01|DOCK-01|LAPTOP-01|MOUSE-01
B-02229,LAPTOP-02|MONITOR-01
B-02230,CABLE-01|CLOUD-01|LAPTOP-01|MOUSE-01|WARRANTY-01
B-02231,DOCK-01|LAPTOP-01
B-02232,CABLE-01|MONITOR-01
B-02233,CLOUD-01|RACK-01|SERVER-01|SUPPORT-01
B-02234,SETUP-01
B-02235,CABLE-01|MONITOR-01
B-02236,MONITOR-01
B-02237,SETUP-01|SUPPORT-01
B-02238,DOCK-01|LAPTOP-01|LAPTOP-02|MONITOR-01
B-02239,CABLE-01|DOCK-01|MONITOR-01|SERVER-01
B-02240,LAPTOP-01|MOUSE-01|WARRANTY-01
B-02241,CABLE-01|LAPTOP-01|MONITOR-01
B-02242,CABLE-01|DOCK-01|MONITOR-01
B-02243,CLOUD-01|INSTALL-01|SERVER-01
B-02244,SETUP-01|SUPPORT-01
B-02245,CABLE-01|MONITOR-01|SUPPORT-01
B-02246,INSTALL-01|SERVER-01|SUPPORT-01|WARRANTY-01
B-02247,CABLE-01|DOCK-01|LAPTOP-01|MOUSE-01|WARRANTY-01
B-02248,CABLE-01|DOCK-01|LAPTOP-01|MOUSE-01|WARRANTY-01
B-02249,SETUP-01|TRAINING-01
B-02250,LAPTOP-02|SERVER-01
B-02251,DOCK-01|LAPTOP-01|LAPTOP-02|MOUSE-01|WARRANTY-01
B-02252,RACK-01|SERVER-01|SUPPORT-01
B-02253,CABLE-01|LAPTOP-01|MOUSE-01|WARRANTY-01
B-02254,SETUP-01
B-02255,DOCK-01|LAPTOP-02
B-02256,LAPTOP-01|MOUSE-01
B-02257,SETUP-01
B-02258,DOCK-01|LAPTOP-01|LAPTOP-02|MOUSE-01|WARRANTY-01
B-02259,CABLE-01|DOCK-01|LAPTOP-01|MOUSE-01
B-02260,CABLE-01|INSTALL-01|LAPTOP-01|MONITOR-01|RACK-01|SERVER-01
B-02261,SETUP-01|TRAINING-01
B-02262,SETUP-01|TRAINING-01
B-02263,CABLE-01|MONITOR-01
B-02264,CABLE-01|DOCK-01|LAPTOP-01|MONITOR-01|SETUP-01
B-02265,INSTALL-01|SERVER-01|SUPPORT-01
B-02266,CABLE-01|DOCK-01|LAPTOP-01|MOUSE-01|SETUP-01
B-02267,CABLE-01|DOCK-01|MONITOR-01
B-02268,LAPTOP-02|SETUP-01
B-02269,RACK-01|SETUP-01
B-02270,LAPTOP-01|MONITOR-01|MOUSE-01
B-02271,SETUP-01
B-02272,DOCK-01|MONITOR-01
B-02273,LAPTOP-01|MOUSE-01|SETUP-01|WARRANTY-01
B-02274,CABLE-01|MONITOR-01
B-02275,SETUP-01|SUPPORT-01
B-02276,SETUP-01
B-02277,LAPTOP-01|MOUSE-01|WARRANTY-01
B-02278,DOCK-01|LAPTOP-01|MONITOR-01
B-02279,SETUP-01
B-02280,SETUP-01
B-02281,CLOUD-01|RACK-01|SERVER-01|SUPPORT-01
B-02282,RACK-01|SERVER-01
B-02283,DOCK-01|LAPTOP-02
B-02284,CABLE-01|LAPTOP-01|MONITOR-01|MOUSE-01
B-02285,SETUP-01
B-02286,DOCK-01|LAPTOP-02|MONITOR-01|WARRANTY-01
B-02287,DOCK-01|LAPTOP-01|MOUSE-01|WARRANTY-01
B-02288,LAPTOP-01
B-02289,LAPTOP-02|WARRANTY-01
B-02290,CABLE-01|MONITOR-01
B-02291,INSTALL-01|SERVER-01|SUPPORT-01
B-02292,LAPTOP-01|WARRANTY-01
B-02293,DOCK-01|LAPTOP-02|MONITOR-01
B-02294,CLOUD-01|SETUP-01|SUPPORT-01|TRAINING-01
B-02295,RACK-01|SERVER-01|SUPPORT-01
B-02296,SETUP-01
B-02297,SETUP-01|TRAINING-01
B-02298,DOCK-01|LAPTOP-01|MONITOR-01|SETUP-01
B-02299,CABLE-01|MONITOR-01
B-02300,DOCK-01|LAPTOP-01|LAPTOP-02|TRAINING-01
B-02301,INSTALL-01|MONITOR-01|RACK-01|SERVER-01|SETUP-01
B-02302,SETUP-01
B-02303,CLOUD-01|INSTALL-01|RACK-01|SERVER-01|SUPPORT-01
B-02304,CABLE-01|MONITOR-01
B-02305,DOCK-01|LAPTOP-02
B-02306,SETUP-01
B-02307,CABLE-01|MONITOR-01|RACK-01
B-02308,RACK-01|SERVER-01|SUPPORT-01
B-02309,DOCK-01|LAPTOP-02|MONITOR-01|WARRANTY-01
B-02310,CABLE-01|MONITOR-01
B-02311,DOCK-01|LAPTOP-01|LAPTOP-02
B-02312,LAPTOP-01|MOUSE-01|SUPPORT-01|WARRANTY-01
B-02313,CLOUD-01|INSTALL-01|RACK-01|SERVER-01|SETUP-01|SUPPORT-01
B-02314,SETUP-01
B-02315,CABLE-01|DOCK-01|LAPTOP-01
B-02316,DOCK-01|LAPTOP-02|WARRANTY-01
B-02317,SETUP-01|TRAINING-01
B-02318,SETUP-01
B-02319,DOCK-01|LAPTOP-01|MOUSE-01|WARRANTY-01
B-02320,CABLE-01|DOCK-01|MONITOR-01|SERVER-01|SETUP-01|SUPPORT-01
B-02321,DOCK-01|LAPTOP-02|WARRANTY-01
B-02322,CLOUD-01|LAPTOP-01|MOUSE-01|SETUP-01
B-02323,CABLE-01|MONITOR-01
B-02324,LAPTOP-01|SETUP-01|WARRANTY-01
B-02325,DOCK-01|LAPTOP-02|WARRANTY-01
B-02326,DOCK-01|LAPTOP-02|SERVER-01
B-02327,CABLE-01|LAPTOP-01|MOUSE-01|SETUP-01|TRAINING-01
B-02328,LAPTOP-02|MONITOR-01|SETUP-01|TRAINING-01
B-02329,INSTALL-01|LAPTOP-02|MONITOR-01|RACK-01|SERVER-01|SUPPORT-01
B-02330,LAPTOP-01|MOUSE-01|SETUP-01|TRAINING-01
B-02331,DOCK-01|LAPTOP-01|MOUSE-01|SETUP-01|WARRANTY-01
B-02332,CABLE-01|MONITOR-01|SETUP-01
B-02333,CABLE-01|SETUP-01|TRAINING-01
B-02334,CABLE-01|DOCK-01|LAPTOP-01|LAPTOP-02|MOUSE-01
B-02335,CABLE-01|MONITOR-01
B-02336,LAPTOP-01|MOUSE-01
B-02337,LAPTOP-01|MONITOR-01
B-02338,CABLE-01|LAPTOP-01
B-02339,MONITOR-01
B-02340,DOCK-01|LAPTOP-02|WARRANTY-01
B-02341,SETUP-01
B-02342,LAPTOP-02|MONITOR-01
B-02343,CABLE-01|MONITOR-01
B-02344,INSTALL-01|SERVER-01
B-02345,SETUP-01|SUPPORT-01
B-02346,DOCK-01|LAPTOP-01|MOUSE-01|WARRANTY-01
B-02347,DOCK-01|LAPTOP-01|SETUP-01
B-02348,DOCK-01|LAPTOP-02|MONITOR-01|WARRANTY-01
B-02349,MONITOR-01
B-02350,DOCK-01|LAPTOP-01|MOUSE-01|SETUP-01
B-02351,SETUP-01
B-02352,LAPTOP-02|WARRANTY-01
B-02353,CLOUD-01|LAPTOP-01|MOUSE-01|SERVER-01
B-02354,CABLE-01|MONITOR-01
B-02355,LAPTOP-02|TRAINING-01|WARRANTY-01
B-02356,INSTALL-01|RACK-01|SERVER-01|SUPPORT-01
B-02357,CABLE-01|CLOUD-01|RACK-01|SERVER-01
B-02358,RACK-01|SETUP-01|TRAINING-01
B-02359,CABLE-01|DOCK-01|LAPTOP-01|MOUSE-01
B-02360,CABLE-01|DOCK-01|MONITOR-01
B-02361,DOCK-01|LAPTOP-01|MOUSE-01|WARRANTY-01
B-02362,LAPTOP-02|MONITOR-01|WARRANTY-01
B-02363,SETUP-01|TRAINING-01
B-02364,CABLE-01|INSTALL-01|LAPTOP-01|RACK-01|SERVER-01|SUPPORT-01
B-02365,CABLE-01|DOCK-01|MONITOR-01
B-02366,SETUP-01
B-02367,LAPTOP-01|MOUSE-01
B-02368,DOCK-01|LAPTOP-02
B-02369,DOCK-01|LAPTOP-01|MOUSE-01|SETUP-01
B-02370,LAPTOP-02|MONITOR-01
B-02371,DOCK-01|LAPTOP-02
B-02372,LAPTOP-02|MONITOR-01|WARRANTY-01
B-02373,LAPTOP-02|WARRANTY-01
B-02374,INSTALL-01|RACK-01|SERVER-01|SUPPORT-01
B-02375,DOCK-01|LAPTOP-01|MOUSE-01|WARRANTY-01
B-02376,LAPTOP-01|SETUP-01
B-02377,SETUP-01|TRAINING-01
B-02378,DOCK-01|LAPTOP-02|MONITOR-01|WARRANTY-01
B-02379,LAPTOP-01|WARRANTY-01
B-02380,CABLE-01|MONITOR-01|SETUP-01|TRAINING-01
B-02381,RACK-01|SERVER-01
B-02382,LAPTOP-02|TRAINING-01|WARRANTY-01
B-02383,MONITOR-01|WARRANTY-01
B-02384,DOCK-01|LAPTOP-01|WARRANTY-01
B-02385,SETUP-01
B-02386,CABLE-01|CLOUD-01|DOCK-01|INSTALL-01|MONITOR-01|RACK-01|SERVER-01|WARRANTY-01
B-02387,CLOUD-01|INSTALL-01|SERVER-01|SUPPORT-01
B-02388,MONITOR-01
B-02389,SETUP-01
B-02390,DOCK-01|LAPTOP-02|MONITOR-01|WARRANTY-01
B-02391,DOCK-01|LAPTOP-02|MONITOR-01|RACK-01|WARRANTY-01
B-02392,INSTALL-01|RACK-01|SERVER-01|SUPPORT-01|TRAINING-01
B-02393,SETUP-01|SUPPORT-01
B-02394,CABLE-01|DOCK-01|INSTALL-01|LAPTOP-01|MOUSE-01|RACK-01|SERVER-01|SETUP-01|WARRANTY-01
B-02395,SETUP-01|TRAINING-01
B-02396,DOCK-01|INSTALL-01|LAPTOP-01|MOUSE-01|SETUP-01
B-02397,RACK-01|SERVER-01|SETUP-01|TRAINING-01
B-02398,RACK-01|SERVER-01|SUPPORT-01
B-02399,CABLE-01|MONITOR-01
B-02400,DOCK-01|LAPTOP-01|MOUSE-01
B-02401,CLOUD-01|RACK-01|SERVER-01
B-02402,LAPTOP-02|WARRANTY-01
B-02403,CABLE-01|DOCK-01|MONITOR-01
B-02404,CABLE-01|MONITOR-01
B-02405,SETUP-01
B-02406,CLOUD-01|INSTALL-01|RACK-01|SERVER-01|SUPPORT-01
B-02407,DOCK-01|LAPTOP-02|MONITOR-01
B-02408,SETUP-01|SUPPORT-01
B-02409,INSTALL-01|SERVER-01|SETUP-01
B-02410,INSTALL-01|RACK-01|SERVER-01|SUPPORT-01
B-02411,LAPTOP-01|MOUSE-01
B-02412,RACK-01|SERVER-01
B-02413,SETUP-01
B-02414,INSTALL-01|LAPTOP-01|RACK-01|SERVER-01
B-02415,DOCK-01|INSTALL-01|LAPTOP-01|MOUSE-01|SERVER-01|SETUP-01|WARRANTY-01
B-02416,CLOUD-01|SERVER-01|SUPPORT-01
B-02417,DOCK-01|LAPTOP-02|TRAINING-01
B-02418,CABLE-01|DOCK-01|MONITOR-01|SETUP-01|SUPPORT-01
B-02419,SETUP-01|TRAINING-01
B-02420,INSTALL-01|RACK-01|SERVER-01|SUPPORT-01
B-02421,CLOUD-01|INSTALL-01|LAPTOP-01|SERVER-01|WARRANTY-01
B-02422,SETUP-01
B-02423,MONITOR-01
B-02424,SETUP-01
B-02425,DOCK-01|LAPTOP-02
B-02426,SETUP-01
B-02427,INSTALL-01|RACK-01|SERVER-01
B-02428,CABLE-01|DOCK-01|LAPTOP-02|MONITOR-01|TRAINING-01
B-02429,DOCK-01|INSTALL-01|LAPTOP-01|WARRANTY-01
B-02430,MONITOR-01
B-02431,INSTALL-01|RACK-01|SERVER-01|SUPPORT-01
B-02432,DOCK-01|MONITOR-01
B-02433,LAPTOP-02|SERVER-01|SETUP-01
B-02434,SETUP-01
B-02435,MONITOR-01
B-02436,DOCK-01|LAPTOP-01|SETUP-01
B-02437,CABLE-01|MONITOR-01
B-02438,CABLE-01|DOCK-01|MONITOR-01
B-02439,LAPTOP-02|MONITOR-01
B-02440,CABLE-01|DOCK-01|LAPTOP-01|MONITOR-01
B-02441,LAPTOP-02|MONITOR-01|WARRANTY-01
B-02442,CABLE-01|DOCK-01|MONITOR-01|SERVER-01|SUPPORT-01
B-02443,CABLE-01|MONITOR-01
B-02444,SETUP-01|SUPPORT-01
B-02445,CABLE-01|DOCK-01|MONITOR-01
B-02446,RACK-01|SERVER-01|SUPPORT-01
B-02447,SERVER-01|SUPPORT-01
B-02448,MONITOR-01
B-02449,LAPTOP-02|SETUP-01|SUPPORT-01
B-02450,LAPTOP-01|MOUSE-01|WARRANTY-01
B-02451,CLOUD-01|INSTALL-01|SERVER-01
B-02452,SETUP-01|TRAINING-01
B-02453,SETUP-01
B-02454,DOCK-01|LAPTOP-02|MONITOR-01
B-02455,MONITOR-01
B-02456,SETUP-01|TRAINING-01
B-02457,SERVER-01|SETUP-01
B-02458,LAPTOP-01|MOUSE-01|WARRANTY-01
B-02459,DOCK-01|LAPTOP-01|MONITOR-01|MOUSE-01
B-02460,INSTALL-01|MONITOR-01|SERVER-01
B-02461,DOCK-01|MONITOR-01
B-02462,DOCK-01|LAPTOP-01|LAPTOP-02|MONITOR-01|MOUSE-01|WARRANTY-01
B-02463,INSTALL-01|MONITOR-01|SERVER-01|SUPPORT-01
B-02464,DOCK-01|LAPTOP-01|MOUSE-01
B-02465,SETUP-01|SUPPORT-01
B-02466,CABLE-01|DOCK-01|LAPTOP-01|MOUSE-01|WARRANTY-01
B-02467,CABLE-01|MONITOR-01
B-02468,DOCK-01|LAPTOP-02|RACK-01|SERVER-01|WARRANTY-01
B-02469,CLOUD-01|INSTALL-01|SERVER-01
B-02470,INSTALL-01|RACK-01|SERVER-01
B-02471,DOCK-01|LAPTOP-01|MOUSE-01
B-02472,CLOUD-01|INSTALL-01|RACK-01|SERVER-01|SUPPORT-01
B-02473,LAPTOP-01|MOUSE-01
B-02474,CABLE-01|LAPTOP-01|MOUSE-01|WARRANTY-01
B-02475,LAPTOP-02|WARRANTY-01
B-02476,LAPTOP-02
B-02477,INSTALL-01|RACK-01|SERVER-01|SUPPORT-01
B-02478,DOCK-01|LAPTOP-01|LAPTOP-02|WARRANTY-01
B-02479,CLOUD-01|INSTALL-01|RACK-01|SERVER-01|WARRANTY-01
B-02480,LAPTOP-01|MOUSE-01|WARRANTY-01
B-02481,LAPTOP-01|MOUSE-01|SETUP-01
B-02482,LAPTOP-01|SETUP-01|TRAINING-01
B-02483,SETUP-01
B-02484,DOCK-01|LAPTOP-02|SETUP-01|WARRANTY-01
B-02485,LAPTOP-02|MONITOR-01|TRAINING-01|WARRANTY-01
B-02486,SETUP-01
B-02487,SERVER-01
B-02488,SETUP-01
B-02489,DOCK-01|LAPTOP-01|SETUP-01
B-02490,LAPTOP-02
B-02491,CABLE-01|MONITOR-01
B-02492,SETUP-01|SUPPORT-01
B-02493,CABLE-01|MONITOR-01|WARRANTY-01
B-02494,DOCK-01|LAPTOP-02|SETUP-01
B-02495,INSTALL-01|RACK-01|SERVER-01
B-02496,SETUP-01|SUPPORT-01
B-02497,CABLE-01|MONITOR-01|SETUP-01
B-02498,DOCK-01|LAPTOP-01|MOUSE-01|WARRANTY-01
B-02499,CABLE-01|LAPTOP-01|MOUSE-01
B-02500,DOCK-01|LAPTOP-02
B-02501,RACK-01|SERVER-01|SUPPORT-01
B-02502,INSTALL-01|RACK-01|SERVER-01
B-02503,CLOUD-01|INSTALL-01|RACK-01|SERVER-01|SUPPORT-01
B-02504,INSTALL-01|RACK-01|SERVER-01|SUPPORT-01
B-02505,CABLE-01|MONITOR-01|SERVER-01
B-02506,LAPTOP-02|TRAINING-01
B-02507,CABLE-01|CLOUD-01|MONITOR-01
B-02508,DOCK-01|LAPTOP-01|MOUSE-01
B-02509,SETUP-01|TRAINING-01
B-02510,DOCK-01|LAPTOP-01|MOUSE-01
B-02511,DOCK-01|LAPTOP-02|MONITOR-01|WARRANTY-01
B-02512,DOCK-01|LAPTOP-02|MONITOR-01
B-02513,DOCK-01|LAPTOP-02|TRAINING-01
B-02514,SETUP-01|SUPPORT-01
B-02515,CABLE-01|DOCK-01|LAPTOP-01|LAPTOP-02|MONITOR-01|MOUSE-01|WARRANTY-01
B-02516,MONITOR-01
B-02517,LAPTOP-02|MONITOR-01
B-02518,LAPTOP-02|RACK-01|SERVER-01|SUPPORT-01|WARRANTY-01
B-02519,SETUP-01
B-02520,INSTALL-01|RACK-01|SERVER-01|SUPPORT-01
B-02521,SETUP-01|SUPPORT-01|TRAINING-01
B-02522,DOCK-01|LAPTOP-02|WARRANTY-01
B-02523,DOCK-01|LAPTOP-02|TRAINING-01
B-02524,CABLE-01|MONITOR-01
B-02525,CABLE-01|DOCK-01|MONITOR-01
B-02526,SETUP-01
B-02527,CABLE-01|DOCK-01|LAPTOP-02|MONITOR-01
B-02528,LAPTOP-02
B-02529,CABLE-01|LAPTOP-01|WARRANTY-01
B-02530,MONITOR-01
B-02531,SERVER-01|SETUP-01
B-02532,MONITOR-01|SETUP-01|TRAINING-01
B-02533,SETUP-01|TRAINING-01
B-02534,LAPTOP-02|MONITOR-01
B-02535,CLOUD-01|INSTALL-01|SERVER-01|SUPPORT-01
B-02536,CLOUD-01|SERVER-01|SETUP-01|SUPPORT-01|TRAINING-01
B-02537,DOCK-01|LAPTOP-02|SUPPORT-01
B-02538,CABLE-01|MONITOR-01
B-02539,MONITOR-01|SETUP-01|SUPPORT-01
B-02540,LAPTOP-01|MOUSE-01|SETUP-01|WARRANTY-01
B-02541,DOCK-01|LAPTOP-02|WARRANTY-01
B-02542,CABLE-01|DOCK-01|LAPTOP-01|MOUSE-01|SETUP-01|SUPPORT-01
B-02543,CABLE-01|MONITOR-01
B-02544,CLOUD-01|INSTALL-01|SERVER-01|SUPPORT-01
B-02545,CABLE-01|MONITOR-01
B-02546,RACK-01|SERVER-01|SETUP-01|SUPPORT-01
B-02547,DOCK-01|LAPTOP-02|MONITOR-01|TRAINING-01
B-02548,DOCK-01|MONITOR-01
B-02549,SETUP-01
B-02550,DOCK-01|LAPTOP-01|LAPTOP-02
B-02551,MONITOR-01
B-02552,RACK-01|SERVER-01|WARRANTY-01
B-02553,CLOUD-01|INSTALL-01|SERVER-01
B-02554,DOCK-01|LAPTOP-02|RACK-01|WARRANTY-01
B-02555,DOCK-01|LAPTOP-02|WARRANTY-01
B-02556,LAPTOP-02|SETUP-01
B-02557,CABLE-01|DOCK-01|LAPTOP-02|MONITOR-01
B-02558,CABLE-01|DOCK-01|MONITOR-01
B-02559,DOCK-01|LAPTOP-01|LAPTOP-02|MONITOR-01|WARRANTY-01
B-02560,CABLE-01|LAPTOP-01|WARRANTY-01
B-02561,DOCK-01|LAPTOP-02|MONITOR-01
B-02562,RACK-01|SERVER-01|SUPPORT-01
B-02563,CLOUD-01|INSTALL-01|LAPTOP-01|RACK-01|SERVER-01|SUPPORT-01|TRAINING-01
B-02564,MONITOR-01
B-02565,SERVER-01
B-02566,DOCK-01|LAPTOP-01
B-02567,CABLE-01|LAPTOP-01|MONITOR-01
B-02568,INSTALL-01|LAPTOP-02|RACK-01|SERVER-01
B-02569,SETUP-01
B-02570,SETUP-01
B-02571,CABLE-01|DOCK-01|MONITOR-01
B-02572,LAPTOP-01|WARRANTY-01
B-02573,DOCK-01|LAPTOP-01|MOUSE-01
B-02574,CLOUD-01|INSTALL-01|SERVER-01|SETUP-01|SUPPORT-01|TRAINING-01
B-02575,DOCK-01|LAPTOP-02
B-02576,MONITOR-01
B-02577,CABLE-01|DOCK-01|LAPTOP-01|MOUSE-01|WARRANTY-01
B-02578,INSTALL-01|SERVER-01|SUPPORT-01|TRAINING-01
B-02579,CLOUD-01|INSTALL-01|SERVER-01|SUPPORT-01
B-02580,INSTALL-01|RACK-01|SERVER-01
B-02581,DOCK-01|LAPTOP-01|WARRANTY-01
B-02582,DOCK-01|LAPTOP-02|TRAINING-01|WARRANTY-01
B-02583,LAPTOP-02|MONITOR-01|TRAINING-01|WARRANTY-01
B-02584,SETUP-01
B-02585,SETUP-01|SUPPORT-01
B-02586,CLOUD-01|RACK-01|SERVER-01|SUPPORT-01
B-02587,SETUP-01|SUPPORT-01
B-02588,CLOUD-01|SERVER-01|SETUP-01|SUPPORT-01
B-02589,LAPTOP-01|MOUSE-01|WARRANTY-01
B-02590,DOCK-01|LAPTOP-01|LAPTOP-02|MOUSE-01|WARRANTY-01
B-02591,DOCK-01|LAPTOP-01|MOUSE-01|SETUP-01|WARRANTY-01
B-02592,LAPTOP-02
B-02593,CABLE-01|MONITOR-01
B-02594,DOCK-01|MONITOR-01
B-02595,CABLE-01|DOCK-01|LAPTOP-01|MOUSE-01|SETUP-01|SUPPORT-01
B-02596,CABLE-01|DOCK-01|MONITOR-01
B-02597,MONITOR-01
B-02598,CABLE-01|LAPTOP-01|MOUSE-01
B-02599,SETUP-01|SUPPORT-01
B-02600,RACK-01|SERVER-01
B-02601,INSTALL-01|LAPTOP-02|MONITOR-01
B-02602,CLOUD-01|INSTALL-01|RACK-01|SERVER-01|SETUP-01|SUPPORT-01
B-02603,CABLE-01|LAPTOP-01|MOUSE-01|SETUP-01
B-02604,DOCK-01|INSTALL-01|RACK-01|SERVER-01|SUPPORT-01
B-02605,DOCK-01|LAPTOP-02|MONITOR-01
B-02606,SETUP-01|SUPPORT-01
B-02607,DOCK-01|LAPTOP-01|MOUSE-01
B-02608,CABLE-01|DOCK-01|LAPTOP-01|MOUSE-01|SETUP-01|SUPPORT-01|WARRANTY-01
B-02609,CLOUD-01|DOCK-01|INSTALL-01|MONITOR-01|SERVER-01
B-02610,CABLE-01|DOCK-01|LAPTOP-01
B-02611,INSTALL-01|LAPTOP-02|SERVER-01
B-02612,DOCK-01|LAPTOP-02|MONITOR-01|WARRANTY-01
B-02613,DOCK-01|LAPTOP-01|WARRANTY-01
B-02614,MONITOR-01|WARRANTY-01
B-02615,CABLE-01|INSTALL-01|MONITOR-01
B-02616,MONITOR-01|WARRANTY-01
B-02617,LAPTOP-01|MOUSE-01|SETUP-01|SUPPORT-01|WARRANTY-01
B-02618,CLOUD-01|SERVER-01|SUPPORT-01|TRAINING-01
B-02619,MONITOR-01
B-02620,RACK-01|SETUP-01
B-02621,MONITOR-01
B-02622,MONITOR-01|SETUP-01|SUPPORT-01
B-02623,LAPTOP-01|MOUSE-01|SETUP-01|WARRANTY-01
B-02624,INSTALL-01|RACK-01|SERVER-01|SUPPORT-01
B-02625,SETUP-01|SUPPORT-01
B-02626,DOCK-01|LAPTOP-01|MOUSE-01|SETUP-01
B-02627,CABLE-01|MONITOR-01
B-02628,DOCK-01|LAPTOP-01|WARRANTY-01
B-02629,CABLE-01|LAPTOP-01|MOUSE-01
B-02630,DOCK-01|LAPTOP-02|WARRANTY-01
B-02631,SETUP-01|TRAINING-01
B-02632,DOCK-01|LAPTOP-02|MONITOR-01
B-02633,CLOUD-01|DOCK-01|LAPTOP-01|MOUSE-01|SERVER-01|SETUP-01
B-02634,DOCK-01|LAPTOP-01|MOUSE-01
B-02635,CABLE-01|MONITOR-01
B-02636,DOCK-01|INSTALL-01|LAPTOP-02|SERVER-01|SUPPORT-01
B-02637,INSTALL-01|RACK-01|SERVER-01|WARRANTY-01
B-02638,CABLE-01|MONITOR-01
B-02639,DOCK-01|LAPTOP-02|MONITOR-01|TRAINING-01
B-02640,DOCK-01|LAPTOP-02|TRAINING-01
B-02641,INSTALL-01|RACK-01|SERVER-01
B-02642,LAPTOP-01|MOUSE-01
B-02643,INSTALL-01|SERVER-01
B-02644,CABLE-01|DOCK-01|MONITOR-01|SETUP-01
B-02645,CABLE-01|MONITOR-01
B-02646,INSTALL-01|RACK-01|SERVER-01
B-02647,CABLE-01|MONITOR-01
B-02648,CABLE-01|DOCK-01|LAPTOP-01|MONITOR-01|MOUSE-01|SETUP-01|WARRANTY-01
B-02649,INSTALL-01|RACK-01|SERVER-01
B-02650,MONITOR-01|SETUP-01|TRAINING-01
B-02651,CABLE-01|DOCK-01|MONITOR-01|RACK-01|SERVER-01
B-02652,LAPTOP-02|MONITOR-01|SETUP-01
B-02653,DOCK-01|LAPTOP-01|MOUSE-01
B-02654,DOCK-01|LAPTOP-02|SETUP-01
B-02655,LAPTOP-02|MONITOR-01|SETUP-01
B-02656,CABLE-01|MONITOR-01
B-02657,CLOUD-01|RACK-01|SERVER-01|SUPPORT-01
B-02658,CABLE-01|SERVER-01|SETUP-01|TRAINING-01
B-02659,CABLE-01|LAPTOP-01|MOUSE-01|WARRANTY-01
B-02660,DOCK-01|LAPTOP-02
B-02661,CABLE-01|DOCK-01|LAPTOP-01|MONITOR-01|MOUSE-01|SETUP-01
B-02662,CLOUD-01|INSTALL-01|RACK-01|SERVER-01|SETUP-01
B-02663,MONITOR-01|SETUP-01
B-02664,DOCK-01|LAPTOP-02|TRAINING-01|WARRANTY-01
B-02665,CLOUD-01|INSTALL-01|RACK-01|SERVER-01|SUPPORT-01
B-02666,LAPTOP-01|MOUSE-01|WARRANTY-01
B-02667,INSTALL-01|RACK-01|SERVER-01
B-02668,CABLE-01|MONITOR-01
B-02669,DOCK-01|LAPTOP-01|WARRANTY-01
B-02670,LAPTOP-01|MOUSE-01|WARRANTY-01
B-02671,LAPTOP-01|MONITOR-01
B-02672,SETUP-01|TRAINING-01
B-02673,MONITOR-01
B-02674,CABLE-01|DOCK-01|LAPTOP-01|MOUSE-01|TRAINING-01
B-02675,MONITOR-01
B-02676,CABLE-01|LAPTOP-01|SETUP-01|WARRANTY-01
B-02677,DOCK-01|MONITOR-01
B-02678,MONITOR-01
B-02679,CLOUD-01|INSTALL-01|SERVER-01|SUPPORT-01
B-02680,SERVER-01|SUPPORT-01
B-02681,DOCK-01|LAPTOP-01|MOUSE-01|SETUP-01|SUPPORT-01|WARRANTY-01
B-02682,LAPTOP-02|MONITOR-01|WARRANTY-01
B-02683,DOCK-01|LAPTOP-01|MOUSE-01|SETUP-01|WARRANTY-01
B-02684,LAPTOP-01|MOUSE-01|WARRANTY-01
B-02685,INSTALL-01|RACK-01|SERVER-01|SETUP-01|SUPPORT-01
B-02686,SETUP-01|TRAINING-01
B-02687,SETUP-01|SUPPORT-01
B-02688,DOCK-01|MONITOR-01|RACK-01
B-02689,CLOUD-01|DOCK-01|LAPTOP-01|MOUSE-01|SETUP-01
B-02690,SETUP-01|TRAINING-01
B-02691,CABLE-01|DOCK-01|MONITOR-01
B-02692,CLOUD-01|INSTALL-01|SERVER-01|SUPPORT-01
B-02693,CABLE-01|CLOUD-01|DOCK-01|LAPTOP-01|MOUSE-01
B-02694,CABLE-01|MONITOR-01
B-02695,CABLE-01|DOCK-01|LAPTOP-02|MONITOR-01
B-02696,MONITOR-01
B-02697,MONITOR-01
B-02698,SETUP-01
B-02699,CABLE-01|DOCK-01|LAPTOP-01|MOUSE-01|SETUP-01|WARRANTY-01
B-02700,CLOUD-01|RACK-01|SERVER-01
B-02701,INSTALL-01|RACK-01|SERVER-01
B-02702,CLOUD-01|RACK-01|SERVER-01
B-02703,DOCK-01|LAPTOP-01|MOUSE-01|WARRANTY-01
B-02704,CABLE-01|LAPTOP-01|SUPPORT-01|WARRANTY-01
B-02705,CLOUD-01|INSTALL-01|RACK-01|SERVER-01|SUPPORT-01
B-02706,CABLE-01|LAPTOP-01|MOUSE-01
B-02707,DOCK-01|LAPTOP-02|SETUP-01|TRAINING-01|WARRANTY-01
B-02708,LAPTOP-01|MOUSE-01|SETUP-01|WARRANTY-01
B-02709,LAPTOP-01|SETUP-01|TRAINING-01
B-02710,LAPTOP-02|MONITOR-01|WARRANTY-01
B-02711,LAPTOP-02
B-02712,DOCK-01|LAPTOP-02|MONITOR-01
B-02713,CABLE-01|DOCK-01|LAPTOP-01|MOUSE-01|WARRANTY-01
B-02714,CABLE-01|MONITOR-01
B-02715,CABLE-01|MONITOR-01
B-02716,INSTALL-01|RACK-01|SERVER-01
B-02717,LAPTOP-02
B-02718,DOCK-01|LAPTOP-02|MONITOR-01|WARRANTY-01
B-02719,SERVER-01|SETUP-01|SUPPORT-01
B-02720,DOCK-01|INSTALL-01|LAPTOP-02|RACK-01|SERVER-01|SUPPORT-01|WARRANTY-01
B-02721,CABLE-01|MONITOR-01
B-02722,CABLE-01|DOCK-01|LAPTOP-02|MONITOR-01|WARRANTY-01
B-02723,CABLE-01|MONITOR-01
B-02724,MONITOR-01
B-02725,DOCK-01|MONITOR-01
B-02726,RACK-01|SERVER-01|SUPPORT-01
B-02727,CABLE-01|MONITOR-01
B-02728,DOCK-01|LAPTOP-01|MOUSE-01
B-02729,SETUP-01
B-02730,SETUP-01
B-02731,MONITOR-01
B-02732,DOCK-01|LAPTOP-02|MONITOR-01|TRAINING-01
B-02733,CABLE-01|CLOUD-01|LAPTOP-01|MONITOR-01|SERVER-01
B-02734,DOCK-01|LAPTOP-01|SETUP-01
B-02735,DOCK-01|LAPTOP-01|MOUSE-01|WARRANTY-01
B-02736,INSTALL-01|RACK-01|SERVER-01
B-02737,CABLE-01|DOCK-01|LAPTOP-02|MONITOR-01|WARRANTY-01
B-02738,DOCK-01|MONITOR-01
B-02739,LAPTOP-01|SETUP-01
B-02740,DOCK-01|LAPTOP-02|WARRANTY-01
B-02741,SETUP-01|SUPPORT-01
B-02742,LAPTOP-02|SETUP-01|SUPPORT-01|WARRANTY-01
B-02743,DOCK-01|MONITOR-01
B-02744,CLOUD-01|INSTALL-01|RACK-01|SERVER-01|SUPPORT-01
B-02745,SETUP-01
B-02746,MOUSE-01|SETUP-01
B-02747,MOUSE-01|SETUP-01
B-02748,LAPTOP-01|MOUSE-01
B-02749,CLOUD-01|DOCK-01|LAPTOP-02|SERVER-01|TRAINING-01|WARRANTY-01
B-02750,DOCK-01|LAPTOP-02|TRAINING-01
B-02751,CABLE-01|SETUP-01|SUPPORT-01|TRAINING-01
B-02752,DOCK-01|LAPTOP-01|MOUSE-01|SERVER-01|SETUP-01|WARRANTY-01
B-02753,DOCK-01|MONITOR-01|RACK-01|SERVER-01
B-02754,SETUP-01|SUPPORT-01|TRAINING-01
B-02755,SETUP-01|SUPPORT-01
B-02756,DOCK-01|LAPTOP-02|TRAINING-01
B-02757,DOCK-01|LAPTOP-01|MOUSE-01|WARRANTY-01
B-02758,INSTALL-01|RACK-01|SERVER-01|SUPPORT-01
B-02759,INSTALL-01|RACK-01|SERVER-01|SUPPORT-01
B-02760,CABLE-01|INSTALL-01|LAPTOP-01|MOUSE-01
B-02761,SETUP-01
B-02762,SETUP-01|SUPPORT-01
B-02763,CABLE-01|INSTALL-01|MONITOR-01|SERVER-01|SUPPORT-01
B-02764,DOCK-01|LAPTOP-02|MONITOR-01|WARRANTY-01
B-02765,LAPTOP-02
B-02766,MONITOR-01
B-02767,MONITOR-01
B-02768,MONITOR-01
B-02769,CABLE-01|MONITOR-01
B-02770,INSTALL-01|SERVER-01
B-02771,DOCK-01|LAPTOP-02
B-02772,SETUP-01|TRAINING-01
B-02773,CABLE-01|MONITOR-01
B-02774,RACK-01|SERVER-01|SUPPORT-01
B-02775,CABLE-01|MONITOR-01
B-02776,CABLE-01|DOCK-01|MONITOR-01
B-02777,CLOUD-01|RACK-01|SERVER-01|SUPPORT-01
B-02778,LAPTOP-01|MOUSE-01|SETUP-01
B-02779,SETUP-01|SUPPORT-01
B-02780,INSTALL-01|RACK-01|SERVER-01
B-02781,CABLE-01|DOCK-01|LAPTOP-02|MONITOR-01|TRAINING-01
B-02782,LAPTOP-01|MOUSE-01|WARRANTY-01
B-02783,INSTALL-01|RACK-01|SERVER-01|SUPPORT-01
B-02784,MONITOR-01
B-02785,DOCK-01|MONITOR-01
B-02786,CABLE-01|LAPTOP-01
B-02787,SETUP-01
B-02788,CABLE-01|INSTALL-01|RACK-01|SERVER-01
B-02789,LAPTOP-02|TRAINING-01|WARRANTY-01
B-02790,CLOUD-01|SETUP-01
B-02791,DOCK-01|LAPTOP-01|MOUSE-01|WARRANTY-01
B-02792,DOCK-01|LAPTOP-02|MONITOR-01|WARRANTY-01
B-02793,MONITOR-01|SERVER-01
B-02794,CABLE-01|MONITOR-01|MOUSE-01
B-02795,SETUP-01
B-02796,DOCK-01|LAPTOP-02
B-02797,MONITOR-01
B-02798,LAPTOP-02|MONITOR-01|TRAINING-01
B-02799,CABLE-01|DOCK-01|MONITOR-01
B-02800,CLOUD-01|INSTALL-01|SERVER-01|SUPPORT-01
B-02801,INSTALL-01|MONITOR-01|SERVER-01|SUPPORT-01
B-02802,CABLE-01|MONITOR-01
B-02803,DOCK-01|LAPTOP-01|WARRANTY-01
B-02804,DOCK-01|MONITOR-01
B-02805,CABLE-01|MONITOR-01
B-02806,DOCK-01|LAPTOP-01|LAPTOP-02|MONITOR-01|WARRANTY-01
B-02807,CABLE-01|MONITOR-01
B-02808,CABLE-01|SETUP-01
B-02809,DOCK-01|INSTALL-01|RACK-01|SERVER-01|SUPPORT-01
B-02810,DOCK-01|LAPTOP-01|LAPTOP-02|WARRANTY-01
B-02811,LAPTOP-02|WARRANTY-01
B-02812,CLOUD-01|SERVER-01|WARRANTY-01
B-02813,RACK-01|SERVER-01|SUPPORT-01
B-02814,DOCK-01|LAPTOP-02|MONITOR-01
B-02815,CABLE-01|DOCK-01|INSTALL-01|MONITOR-01
B-02816,DOCK-01|LAPTOP-01|MONITOR-01|MOUSE-01|SETUP-01
B-02817,CLOUD-01|INSTALL-01|RACK-01|SERVER-01|SETUP-01|SUPPORT-01|TRAINING-01
B-02818,CABLE-01|MONITOR-01
B-02819,SETUP-01|TRAINING-01
B-02820,LAPTOP-02|WARRANTY-01
B-02821,LAPTOP-02|WARRANTY-01
B-02822,SETUP-01|SUPPORT-01|TRAINING-01
B-02823,SETUP-01|WARRANTY-01
B-02824,LAPTOP-02|WARRANTY-01
B-02825,MOUSE-01|SETUP-01|TRAINING-01
B-02826,DOCK-01|LAPTOP-01|MOUSE-01|SETUP-01|WARRANTY-01
B-02827,CABLE-01|DOCK-01|MONITOR-01|TRAINING-01
B-02828,SETUP-01
B-02829,INSTALL-01|LAPTOP-02|RACK-01|SERVER-01|TRAINING-01
B-02830,CLOUD-01|INSTALL-01|RACK-01|SERVER-01|SUPPORT-01|WARRANTY-01
B-02831,LAPTOP-02
B-02832,CLOUD-01|INSTALL-01|RACK-01|SERVER-01|SUPPORT-01
B-02833,INSTALL-01|RACK-01|SERVER-01|SUPPORT-01
B-02834,DOCK-01|LAPTOP-01
B-02835,DOCK-01|LAPTOP-01|MOUSE-01|WARRANTY-01
B-02836,INSTALL-01|RACK-01|SERVER-01|SUPPORT-01
B-02837,CABLE-01|MONITOR-01|SETUP-01|SUPPORT-01|TRAINING-01
B-02838,CABLE-01|LAPTOP-01|MOUSE-01|SETUP-01|SUPPORT-01|WARRANTY-01
B-02839,DOCK-01|LAPTOP-02|MONITOR-01
B-02840,CABLE-01|MONITOR-01
B-02841,SETUP-01
B-02842,DOCK-01|LAPTOP-01|MOUSE-01|WARRANTY-01
B-02843,MONITOR-01
B-02844,LAPTOP-02|SETUP-01
B-02845,DOCK-01|LAPTOP-02|WARRANTY-01
B-02846,DOCK-01|LAPTOP-02
B-02847,INSTALL-01|SERVER-01
B-02848,INSTALL-01|RACK-01|SERVER-01
B-02849,CABLE-01|DOCK-01|LAPTOP-01|SERVER-01|SETUP-01
B-02850,CLOUD-01|INSTALL-01|RACK-01|SERVER-01
B-02851,DOCK-01|LAPTOP-01|MOUSE-01|WARRANTY-01
B-02852,DOCK-01|LAPTOP-01|MOUSE-01|WARRANTY-01
B-02853,RACK-01|SERVER-01|SUPPORT-01
B-02854,SETUP-01|SUPPORT-01
B-02855,CABLE-01|DOCK-01|LAPTOP-01|SETUP-01
B-02856,DOCK-01|LAPTOP-02
B-02857,DOCK-01|LAPTOP-02|MONITOR-01|WARRANTY-01
B-02858,CLOUD-01|INSTALL-01|RACK-01|SERVER-01|SETUP-01
B-02859,CABLE-01|DOCK-01|LAPTOP-01|MOUSE-01
B-02860,LAPTOP-02|WARRANTY-01
B-02861,CABLE-01|MONITOR-01|SERVER-01
B-02862,MONITOR-01
B-02863,CABLE-01|MONITOR-01|SETUP-01
B-02864,DOCK-01|LAPTOP-01|WARRANTY-01
B-02865,MONITOR-01
B-02866,SETUP-01|SUPPORT-01
B-02867,DOCK-01|LAPTOP-01|MOUSE-01|RACK-01|SERVER-01|SUPPORT-01
B-02868,LAPTOP-01|MOUSE-01
B-02869,CABLE-01|DOCK-01|LAPTOP-01
B-02870,DOCK-01|MONITOR-01
B-02871,RACK-01|SERVER-01|SUPPORT-01
B-02872,DOCK-01|LAPTOP-01|MOUSE-01|WARRANTY-01
B-02873,DOCK-01|LAPTOP-02|WARRANTY-01
B-02874,SERVER-01
B-02875,LAPTOP-02|RACK-01|SERVER-01|SUPPORT-01
B-02876,DOCK-01|SETUP-01|SUPPORT-01|TRAINING-01
B-02877,DOCK-01|MONITOR-01
B-02878,DOCK-01|LAPTOP-01|MOUSE-01|WARRANTY-01
B-02879,INSTALL-01|RACK-01|SERVER-01|WARRANTY-01
B-02880,MONITOR-01
B-02881,INSTALL-01|RACK-01|SERVER-01
B-02882,CABLE-01|DOCK-01|MONITOR-01|SETUP-01
B-02883,RACK-01|SERVER-01
B-02884,DOCK-01|LAPTOP-02|MONITOR-01
B-02885,CABLE-01|MONITOR-01
B-02886,CLOUD-01|SERVER-01
B-02887,INSTALL-01|RACK-01|SERVER-01
B-02888,DOCK-01|LAPTOP-01|MOUSE-01
B-02889,CABLE-01|MONITOR-01
B-02890,CABLE-01|MONITOR-01
B-02891,SETUP-01|TRAINING-01
B-02892,SETUP-01|SUPPORT-01|TRAINING-01
B-02893,DOCK-01|LAPTOP-01|WARRANTY-01
B-02894,CABLE-01|MONITOR-01
B-02895,LAPTOP-02|SETUP-01
B-02896,CABLE-01|MONITOR-01|WARRANTY-01
B-02897,MONITOR-01
B-02898,SETUP-01|TRAINING-01
B-02899,SETUP-01|SUPPORT-01|TRAINING-01
B-02900,MONITOR-01
B-02901,SETUP-01
B-02902,CABLE-01|MONITOR-01
B-02903,DOCK-01|LAPTOP-02
B-02904,CABLE-01|MONITOR-01
B-02905,DOCK-01|LAPTOP-01|MONITOR-01
B-02906,DOCK-01|LAPTOP-01
B-02907,INSTALL-01|LAPTOP-02|RACK-01|SERVER-01|SUPPORT-01|TRAINING-01|WARRANTY-01
B-02908,LAPTOP-02|TRAINING-01|WARRANTY-01
B-02909,LAPTOP-01|MOUSE-01
B-02910,SETUP-01
B-02911,LAPTOP-01|MOUSE-01|WARRANTY-01
B-02912,SETUP-01
B-02913,CLOUD-01|INSTALL-01|SERVER-01
B-02914,CLOUD-01|INSTALL-01|RACK-01|SERVER-01
B-02915,CABLE-01|MONITOR-01
B-02916,LAPTOP-01|MOUSE-01|WARRANTY-01
B-02917,LAPTOP-02|TRAINING-01
B-02918,CABLE-01|DOCK-01|MONITOR-01
B-02919,CABLE-01|LAPTOP-01|MOUSE-01
B-02920,DOCK-01|LAPTOP-01|MOUSE-01|SETUP-01
B-02921,CABLE-01|MONITOR-01
B-02922,DOCK-01|LAPTOP-02|WARRANTY-01
B-02923,SETUP-01|TRAINING-01
B-02924,LAPTOP-01|MOUSE-01
B-02925,LAPTOP-02|MONITOR-01|SERVER-01|SUPPORT-01|TRAINING-01|WARRANTY-01
B-02926,CABLE-01|MONITOR-01
B-02927,LAPTOP-01|MOUSE-01
B-02928,CABLE-01|LAPTOP-01|MOUSE-01|SETUP-01|WARRANTY-01
B-02929,CABLE-01|DOCK-01|LAPTOP-01|MOUSE-01
B-02930,DOCK-01|LAPTOP-01|LAPTOP-02|MONITOR-01|MOUSE-01|WARRANTY-01
B-02931,DOCK-01|LAPTOP-02|TRAINING-01|WARRANTY-01
B-02932,DOCK-01|LAPTOP-01|LAPTOP-02|WARRANTY-01
B-02933,MONITOR-01
B-02934,DOCK-01|LAPTOP-01|WARRANTY-01
B-02935,SETUP-01|TRAINING-01
B-02936,LAPTOP-01
B-02937,SETUP-01|TRAINING-01
B-02938,SETUP-01
B-02939,DOCK-01|LAPTOP-02|WARRANTY-01
B-02940,CABLE-01|MONITOR-01
B-02941,CLOUD-01|RACK-01|SERVER-01
B-02942,CABLE-01|DOCK-01|MONITOR-01
B-02943,LAPTOP-02|TRAINING-01
B-02944,CABLE-01|DOCK-01|LAPTOP-01|MOUSE-01|SETUP-01|WARRANTY-01
B-02945,LAPTOP-02|SETUP-01
B-02946,RACK-01|SERVER-01
B-02947,LAPTOP-02|WARRANTY-01
B-02948,CABLE-01|DOCK-01|LAPTOP-01|LAPTOP-02|WARRANTY-01
B-02949,CABLE-01|DOCK-01|INSTALL-01|LAPTOP-01|WARRANTY-01
B-02950,RACK-01|SERVER-01|SUPPORT-01
B-02951,MONITOR-01
B-02952,LAPTOP-02|MONITOR-01
B-02953,SETUP-01
B-02954,CLOUD-01|INSTALL-01|SERVER-01|SETUP-01
B-02955,CABLE-01|MONITOR-01
B-02956,CABLE-01|MONITOR-01
B-02957,INSTALL-01|RACK-01|SERVER-01|SETUP-01
B-02958,SETUP-01
B-02959,CABLE-01|CLOUD-01|LAPTOP-01|MOUSE-01
B-02960,RACK-01|SERVER-01|SUPPORT-01
B-02961,INSTALL-01|RACK-01|SERVER-01|SUPPORT-01
B-02962,LAPTOP-02|MONITOR-01
B-02963,INSTALL-01|RACK-01|SERVER-01|SUPPORT-01
B-02964,DOCK-01|LAPTOP-02|TRAINING-01
B-02965,DOCK-01|LAPTOP-01|MOUSE-01|SETUP-01|WARRANTY-01
B-02966,CABLE-01|INSTALL-01|MONITOR-01
B-02967,SETUP-01|TRAINING-01
B-02968,DOCK-01|LAPTOP-02|MONITOR-01|SETUP-01
B-02969,DOCK-01|LAPTOP-02|MONITOR-01|WARRANTY-01
B-02970,DOCK-01|LAPTOP-01|MOUSE-01
B-02971,SETUP-01
B-02972,CABLE-01|DOCK-01|LAPTOP-01|MOUSE-01|SETUP-01
B-02973,INSTALL-01|SERVER-01
B-02974,DOCK-01|LAPTOP-02|MONITOR-01|WARRANTY-01
B-02975,DOCK-01|MONITOR-01|SETUP-01
B-02976,CABLE-01|SETUP-01|SUPPORT-01
B-02977,CABLE-01|LAPTOP-01|WARRANTY-01
B-02978,INSTALL-01|RACK-01|SERVER-01
B-02979,SETUP-01
B-02980,DOCK-01|SETUP-01|SUPPORT-01
B-02981,MONITOR-01
B-02982,CABLE-01|CLOUD-01|MONITOR-01|SERVER-01
B-02983,CABLE-01|LAPTOP-01|MONITOR-01|MOUSE-01|WARRANTY-01
B-02984,SETUP-01
B-02985,CABLE-01|MONITOR-01|WARRANTY-01
B-02986,LAPTOP-01|MOUSE-01|WARRANTY-01
B-02987,RACK-01|SERVER-01
B-02988,CABLE-01|DOCK-01|LAPTOP-01|MOUSE-01|WARRANTY-01
B-02989,INSTALL-01|RACK-01|SERVER-01|SUPPORT-01
B-02990,DOCK-01|MONITOR-01|RACK-01
B-02991,LAPTOP-01
B-02992,CLOUD-01|SERVER-01|SUPPORT-01
B-02993,RACK-01|SETUP-01|SUPPORT-01|TRAINING-01
B-02994,CABLE-01|DOCK-01|LAPTOP-01|SETUP-01
B-02995,CABLE-01|DOCK-01|LAPTOP-01|LAPTOP-02|MONITOR-01|MOUSE-01|WARRANTY-01
B-02996,CABLE-01|DOCK-01|MONITOR-01|RACK-01
B-02997,MONITOR-01
B-02998,DOCK-01|LAPTOP-02|MONITOR-01|WARRANTY-01
B-02999,CLOUD-01|RACK-01|SERVER-01
B-03000,INSTALL-01|RACK-01|SERVER-01|SUPPORT-01
